empresa_id,ra_id,mes_label,ano_mes,classificacao_ra,classificacao_ra_label,data_coleta
1,9375,Mar 2026,202603,REGULAR,Regular,2026-09-22T03:22:44+00:00
1,9375,Abr 2026,202604,REGULAR,Regular,2026-09-22T03:22:44+00:00
1,9375,Mai 2026,202605,REGULAR,Regular,2026-09-22T03:22:44+00:00
1,9375,Jun 2026,202606,REGULAR,Regular,2026-09-22T03:22:44+00:00
1,9375,Jul 2026,202607,REGULAR,Regular,2026-09-22T03:22:44+00:00
1,9375,Ago 2026,202608,REGULAR,Regular,2026-09-22T03:22:44+00:00
2,770,Mar 2026,202603,GOOD,Boa,2026-09-22T03:22:44+00:00
2,770,Abr 2026,202604,GOOD,Boa,2026-09-22T03:22:44+00:00
2,770,Mai 2026,202605,GOOD,Boa,2026-09-22T03:22:44+00:00
2,770,Jun 2026,202606,GOOD,Boa,2026-09-22T03:22:44+00:00
2,770,Jul 2026,202607,GOOD,Boa,2026-09-22T03:22:44+00:00
2,770,Ago 2026,202608,GOOD,Boa,2026-09-22T03:22:44+00:00
3,z--xedgZylstIq7B,Mar 2026,202603,NO_INDEX,Sem índice,2026-09-22T03:22:44+00:00
3,z--xedgZylstIq7B,Abr 2026,202604,NO_INDEX,Sem índice,2026-09-22T03:22:44+00:00
3,z--xedgZylstIq7B,Mai 2026,202605,NO_INDEX,Sem índice,2026-09-22T03:22:44+00:00
3,z--xedgZylstIq7B,Jun 2026,202606,NO_INDEX,Sem índice,2026-09-22T03:22:44+00:00
3,z--xedgZylstIq7B,Jul 2026,202607,NO_INDEX,Sem índice,2026-09-22T03:22:44+00:00
3,z--xedgZylstIq7B,Ago 2026,202608,NO_INDEX,Sem índice,2026-09-22T03:22:44+00:00
4,114028,Mar 2026,202603,GOOD,Boa,2026-09-22T03:22:44+00:00
4,114028,Abr 2026,202604,GOOD,Boa,2026-09-22T03:22:44+00:00
4,114028,Mai 2026,202605,GOOD,Boa,2026-09-22T03:22:44+00:00
4,114028,Jun 2026,202606,GOOD,Boa,2026-09-22T03:22:44+00:00
4,114028,Jul 2026,202607,GOOD,Boa,2026-09-22T03:22:44+00:00
4,114028,Ago 2026,202608,GOOD,Boa,2026-09-22T03:22:44+00:00
5,0I8Ksl8ztLB2CIlw,Mar 2026,202603,NO_INDEX,Sem índice,2026-09-22T03:22:44+00:00
5,0I8Ksl8ztLB2CIlw,Abr 2026,202604,NO_INDEX,Sem índice,2026-09-22T03:22:44+00:00
5,0I8Ksl8ztLB2CIlw,Mai 2026,202605,NO_INDEX,Sem índice,2026-09-22T03:22:44+00:00
5,0I8Ksl8ztLB2CIlw,Jun 2026,202606,NO_INDEX,Sem índice,2026-09-22T03:22:44+00:00
5,0I8Ksl8ztLB2CIlw,Jul 2026,202607,NO_INDEX,Sem índice,2026-09-22T03:22:44+00:00
5,0I8Ksl8ztLB2CIlw,Ago 2026,202608,NO_INDEX,Sem índice,2026-09-22T03:22:44+00:00
6,qvm3IB19hVod30t-,Mar 2026,202603,NO_INDEX,Sem índice,2026-09-22T03:22:44+00:00
6,qvm3IB19hVod30t-,Abr 2026,202604,NO_INDEX,Sem índice,2026-09-22T03:22:44+00:00
6,qvm3IB19hVod30t-,Mai 2026,202605,NO_INDEX,Sem índice,2026-09-22T03:22:44+00:00
6,qvm3IB19hVod30t-,Jun 2026,202606,NO_INDEX,Sem índice,2026-09-22T03:22:44+00:00
6,qvm3IB19hVod30t-,Jul 2026,202607,NO_INDEX,Sem índice,2026-09-22T03:22:44+00:00
6,qvm3IB19hVod30t-,Ago 2026,202608,NO_INDEX,Sem índice,2026-09-22T03:22:44+00:00
8,9227,Mar 2026,202603,REGULAR,Regular,2026-09-22T03:22:44+00:00
8,9227,Abr 2026,202604,REGULAR,Regular,2026-09-22T03:22:44+00:00
8,9227,Mai 2026,202605,REGULAR,Regular,2026-09-22T03:22:44+00:00
8,9227,Jun 2026,202606,REGULAR,Regular,2026-09-22T03:22:44+00:00
8,9227,Jul 2026,202607,REGULAR,Regular,2026-09-22T03:22:44+00:00
8,9227,Ago 2026,202608,REGULAR,Regular,2026-09-22T03:22:44+00:00
9,106523,Mar 2026,202603,GOOD,Boa,2026-09-22T03:22:44+00:00
9,106523,Abr 2026,202604,GOOD,Boa,2026-09-22T03:22:44+00:00
9,106523,Mai 2026,202605,GOOD,Boa,2026-09-22T03:22:44+00:00
9,106523,Jun 2026,202606,GOOD,Boa,2026-09-22T03:22:44+00:00
9,106523,Jul 2026,202607,GOOD,Boa,2026-09-22T03:22:44+00:00
9,106523,Ago 2026,202608,GOOD,Boa,2026-09-22T03:22:44+00:00
10,rW_xVDjIh8MHL3sU,Mar 2026,202603,GREAT,Ótima,2026-09-22T03:22:44+00:00
10,rW_xVDjIh8MHL3sU,Abr 2026,202604,GREAT,Ótima,2026-09-22T03:22:44+00:00
10,rW_xVDjIh8MHL3sU,Mai 2026,202605,GREAT,Ótima,2026-09-22T03:22:44+00:00
10,rW_xVDjIh8MHL3sU,Jun 2026,202606,GREAT,Ótima,2026-09-22T03:22:44+00:00
10,rW_xVDjIh8MHL3sU,Jul 2026,202607,RA1000,RA1000,2026-09-22T03:22:44+00:00
10,rW_xVDjIh8MHL3sU,Ago 2026,202608,RA1000,RA1000,2026-09-22T03:22:44+00:00
11,9227,Mar 2026,202603,REGULAR,Regular,2026-09-22T03:22:44+00:00
11,9227,Abr 2026,202604,REGULAR,Regular,2026-09-22T03:22:44+00:00
11,9227,Mai 2026,202605,REGULAR,Regular,2026-09-22T03:22:44+00:00
11,9227,Jun 2026,202606,REGULAR,Regular,2026-09-22T03:22:44+00:00
11,9227,Jul 2026,202607,REGULAR,Regular,2026-09-22T03:22:44+00:00
11,9227,Ago 2026,202608,REGULAR,Regular,2026-09-22T03:22:44+00:00
12,jyzNmtjPjApBXfgq,Mar 2026,202603,REGULAR,Regular,2026-09-22T03:22:44+00:00
12,jyzNmtjPjApBXfgq,Abr 2026,202604,REGULAR,Regular,2026-09-22T03:22:44+00:00
12,jyzNmtjPjApBXfgq,Mai 2026,202605,REGULAR,Regular,2026-09-22T03:22:44+00:00
12,jyzNmtjPjApBXfgq,Jun 2026,202606,REGULAR,Regular,2026-09-22T03:22:44+00:00
12,jyzNmtjPjApBXfgq,Jul 2026,202607,REGULAR,Regular,2026-09-22T03:22:44+00:00
12,jyzNmtjPjApBXfgq,Ago 2026,202608,GOOD,Boa,2026-09-22T03:22:44+00:00
15,10737,Mar 2026,202603,GOOD,Boa,2026-09-22T03:22:44+00:00
15,10737,Abr 2026,202604,REGULAR,Regular,2026-09-22T03:22:44+00:00
15,10737,Mai 2026,202605,REGULAR,Regular,2026-09-22T03:22:44+00:00
15,10737,Jun 2026,202606,REGULAR,Regular,2026-09-22T03:22:44+00:00
15,10737,Jul 2026,202607,REGULAR,Regular,2026-09-22T03:22:44+00:00
15,10737,Ago 2026,202608,REGULAR,Regular,2026-09-22T03:22:44+00:00
16,OlXI_rIJoFY2jA5r,Mar 2026,202603,NO_INDEX,Sem índice,2026-09-22T03:22:44+00:00
16,OlXI_rIJoFY2jA5r,Abr 2026,202604,NO_INDEX,Sem índice,2026-09-22T03:22:44+00:00
16,OlXI_rIJoFY2jA5r,Mai 2026,202605,NO_INDEX,Sem índice,2026-09-22T03:22:44+00:00
16,OlXI_rIJoFY2jA5r,Jun 2026,202606,NO_INDEX,Sem índice,2026-09-22T03:22:44+00:00
16,OlXI_rIJoFY2jA5r,Jul 2026,202607,NO_INDEX,Sem índice,2026-09-22T03:22:44+00:00
16,OlXI_rIJoFY2jA5r,Ago 2026,202608,NO_INDEX,Sem índice,2026-09-22T03:22:44+00:00
17,41924,Mar 2026,202603,REGULAR,Regular,2026-09-22T03:22:44+00:00
17,41924,Abr 2026,202604,BAD,Ruim,2026-09-22T03:22:44+00:00
17,41924,Mai 2026,202605,NOT_RECOMMENDED,Não recomendada,2026-09-22T03:22:44+00:00
17,41924,Jun 2026,202606,NOT_RECOMMENDED,Não recomendada,2026-09-22T03:22:44+00:00
17,41924,Jul 2026,202607,BAD,Ruim,2026-09-22T03:22:44+00:00
17,41924,Ago 2026,202608,BAD,Ruim,2026-09-22T03:22:44+00:00
19,109609,Mar 2026,202603,BAD,Ruim,2026-09-22T03:22:44+00:00
19,109609,Abr 2026,202604,BAD,Ruim,2026-09-22T03:22:44+00:00
19,109609,Mai 2026,202605,BAD,Ruim,2026-09-22T03:22:44+00:00
19,109609,Jun 2026,202606,BAD,Ruim,2026-09-22T03:22:44+00:00
19,109609,Jul 2026,202607,BAD,Ruim,2026-09-22T03:22:44+00:00
19,109609,Ago 2026,202608,NOT_RECOMMENDED,Não recomendada,2026-09-22T03:22:44+00:00
20,12700,Mar 2026,202603,GOOD,Boa,2026-09-22T03:22:44+00:00
20,12700,Abr 2026,202604,GOOD,Boa,2026-09-22T03:22:44+00:00
20,12700,Mai 2026,202605,REGULAR,Regular,2026-09-22T03:22:44+00:00
20,12700,Jun 2026,202606,REGULAR,Regular,2026-09-22T03:22:44+00:00
20,12700,Jul 2026,202607,REGULAR,Regular,2026-09-22T03:22:44+00:00
20,12700,Ago 2026,202608,REGULAR,Regular,2026-09-22T03:22:44+00:00
21,K8UsSJg-tOyG7SHb,Mar 2026,202603,RA1000,RA1000,2026-09-22T03:22:44+00:00
21,K8UsSJg-tOyG7SHb,Abr 2026,202604,RA1000,RA1000,2026-09-22T03:22:44+00:00
21,K8UsSJg-tOyG7SHb,Mai 2026,202605,RA1000,RA1000,2026-09-22T03:22:44+00:00
21,K8UsSJg-tOyG7SHb,Jun 2026,202606,RA1000,RA1000,2026-09-22T03:22:44+00:00
21,K8UsSJg-tOyG7SHb,Jul 2026,202607,GREAT,Ótima,2026-09-22T03:22:44+00:00
21,K8UsSJg-tOyG7SHb,Ago 2026,202608,RA1000,RA1000,2026-09-22T03:22:44+00:00
22,8pYLgjLWy8UHHoyd,Mar 2026,202603,NO_INDEX,Sem índice,2026-09-22T03:22:44+00:00
22,8pYLgjLWy8UHHoyd,Abr 2026,202604,NO_INDEX,Sem índice,2026-09-22T03:22:44+00:00
22,8pYLgjLWy8UHHoyd,Mai 2026,202605,NO_INDEX,Sem índice,2026-09-22T03:22:44+00:00
22,8pYLgjLWy8UHHoyd,Jun 2026,202606,NO_INDEX,Sem índice,2026-09-22T03:22:44+00:00
22,8pYLgjLWy8UHHoyd,Jul 2026,202607,NO_INDEX,Sem índice,2026-09-22T03:22:44+00:00
22,8pYLgjLWy8UHHoyd,Ago 2026,202608,NO_INDEX,Sem índice,2026-09-22T03:22:44+00:00
23,RZfI_zksPwHJd-mI,Mar 2026,202603,NO_INDEX,Sem índice,2026-09-22T03:22:44+00:00
23,RZfI_zksPwHJd-mI,Abr 2026,202604,NO_INDEX,Sem índice,2026-09-22T03:22:44+00:00
23,RZfI_zksPwHJd-mI,Mai 2026,202605,NO_INDEX,Sem índice,2026-09-22T03:22:44+00:00
23,RZfI_zksPwHJd-mI,Jun 2026,202606,NO_INDEX,Sem índice,2026-09-22T03:22:44+00:00
23,RZfI_zksPwHJd-mI,Jul 2026,202607,NO_INDEX,Sem índice,2026-09-22T03:22:44+00:00
23,RZfI_zksPwHJd-mI,Ago 2026,202608,NO_INDEX,Sem índice,2026-09-22T03:22:44+00:00
25,80577,Mar 2026,202603,REGULAR,Regular,2026-09-22T03:22:44+00:00
25,80577,Abr 2026,202604,REGULAR,Regular,2026-09-22T03:22:44+00:00
25,80577,Mai 2026,202605,REGULAR,Regular,2026-09-22T03:22:44+00:00
25,80577,Jun 2026,202606,REGULAR,Regular,2026-09-22T03:22:44+00:00
25,80577,Jul 2026,202607,REGULAR,Regular,2026-09-22T03:22:44+00:00
25,80577,Ago 2026,202608,GOOD,Boa,2026-09-22T03:22:44+00:00
27,gZhF4Sc3hNFkS4Ml,Mar 2026,202603,GREAT,Ótima,2026-09-22T03:22:44+00:00
27,gZhF4Sc3hNFkS4Ml,Abr 2026,202604,GREAT,Ótima,2026-09-22T03:22:44+00:00
27,gZhF4Sc3hNFkS4Ml,Mai 2026,202605,GREAT,Ótima,2026-09-22T03:22:44+00:00
27,gZhF4Sc3hNFkS4Ml,Jun 2026,202606,GREAT,Ótima,2026-09-22T03:22:44+00:00
27,gZhF4Sc3hNFkS4Ml,Jul 2026,202607,GREAT,Ótima,2026-09-22T03:22:44+00:00
27,gZhF4Sc3hNFkS4Ml,Ago 2026,202608,GREAT,Ótima,2026-09-22T03:22:44+00:00
30,w4r6ism8hDGJYfSC,Mar 2026,202603,NO_INDEX,Sem índice,2026-09-22T03:22:44+00:00
30,w4r6ism8hDGJYfSC,Abr 2026,202604,NO_INDEX,Sem índice,2026-09-22T03:22:44+00:00
30,w4r6ism8hDGJYfSC,Mai 2026,202605,NO_INDEX,Sem índice,2026-09-22T03:22:44+00:00
30,w4r6ism8hDGJYfSC,Jun 2026,202606,NO_INDEX,Sem índice,2026-09-22T03:22:44+00:00
30,w4r6ism8hDGJYfSC,Jul 2026,202607,NO_INDEX,Sem índice,2026-09-22T03:22:44+00:00
30,w4r6ism8hDGJYfSC,Ago 2026,202608,NO_INDEX,Sem índice,2026-09-22T03:22:44+00:00
31,2268,Mar 2026,202603,GREAT,Ótima,2026-09-22T03:22:44+00:00
31,2268,Abr 2026,202604,GREAT,Ótima,2026-09-22T03:22:44+00:00
31,2268,Mai 2026,202605,RA1000,RA1000,2026-09-22T03:22:44+00:00
31,2268,Jun 2026,202606,RA1000,RA1000,2026-09-22T03:22:44+00:00
31,2268,Jul 2026,202607,RA1000,RA1000,2026-09-22T03:22:44+00:00
31,2268,Ago 2026,202608,RA1000,RA1000,2026-09-22T03:22:44+00:00
32,98842,Mar 2026,202603,GOOD,Boa,2026-09-22T03:22:44+00:00
32,98842,Abr 2026,202604,GOOD,Boa,2026-09-22T03:22:44+00:00
32,98842,Mai 2026,202605,GOOD,Boa,2026-09-22T03:22:44+00:00
32,98842,Jun 2026,202606,GOOD,Boa,2026-09-22T03:22:44+00:00
32,98842,Jul 2026,202607,GOOD,Boa,2026-09-22T03:22:44+00:00
32,98842,Ago 2026,202608,GOOD,Boa,2026-09-22T03:22:44+00:00
33,48bzfUmUvx3Uppe2,Mar 2026,202603,GREAT,Ótima,2026-09-22T03:22:44+00:00
33,48bzfUmUvx3Uppe2,Abr 2026,202604,GREAT,Ótima,2026-09-22T03:22:44+00:00
33,48bzfUmUvx3Uppe2,Mai 2026,202605,GREAT,Ótima,2026-09-22T03:22:44+00:00
33,48bzfUmUvx3Uppe2,Jun 2026,202606,GREAT,Ótima,2026-09-22T03:22:44+00:00
33,48bzfUmUvx3Uppe2,Jul 2026,202607,GREAT,Ótima,2026-09-22T03:22:44+00:00
33,48bzfUmUvx3Uppe2,Ago 2026,202608,GREAT,Ótima,2026-09-22T03:22:44+00:00
34,heLLThmQNoOpNMkh,Mar 2026,202603,GOOD,Boa,2026-09-22T03:22:44+00:00
34,heLLThmQNoOpNMkh,Abr 2026,202604,REGULAR,Regular,2026-09-22T03:22:44+00:00
34,heLLThmQNoOpNMkh,Mai 2026,202605,GOOD,Boa,2026-09-22T03:22:44+00:00
34,heLLThmQNoOpNMkh,Jun 2026,202606,GOOD,Boa,2026-09-22T03:22:44+00:00
34,heLLThmQNoOpNMkh,Jul 2026,202607,GOOD,Boa,2026-09-22T03:22:44+00:00
34,heLLThmQNoOpNMkh,Ago 2026,202608,GOOD,Boa,2026-09-22T03:22:44+00:00
36,24133,Mar 2026,202603,BAD,Ruim,2026-09-22T03:22:44+00:00
36,24133,Abr 2026,202604,NO_INDEX,Sem índice,2026-09-22T03:22:44+00:00
36,24133,Mai 2026,202605,NO_INDEX,Sem índice,2026-09-22T03:22:44+00:00
36,24133,Jun 2026,202606,NO_INDEX,Sem índice,2026-09-22T03:22:44+00:00
36,24133,Jul 2026,202607,NO_INDEX,Sem índice,2026-09-22T03:22:44+00:00
36,24133,Ago 2026,202608,NO_INDEX,Sem índice,2026-09-22T03:22:44+00:00
37,31605,Mar 2026,202603,REGULAR,Regular,2026-09-22T03:22:44+00:00
37,31605,Abr 2026,202604,REGULAR,Regular,2026-09-22T03:22:44+00:00
37,31605,Mai 2026,202605,REGULAR,Regular,2026-09-22T03:22:44+00:00
37,31605,Jun 2026,202606,REGULAR,Regular,2026-09-22T03:22:44+00:00
37,31605,Jul 2026,202607,REGULAR,Regular,2026-09-22T03:22:44+00:00
37,31605,Ago 2026,202608,REGULAR,Regular,2026-09-22T03:22:44+00:00
38,k8dKf9NSSoCGuxwD,Mar 2026,202603,GREAT,Ótima,2026-09-22T03:22:44+00:00
38,k8dKf9NSSoCGuxwD,Abr 2026,202604,GREAT,Ótima,2026-09-22T03:22:44+00:00
38,k8dKf9NSSoCGuxwD,Mai 2026,202605,GREAT,Ótima,2026-09-22T03:22:44+00:00
38,k8dKf9NSSoCGuxwD,Jun 2026,202606,GREAT,Ótima,2026-09-22T03:22:44+00:00
38,k8dKf9NSSoCGuxwD,Jul 2026,202607,GREAT,Ótima,2026-09-22T03:22:44+00:00
38,k8dKf9NSSoCGuxwD,Ago 2026,202608,GREAT,Ótima,2026-09-22T03:22:44+00:00
40,906,Mar 2026,202603,REGULAR,Regular,2026-09-22T03:22:44+00:00
40,906,Abr 2026,202604,REGULAR,Regular,2026-09-22T03:22:44+00:00
40,906,Mai 2026,202605,REGULAR,Regular,2026-09-22T03:22:44+00:00
40,906,Jun 2026,202606,REGULAR,Regular,2026-09-22T03:22:44+00:00
40,906,Jul 2026,202607,REGULAR,Regular,2026-09-22T03:22:44+00:00
40,906,Ago 2026,202608,REGULAR,Regular,2026-09-22T03:22:44+00:00
41,qfRV9VQk8JhcZsqA,Mar 2026,202603,NO_INDEX,Sem índice,2026-09-22T03:22:44+00:00
41,qfRV9VQk8JhcZsqA,Abr 2026,202604,NO_INDEX,Sem índice,2026-09-22T03:22:44+00:00
41,qfRV9VQk8JhcZsqA,Mai 2026,202605,NO_INDEX,Sem índice,2026-09-22T03:22:44+00:00
41,qfRV9VQk8JhcZsqA,Jun 2026,202606,NO_INDEX,Sem índice,2026-09-22T03:22:44+00:00
41,qfRV9VQk8JhcZsqA,Jul 2026,202607,NO_INDEX,Sem índice,2026-09-22T03:22:44+00:00
41,qfRV9VQk8JhcZsqA,Ago 2026,202608,NO_INDEX,Sem índice,2026-09-22T03:22:44+00:00
42,OqEWiWrAcgeVkRRv,Mar 2026,202603,NOT_RECOMMENDED,Não recomendada,2026-09-22T03:22:44+00:00
42,OqEWiWrAcgeVkRRv,Abr 2026,202604,NOT_RECOMMENDED,Não recomendada,2026-09-22T03:22:44+00:00
42,OqEWiWrAcgeVkRRv,Mai 2026,202605,NOT_RECOMMENDED,Não recomendada,2026-09-22T03:22:44+00:00
42,OqEWiWrAcgeVkRRv,Jun 2026,202606,NOT_RECOMMENDED,Não recomendada,2026-09-22T03:22:44+00:00
42,OqEWiWrAcgeVkRRv,Jul 2026,202607,BAD,Ruim,2026-09-22T03:22:44+00:00
42,OqEWiWrAcgeVkRRv,Ago 2026,202608,NO_INDEX,Sem índice,2026-09-22T03:22:44+00:00
43,afFRoAvCQoCY-6tV,Mar 2026,202603,RA1000,RA1000,2026-09-22T03:22:44+00:00
43,afFRoAvCQoCY-6tV,Abr 2026,202604,GREAT,Ótima,2026-09-22T03:22:44+00:00
43,afFRoAvCQoCY-6tV,Mai 2026,202605,GREAT,Ótima,2026-09-22T03:22:44+00:00
43,afFRoAvCQoCY-6tV,Jun 2026,202606,GREAT,Ótima,2026-09-22T03:22:44+00:00
43,afFRoAvCQoCY-6tV,Jul 2026,202607,RA1000,RA1000,2026-09-22T03:22:44+00:00
43,afFRoAvCQoCY-6tV,Ago 2026,202608,RA1000,RA1000,2026-09-22T03:22:44+00:00
44,91931,Mar 2026,202603,GREAT,Ótima,2026-09-22T03:22:44+00:00
44,91931,Abr 2026,202604,GREAT,Ótima,2026-09-22T03:22:44+00:00
44,91931,Mai 2026,202605,GREAT,Ótima,2026-09-22T03:22:44+00:00
44,91931,Jun 2026,202606,GREAT,Ótima,2026-09-22T03:22:44+00:00
44,91931,Jul 2026,202607,GREAT,Ótima,2026-09-22T03:22:44+00:00
44,91931,Ago 2026,202608,GREAT,Ótima,2026-09-22T03:22:44+00:00
46,aO5lU9IDucn2RcQp,Mar 2026,202603,NO_INDEX,Sem índice,2026-09-22T03:22:44+00:00
46,aO5lU9IDucn2RcQp,Abr 2026,202604,NO_INDEX,Sem índice,2026-09-22T03:22:44+00:00
46,aO5lU9IDucn2RcQp,Mai 2026,202605,NO_INDEX,Sem índice,2026-09-22T03:22:44+00:00
46,aO5lU9IDucn2RcQp,Jun 2026,202606,NO_INDEX,Sem índice,2026-09-22T03:22:44+00:00
46,aO5lU9IDucn2RcQp,Jul 2026,202607,NO_INDEX,Sem índice,2026-09-22T03:22:44+00:00
46,aO5lU9IDucn2RcQp,Ago 2026,202608,NO_INDEX,Sem índice,2026-09-22T03:22:44+00:00
47,zPh208GLXFplu75n,Mar 2026,202603,GOOD,Boa,2026-09-22T03:22:44+00:00
47,zPh208GLXFplu75n,Abr 2026,202604,REGULAR,Regular,2026-09-22T03:22:44+00:00
47,zPh208GLXFplu75n,Mai 2026,202605,BAD,Ruim,2026-09-22T03:22:44+00:00
47,zPh208GLXFplu75n,Jun 2026,202606,BAD,Ruim,2026-09-22T03:22:44+00:00
47,zPh208GLXFplu75n,Jul 2026,202607,BAD,Ruim,2026-09-22T03:22:44+00:00
47,zPh208GLXFplu75n,Ago 2026,202608,BAD,Ruim,2026-09-22T03:22:44+00:00
50,Z9aVL6loA6GPxSZQ,Mar 2026,202603,REGULAR,Regular,2026-09-22T03:22:44+00:00
50,Z9aVL6loA6GPxSZQ,Abr 2026,202604,REGULAR,Regular,2026-09-22T03:22:44+00:00
50,Z9aVL6loA6GPxSZQ,Mai 2026,202605,REGULAR,Regular,2026-09-22T03:22:44+00:00
50,Z9aVL6loA6GPxSZQ,Jun 2026,202606,GOOD,Boa,2026-09-22T03:22:44+00:00
50,Z9aVL6loA6GPxSZQ,Jul 2026,202607,GOOD,Boa,2026-09-22T03:22:44+00:00
50,Z9aVL6loA6GPxSZQ,Ago 2026,202608,GOOD,Boa,2026-09-22T03:22:44+00:00
51,PZXoVoqs8yaecsvn,Mar 2026,202603,REGULAR,Regular,2026-09-22T03:22:44+00:00
51,PZXoVoqs8yaecsvn,Abr 2026,202604,REGULAR,Regular,2026-09-22T03:22:44+00:00
51,PZXoVoqs8yaecsvn,Mai 2026,202605,REGULAR,Regular,2026-09-22T03:22:44+00:00
51,PZXoVoqs8yaecsvn,Jun 2026,202606,REGULAR,Regular,2026-09-22T03:22:44+00:00
51,PZXoVoqs8yaecsvn,Jul 2026,202607,REGULAR,Regular,2026-09-22T03:22:44+00:00
51,PZXoVoqs8yaecsvn,Ago 2026,202608,REGULAR,Regular,2026-09-22T03:22:44+00:00
54,16698,Mar 2026,202603,GREAT,Ótima,2026-09-22T03:22:44+00:00
54,16698,Abr 2026,202604,GOOD,Boa,2026-09-22T03:22:44+00:00
54,16698,Mai 2026,202605,GOOD,Boa,2026-09-22T03:22:44+00:00
54,16698,Jun 2026,202606,GOOD,Boa,2026-09-22T03:22:44+00:00
54,16698,Jul 2026,202607,GOOD,Boa,2026-09-22T03:22:44+00:00
54,16698,Ago 2026,202608,GOOD,Boa,2026-09-22T03:22:44+00:00
55,11180,Mar 2026,202603,GOOD,Boa,2026-09-22T03:22:44+00:00
55,11180,Abr 2026,202604,GOOD,Boa,2026-09-22T03:22:44+00:00
55,11180,Mai 2026,202605,GOOD,Boa,2026-09-22T03:22:44+00:00
55,11180,Jun 2026,202606,GOOD,Boa,2026-09-22T03:22:44+00:00
55,11180,Jul 2026,202607,GOOD,Boa,2026-09-22T03:22:44+00:00
55,11180,Ago 2026,202608,GOOD,Boa,2026-09-22T03:22:44+00:00
57,a1iZi1oAzx7J2i7A,Mar 2026,202603,NOT_RECOMMENDED,Não recomendada,2026-09-22T03:22:44+00:00
57,a1iZi1oAzx7J2i7A,Abr 2026,202604,NOT_RECOMMENDED,Não recomendada,2026-09-22T03:22:44+00:00
57,a1iZi1oAzx7J2i7A,Mai 2026,202605,NOT_RECOMMENDED,Não recomendada,2026-09-22T03:22:44+00:00
57,a1iZi1oAzx7J2i7A,Jun 2026,202606,NOT_RECOMMENDED,Não recomendada,2026-09-22T03:22:44+00:00
57,a1iZi1oAzx7J2i7A,Jul 2026,202607,NOT_RECOMMENDED,Não recomendada,2026-09-22T03:22:44+00:00
57,a1iZi1oAzx7J2i7A,Ago 2026,202608,NOT_RECOMMENDED,Não recomendada,2026-09-22T03:22:44+00:00
59,761,Mar 2026,202603,GOOD,Boa,2026-09-22T03:22:44+00:00
59,761,Abr 2026,202604,GOOD,Boa,2026-09-22T03:22:44+00:00
59,761,Mai 2026,202605,GOOD,Boa,2026-09-22T03:22:44+00:00
59,761,Jun 2026,202606,GOOD,Boa,2026-09-22T03:22:44+00:00
59,761,Jul 2026,202607,GOOD,Boa,2026-09-22T03:22:44+00:00
59,761,Ago 2026,202608,GREAT,Ótima,2026-09-22T03:22:44+00:00
60,770,Mar 2026,202603,GOOD,Boa,2026-09-22T03:22:44+00:00
60,770,Abr 2026,202604,GOOD,Boa,2026-09-22T03:22:44+00:00
60,770,Mai 2026,202605,GOOD,Boa,2026-09-22T03:22:44+00:00
60,770,Jun 2026,202606,GOOD,Boa,2026-09-22T03:22:44+00:00
60,770,Jul 2026,202607,GOOD,Boa,2026-09-22T03:22:44+00:00
60,770,Ago 2026,202608,GOOD,Boa,2026-09-22T03:22:44+00:00
61,2316,Mar 2026,202603,REGULAR,Regular,2026-09-22T03:22:44+00:00
61,2316,Abr 2026,202604,REGULAR,Regular,2026-09-22T03:22:44+00:00
61,2316,Mai 2026,202605,REGULAR,Regular,2026-09-22T03:22:44+00:00
61,2316,Jun 2026,202606,REGULAR,Regular,2026-09-22T03:22:44+00:00
61,2316,Jul 2026,202607,REGULAR,Regular,2026-09-22T03:22:44+00:00
61,2316,Ago 2026,202608,REGULAR,Regular,2026-09-22T03:22:44+00:00
63,LVdlqTibm_5Am_dT,Mar 2026,202603,BAD,Ruim,2026-09-22T03:22:44+00:00
63,LVdlqTibm_5Am_dT,Abr 2026,202604,BAD,Ruim,2026-09-22T03:22:44+00:00
63,LVdlqTibm_5Am_dT,Mai 2026,202605,BAD,Ruim,2026-09-22T03:22:44+00:00
63,LVdlqTibm_5Am_dT,Jun 2026,202606,NOT_RECOMMENDED,Não recomendada,2026-09-22T03:22:44+00:00
63,LVdlqTibm_5Am_dT,Jul 2026,202607,NOT_RECOMMENDED,Não recomendada,2026-09-22T03:22:44+00:00
63,LVdlqTibm_5Am_dT,Ago 2026,202608,NO_INDEX,Sem índice,2026-09-22T03:22:44+00:00
65,762,Mar 2026,202603,GOOD,Boa,2026-09-22T03:22:44+00:00
65,762,Abr 2026,202604,GOOD,Boa,2026-09-22T03:22:44+00:00
65,762,Mai 2026,202605,GOOD,Boa,2026-09-22T03:22:44+00:00
65,762,Jun 2026,202606,GOOD,Boa,2026-09-22T03:22:44+00:00
65,762,Jul 2026,202607,GOOD,Boa,2026-09-22T03:22:44+00:00
65,762,Ago 2026,202608,GOOD,Boa,2026-09-22T03:22:44+00:00
66,5355,Mar 2026,202603,GOOD,Boa,2026-09-22T03:22:44+00:00
66,5355,Abr 2026,202604,GOOD,Boa,2026-09-22T03:22:44+00:00
66,5355,Mai 2026,202605,GOOD,Boa,2026-09-22T03:22:44+00:00
66,5355,Jun 2026,202606,GOOD,Boa,2026-09-22T03:22:44+00:00
66,5355,Jul 2026,202607,GOOD,Boa,2026-09-22T03:22:44+00:00
66,5355,Ago 2026,202608,GOOD,Boa,2026-09-22T03:22:44+00:00
68,OEXY7rjQpvvM3URx,Mar 2026,202603,NO_INDEX,Sem índice,2026-09-22T03:22:44+00:00
68,OEXY7rjQpvvM3URx,Abr 2026,202604,NO_INDEX,Sem índice,2026-09-22T03:22:44+00:00
68,OEXY7rjQpvvM3URx,Mai 2026,202605,NO_INDEX,Sem índice,2026-09-22T03:22:44+00:00
68,OEXY7rjQpvvM3URx,Jun 2026,202606,NO_INDEX,Sem índice,2026-09-22T03:22:44+00:00
68,OEXY7rjQpvvM3URx,Jul 2026,202607,NO_INDEX,Sem índice,2026-09-22T03:22:44+00:00
68,OEXY7rjQpvvM3URx,Ago 2026,202608,NO_INDEX,Sem índice,2026-09-22T03:22:44+00:00
69,757,Mar 2026,202603,BAD,Ruim,2026-09-22T03:22:44+00:00
69,757,Abr 2026,202604,BAD,Ruim,2026-09-22T03:22:44+00:00
69,757,Mai 2026,202605,BAD,Ruim,2026-09-22T03:22:44+00:00
69,757,Jun 2026,202606,BAD,Ruim,2026-09-22T03:22:44+00:00
69,757,Jul 2026,202607,BAD,Ruim,2026-09-22T03:22:44+00:00
69,757,Ago 2026,202608,BAD,Ruim,2026-09-22T03:22:44+00:00
70,1707,Mar 2026,202603,GOOD,Boa,2026-09-22T03:22:44+00:00
70,1707,Abr 2026,202604,GOOD,Boa,2026-09-22T03:22:44+00:00
70,1707,Mai 2026,202605,GOOD,Boa,2026-09-22T03:22:44+00:00
70,1707,Jun 2026,202606,GOOD,Boa,2026-09-22T03:22:44+00:00
70,1707,Jul 2026,202607,GOOD,Boa,2026-09-22T03:22:44+00:00
70,1707,Ago 2026,202608,GOOD,Boa,2026-09-22T03:22:44+00:00
72,1887,Mar 2026,202603,GREAT,Ótima,2026-09-22T03:22:44+00:00
72,1887,Abr 2026,202604,GREAT,Ótima,2026-09-22T03:22:44+00:00
72,1887,Mai 2026,202605,GOOD,Boa,2026-09-22T03:22:44+00:00
72,1887,Jun 2026,202606,GREAT,Ótima,2026-09-22T03:22:44+00:00
72,1887,Jul 2026,202607,GOOD,Boa,2026-09-22T03:22:44+00:00
72,1887,Ago 2026,202608,GREAT,Ótima,2026-09-22T03:22:44+00:00
75,17938,Mar 2026,202603,NO_INDEX,Sem índice,2026-09-22T03:22:44+00:00
75,17938,Abr 2026,202604,NO_INDEX,Sem índice,2026-09-22T03:22:44+00:00
75,17938,Mai 2026,202605,NO_INDEX,Sem índice,2026-09-22T03:22:44+00:00
75,17938,Jun 2026,202606,NO_INDEX,Sem índice,2026-09-22T03:22:44+00:00
75,17938,Jul 2026,202607,NO_INDEX,Sem índice,2026-09-22T03:22:44+00:00
75,17938,Ago 2026,202608,NO_INDEX,Sem índice,2026-09-22T03:22:44+00:00
76,4706,Mar 2026,202603,NO_INDEX,Sem índice,2026-09-22T03:22:44+00:00
76,4706,Abr 2026,202604,NO_INDEX,Sem índice,2026-09-22T03:22:44+00:00
76,4706,Mai 2026,202605,NO_INDEX,Sem índice,2026-09-22T03:22:44+00:00
76,4706,Jun 2026,202606,NO_INDEX,Sem índice,2026-09-22T03:22:44+00:00
76,4706,Jul 2026,202607,NO_INDEX,Sem índice,2026-09-22T03:22:44+00:00
76,4706,Ago 2026,202608,BAD,Ruim,2026-09-22T03:22:44+00:00
78,25903,Mar 2026,202603,BAD,Ruim,2026-09-22T03:22:44+00:00
78,25903,Abr 2026,202604,BAD,Ruim,2026-09-22T03:22:44+00:00
78,25903,Mai 2026,202605,BAD,Ruim,2026-09-22T03:22:44+00:00
78,25903,Jun 2026,202606,REGULAR,Regular,2026-09-22T03:22:44+00:00
78,25903,Jul 2026,202607,GOOD,Boa,2026-09-22T03:22:44+00:00
78,25903,Ago 2026,202608,REGULAR,Regular,2026-09-22T03:22:44+00:00
79,33313,Mar 2026,202603,NO_INDEX,Sem índice,2026-09-22T03:22:44+00:00
79,33313,Abr 2026,202604,NO_INDEX,Sem índice,2026-09-22T03:22:44+00:00
79,33313,Mai 2026,202605,NO_INDEX,Sem índice,2026-09-22T03:22:44+00:00
79,33313,Jun 2026,202606,NO_INDEX,Sem índice,2026-09-22T03:22:44+00:00
79,33313,Jul 2026,202607,NO_INDEX,Sem índice,2026-09-22T03:22:44+00:00
79,33313,Ago 2026,202608,NO_INDEX,Sem índice,2026-09-22T03:22:44+00:00
80,764,Mar 2026,202603,GOOD,Boa,2026-09-22T03:22:44+00:00
80,764,Abr 2026,202604,GOOD,Boa,2026-09-22T03:22:44+00:00
80,764,Mai 2026,202605,GOOD,Boa,2026-09-22T03:22:44+00:00
80,764,Jun 2026,202606,GOOD,Boa,2026-09-22T03:22:44+00:00
80,764,Jul 2026,202607,GOOD,Boa,2026-09-22T03:22:44+00:00
80,764,Ago 2026,202608,GOOD,Boa,2026-09-22T03:22:44+00:00
81,2102,Mar 2026,202603,GREAT,Ótima,2026-09-22T03:22:44+00:00
81,2102,Abr 2026,202604,GREAT,Ótima,2026-09-22T03:22:44+00:00
81,2102,Mai 2026,202605,GOOD,Boa,2026-09-22T03:22:44+00:00
81,2102,Jun 2026,202606,GREAT,Ótima,2026-09-22T03:22:44+00:00
81,2102,Jul 2026,202607,GREAT,Ótima,2026-09-22T03:22:44+00:00
81,2102,Ago 2026,202608,GREAT,Ótima,2026-09-22T03:22:44+00:00
82,1707,Mar 2026,202603,GOOD,Boa,2026-09-22T03:22:44+00:00
82,1707,Abr 2026,202604,GOOD,Boa,2026-09-22T03:22:44+00:00
82,1707,Mai 2026,202605,GOOD,Boa,2026-09-22T03:22:44+00:00
82,1707,Jun 2026,202606,GOOD,Boa,2026-09-22T03:22:44+00:00
82,1707,Jul 2026,202607,GOOD,Boa,2026-09-22T03:22:44+00:00
82,1707,Ago 2026,202608,GOOD,Boa,2026-09-22T03:22:44+00:00
83,3hC__ZLiULNGSjBc,Mar 2026,202603,NO_INDEX,Sem índice,2026-09-22T03:22:44+00:00
83,3hC__ZLiULNGSjBc,Abr 2026,202604,NO_INDEX,Sem índice,2026-09-22T03:22:44+00:00
83,3hC__ZLiULNGSjBc,Mai 2026,202605,NO_INDEX,Sem índice,2026-09-22T03:22:44+00:00
83,3hC__ZLiULNGSjBc,Jun 2026,202606,NO_INDEX,Sem índice,2026-09-22T03:22:44+00:00
83,3hC__ZLiULNGSjBc,Jul 2026,202607,NO_INDEX,Sem índice,2026-09-22T03:22:44+00:00
83,3hC__ZLiULNGSjBc,Ago 2026,202608,NO_INDEX,Sem índice,2026-09-22T03:22:44+00:00
84,19331,Mar 2026,202603,REGULAR,Regular,2026-09-22T03:22:44+00:00
84,19331,Abr 2026,202604,REGULAR,Regular,2026-09-22T03:22:44+00:00
84,19331,Mai 2026,202605,REGULAR,Regular,2026-09-22T03:22:44+00:00
84,19331,Jun 2026,202606,REGULAR,Regular,2026-09-22T03:22:44+00:00
84,19331,Jul 2026,202607,REGULAR,Regular,2026-09-22T03:22:44+00:00
84,19331,Ago 2026,202608,REGULAR,Regular,2026-09-22T03:22:44+00:00
85,QOaO4xjYiOCoKTOP,Mar 2026,202603,NO_INDEX,Sem índice,2026-09-22T03:22:44+00:00
85,QOaO4xjYiOCoKTOP,Abr 2026,202604,REGULAR,Regular,2026-09-22T03:22:44+00:00
85,QOaO4xjYiOCoKTOP,Mai 2026,202605,REGULAR,Regular,2026-09-22T03:22:44+00:00
85,QOaO4xjYiOCoKTOP,Jun 2026,202606,REGULAR,Regular,2026-09-22T03:22:44+00:00
85,QOaO4xjYiOCoKTOP,Jul 2026,202607,GOOD,Boa,2026-09-22T03:22:44+00:00
85,QOaO4xjYiOCoKTOP,Ago 2026,202608,GOOD,Boa,2026-09-22T03:22:44+00:00
88,Vgh6wKszYhUsejOG,Mar 2026,202603,NO_INDEX,Sem índice,2026-09-22T03:22:44+00:00
88,Vgh6wKszYhUsejOG,Abr 2026,202604,NO_INDEX,Sem índice,2026-09-22T03:22:44+00:00
88,Vgh6wKszYhUsejOG,Mai 2026,202605,NO_INDEX,Sem índice,2026-09-22T03:22:44+00:00
88,Vgh6wKszYhUsejOG,Jun 2026,202606,NO_INDEX,Sem índice,2026-09-22T03:22:44+00:00
88,Vgh6wKszYhUsejOG,Jul 2026,202607,NO_INDEX,Sem índice,2026-09-22T03:22:44+00:00
88,Vgh6wKszYhUsejOG,Ago 2026,202608,NO_INDEX,Sem índice,2026-09-22T03:22:44+00:00
89,1707,Mar 2026,202603,GOOD,Boa,2026-09-22T03:22:44+00:00
89,1707,Abr 2026,202604,GOOD,Boa,2026-09-22T03:22:44+00:00
89,1707,Mai 2026,202605,GOOD,Boa,2026-09-22T03:22:44+00:00
89,1707,Jun 2026,202606,GOOD,Boa,2026-09-22T03:22:44+00:00
89,1707,Jul 2026,202607,GOOD,Boa,2026-09-22T03:22:44+00:00
89,1707,Ago 2026,202608,GOOD,Boa,2026-09-22T03:22:44+00:00
91,RWRYJTNiPJ6hHo7r,Mar 2026,202603,NO_INDEX,Sem índice,2026-09-22T03:22:44+00:00
91,RWRYJTNiPJ6hHo7r,Abr 2026,202604,NO_INDEX,Sem índice,2026-09-22T03:22:44+00:00
91,RWRYJTNiPJ6hHo7r,Mai 2026,202605,NO_INDEX,Sem índice,2026-09-22T03:22:44+00:00
91,RWRYJTNiPJ6hHo7r,Jun 2026,202606,NO_INDEX,Sem índice,2026-09-22T03:22:44+00:00
91,RWRYJTNiPJ6hHo7r,Jul 2026,202607,NO_INDEX,Sem índice,2026-09-22T03:22:44+00:00
91,RWRYJTNiPJ6hHo7r,Ago 2026,202608,NO_INDEX,Sem índice,2026-09-22T03:22:44+00:00
92,5722,Mar 2026,202603,GOOD,Boa,2026-09-22T03:22:44+00:00
92,5722,Abr 2026,202604,GOOD,Boa,2026-09-22T03:22:44+00:00
92,5722,Mai 2026,202605,GOOD,Boa,2026-09-22T03:22:44+00:00
92,5722,Jun 2026,202606,GOOD,Boa,2026-09-22T03:22:44+00:00
92,5722,Jul 2026,202607,GOOD,Boa,2026-09-22T03:22:44+00:00
92,5722,Ago 2026,202608,GOOD,Boa,2026-09-22T03:22:44+00:00
93,XmytmoOLpCAP55b_,Mar 2026,202603,NO_INDEX,Sem índice,2026-09-22T03:22:44+00:00
93,XmytmoOLpCAP55b_,Abr 2026,202604,NO_INDEX,Sem índice,2026-09-22T03:22:44+00:00
93,XmytmoOLpCAP55b_,Mai 2026,202605,NO_INDEX,Sem índice,2026-09-22T03:22:44+00:00
93,XmytmoOLpCAP55b_,Jun 2026,202606,NO_INDEX,Sem índice,2026-09-22T03:22:44+00:00
93,XmytmoOLpCAP55b_,Jul 2026,202607,NO_INDEX,Sem índice,2026-09-22T03:22:44+00:00
93,XmytmoOLpCAP55b_,Ago 2026,202608,NO_INDEX,Sem índice,2026-09-22T03:22:44+00:00
94,906,Mar 2026,202603,REGULAR,Regular,2026-09-22T03:22:44+00:00
94,906,Abr 2026,202604,REGULAR,Regular,2026-09-22T03:22:44+00:00
94,906,Mai 2026,202605,REGULAR,Regular,2026-09-22T03:22:44+00:00
94,906,Jun 2026,202606,REGULAR,Regular,2026-09-22T03:22:44+00:00
94,906,Jul 2026,202607,REGULAR,Regular,2026-09-22T03:22:44+00:00
94,906,Ago 2026,202608,REGULAR,Regular,2026-09-22T03:22:44+00:00
95,s4QlORzGyhFt5K7e,Mar 2026,202603,REGULAR,Regular,2026-09-22T03:22:44+00:00
95,s4QlORzGyhFt5K7e,Abr 2026,202604,NO_INDEX,Sem índice,2026-09-22T03:22:44+00:00
95,s4QlORzGyhFt5K7e,Mai 2026,202605,NO_INDEX,Sem índice,2026-09-22T03:22:44+00:00
95,s4QlORzGyhFt5K7e,Jun 2026,202606,NO_INDEX,Sem índice,2026-09-22T03:22:44+00:00
95,s4QlORzGyhFt5K7e,Jul 2026,202607,NO_INDEX,Sem índice,2026-09-22T03:22:44+00:00
95,s4QlORzGyhFt5K7e,Ago 2026,202608,NO_INDEX,Sem índice,2026-09-22T03:22:44+00:00
97,3536,Mar 2026,202603,REGULAR,Regular,2026-09-22T03:22:44+00:00
97,3536,Abr 2026,202604,REGULAR,Regular,2026-09-22T03:22:44+00:00
97,3536,Mai 2026,202605,REGULAR,Regular,2026-09-22T03:22:44+00:00
97,3536,Jun 2026,202606,REGULAR,Regular,2026-09-22T03:22:44+00:00
97,3536,Jul 2026,202607,REGULAR,Regular,2026-09-22T03:22:44+00:00
97,3536,Ago 2026,202608,REGULAR,Regular,2026-09-22T03:22:44+00:00
98,11180,Mar 2026,202603,GOOD,Boa,2026-09-22T03:22:44+00:00
98,11180,Abr 2026,202604,GOOD,Boa,2026-09-22T03:22:44+00:00
98,11180,Mai 2026,202605,GOOD,Boa,2026-09-22T03:22:44+00:00
98,11180,Jun 2026,202606,GOOD,Boa,2026-09-22T03:22:44+00:00
98,11180,Jul 2026,202607,GOOD,Boa,2026-09-22T03:22:44+00:00
98,11180,Ago 2026,202608,GOOD,Boa,2026-09-22T03:22:44+00:00
100,XxFsHl2XP07_jD4D,Mar 2026,202603,NO_INDEX,Sem índice,2026-09-22T03:22:44+00:00
100,XxFsHl2XP07_jD4D,Abr 2026,202604,NO_INDEX,Sem índice,2026-09-22T03:22:44+00:00
100,XxFsHl2XP07_jD4D,Mai 2026,202605,NOT_RECOMMENDED,Não recomendada,2026-09-22T03:22:44+00:00
100,XxFsHl2XP07_jD4D,Jun 2026,202606,NOT_RECOMMENDED,Não recomendada,2026-09-22T03:22:44+00:00
100,XxFsHl2XP07_jD4D,Jul 2026,202607,NOT_RECOMMENDED,Não recomendada,2026-09-22T03:22:44+00:00
100,XxFsHl2XP07_jD4D,Ago 2026,202608,NOT_RECOMMENDED,Não recomendada,2026-09-22T03:22:44+00:00
101,a1iZi1oAzx7J2i7A,Mar 2026,202603,NOT_RECOMMENDED,Não recomendada,2026-09-22T03:22:44+00:00
101,a1iZi1oAzx7J2i7A,Abr 2026,202604,NOT_RECOMMENDED,Não recomendada,2026-09-22T03:22:44+00:00
101,a1iZi1oAzx7J2i7A,Mai 2026,202605,NOT_RECOMMENDED,Não recomendada,2026-09-22T03:22:44+00:00
101,a1iZi1oAzx7J2i7A,Jun 2026,202606,NOT_RECOMMENDED,Não recomendada,2026-09-22T03:22:44+00:00
101,a1iZi1oAzx7J2i7A,Jul 2026,202607,NOT_RECOMMENDED,Não recomendada,2026-09-22T03:22:44+00:00
101,a1iZi1oAzx7J2i7A,Ago 2026,202608,NOT_RECOMMENDED,Não recomendada,2026-09-22T03:22:44+00:00
102,9227,Mar 2026,202603,REGULAR,Regular,2026-09-22T03:22:44+00:00
102,9227,Abr 2026,202604,REGULAR,Regular,2026-09-22T03:22:44+00:00
102,9227,Mai 2026,202605,REGULAR,Regular,2026-09-22T03:22:44+00:00
102,9227,Jun 2026,202606,REGULAR,Regular,2026-09-22T03:22:44+00:00
102,9227,Jul 2026,202607,REGULAR,Regular,2026-09-22T03:22:44+00:00
102,9227,Ago 2026,202608,REGULAR,Regular,2026-09-22T03:22:44+00:00
103,2143,Mar 2026,202603,GREAT,Ótima,2026-09-22T03:22:44+00:00
103,2143,Abr 2026,202604,NO_INDEX,Sem índice,2026-09-22T03:22:44+00:00
103,2143,Mai 2026,202605,NO_INDEX,Sem índice,2026-09-22T03:22:44+00:00
103,2143,Jun 2026,202606,NO_INDEX,Sem índice,2026-09-22T03:22:44+00:00
103,2143,Jul 2026,202607,NO_INDEX,Sem índice,2026-09-22T03:22:44+00:00
103,2143,Ago 2026,202608,NO_INDEX,Sem índice,2026-09-22T03:22:44+00:00
104,95257,Mar 2026,202603,REGULAR,Regular,2026-09-22T03:22:44+00:00
104,95257,Abr 2026,202604,REGULAR,Regular,2026-09-22T03:22:44+00:00
104,95257,Mai 2026,202605,REGULAR,Regular,2026-09-22T03:22:44+00:00
104,95257,Jun 2026,202606,REGULAR,Regular,2026-09-22T03:22:44+00:00
104,95257,Jul 2026,202607,REGULAR,Regular,2026-09-22T03:22:44+00:00
104,95257,Ago 2026,202608,REGULAR,Regular,2026-09-22T03:22:44+00:00
107,31543,Mar 2026,202603,GOOD,Boa,2026-09-22T03:22:44+00:00
107,31543,Abr 2026,202604,REGULAR,Regular,2026-09-22T03:22:44+00:00
107,31543,Mai 2026,202605,REGULAR,Regular,2026-09-22T03:22:44+00:00
107,31543,Jun 2026,202606,GOOD,Boa,2026-09-22T03:22:44+00:00
107,31543,Jul 2026,202607,GOOD,Boa,2026-09-22T03:22:44+00:00
107,31543,Ago 2026,202608,GOOD,Boa,2026-09-22T03:22:44+00:00
109,84244,Mar 2026,202603,REGULAR,Regular,2026-09-22T03:22:44+00:00
109,84244,Abr 2026,202604,REGULAR,Regular,2026-09-22T03:22:44+00:00
109,84244,Mai 2026,202605,BAD,Ruim,2026-09-22T03:22:44+00:00
109,84244,Jun 2026,202606,BAD,Ruim,2026-09-22T03:22:44+00:00
109,84244,Jul 2026,202607,BAD,Ruim,2026-09-22T03:22:44+00:00
109,84244,Ago 2026,202608,BAD,Ruim,2026-09-22T03:22:44+00:00
110,65637,Mar 2026,202603,GREAT,Ótima,2026-09-22T03:22:44+00:00
110,65637,Abr 2026,202604,GREAT,Ótima,2026-09-22T03:22:44+00:00
110,65637,Mai 2026,202605,GREAT,Ótima,2026-09-22T03:22:44+00:00
110,65637,Jun 2026,202606,GREAT,Ótima,2026-09-22T03:22:44+00:00
110,65637,Jul 2026,202607,GREAT,Ótima,2026-09-22T03:22:44+00:00
110,65637,Ago 2026,202608,GREAT,Ótima,2026-09-22T03:22:44+00:00
111,1202852,Mar 2026,202603,REGULAR,Regular,2026-09-22T03:22:44+00:00
111,1202852,Abr 2026,202604,REGULAR,Regular,2026-09-22T03:22:44+00:00
111,1202852,Mai 2026,202605,REGULAR,Regular,2026-09-22T03:22:44+00:00
111,1202852,Jun 2026,202606,REGULAR,Regular,2026-09-22T03:22:44+00:00
111,1202852,Jul 2026,202607,REGULAR,Regular,2026-09-22T03:22:44+00:00
111,1202852,Ago 2026,202608,REGULAR,Regular,2026-09-22T03:22:44+00:00
114,9293,Mar 2026,202603,REGULAR,Regular,2026-09-22T03:22:44+00:00
114,9293,Abr 2026,202604,REGULAR,Regular,2026-09-22T03:22:44+00:00
114,9293,Mai 2026,202605,REGULAR,Regular,2026-09-22T03:22:44+00:00
114,9293,Jun 2026,202606,REGULAR,Regular,2026-09-22T03:22:44+00:00
114,9293,Jul 2026,202607,GOOD,Boa,2026-09-22T03:22:44+00:00
114,9293,Ago 2026,202608,REGULAR,Regular,2026-09-22T03:22:44+00:00
116,32346,Mar 2026,202603,GOOD,Boa,2026-09-22T03:22:44+00:00
116,32346,Abr 2026,202604,GOOD,Boa,2026-09-22T03:22:44+00:00
116,32346,Mai 2026,202605,GOOD,Boa,2026-09-22T03:22:44+00:00
116,32346,Jun 2026,202606,GOOD,Boa,2026-09-22T03:22:44+00:00
116,32346,Jul 2026,202607,GOOD,Boa,2026-09-22T03:22:44+00:00
116,32346,Ago 2026,202608,GOOD,Boa,2026-09-22T03:22:44+00:00
64,757,Mar 2026,202603,BAD,Ruim,2026-09-22T03:22:44+00:00
64,757,Abr 2026,202604,BAD,Ruim,2026-09-22T03:22:44+00:00
64,757,Mai 2026,202605,BAD,Ruim,2026-09-22T03:22:44+00:00
64,757,Jun 2026,202606,BAD,Ruim,2026-09-22T03:22:44+00:00
64,757,Jul 2026,202607,BAD,Ruim,2026-09-22T03:22:44+00:00
64,757,Ago 2026,202608,BAD,Ruim,2026-09-22T03:22:44+00:00
