uf,primeiro_mes,ultimo_mes,n_meses
AC,201801,202604,99
AL,201801,202512,95
AM,201801,202412,74
AP,201902,202512,60
BA,201801,202604,100
CE,201801,202604,100
DF,201801,202604,100
ES,201801,202604,100
GO,201801,202604,100
MA,201801,202305,65
MG,201801,202604,100
MS,201801,202604,100
MT,201801,202604,94
PA,201911,201911,1
PB,201801,202603,99
PE,201801,202603,99
PI,201801,202604,100
PR,201801,202603,99
RJ,201801,202604,98
RN,201801,202206,54
RO,201801,202603,99
RR,201801,202509,93
RS,201801,202511,95
SC,201801,202604,97
SE,201801,202604,100
SP,201801,202604,99
TO,201801,202510,94
