ano_mes,uf,qtd_sinistros,qtd_veiculos_envolvidos,qtd_vitimas,qtd_feridos,qtd_mortos
201801,AC,287.0,623.0,584.0,62.0,0.0
201801,AL,55.0,60.0,63.0,0.0,55.0
201801,AM,1896.0,3992.0,3922.0,363.0,1.0
201801,BA,5366.0,5758.0,5955.0,3907.0,345.0
201801,CE,1883.0,3723.0,2654.0,484.0,148.0
201801,DF,566.0,670.0,660.0,0.0,35.0
201801,ES,6586.0,9077.0,9141.0,1112.0,44.0
201801,GO,6411.0,7645.0,8368.0,4416.0,70.0
201801,MA,41.0,41.0,41.0,0.0,41.0
201801,MG,19738.0,32184.0,31557.0,2.0,174.0
201801,MS,1231.0,2242.0,2052.0,719.0,14.0
201801,MT,289.0,384.0,331.0,0.0,31.0
201801,PB,194.0,396.0,270.0,149.0,58.0
201801,PE,1685.0,1852.0,1761.0,0.0,183.0
201801,PI,1326.0,978.0,1349.0,0.0,44.0
201801,PR,5670.0,11772.0,10962.0,1867.0,31.0
201801,RJ,1537.0,2168.0,2065.0,0.0,167.0
201801,RN,537.0,1086.0,910.0,0.0,32.0
201801,RO,754.0,1330.0,1314.0,8.0,22.0
201801,RR,229.0,514.0,398.0,251.0,11.0
201801,RS,94.0,221.0,203.0,53.0,114.0
201801,SC,130.0,182.0,153.0,0.0,0.0
201801,SE,83.0,165.0,108.0,0.0,0.0
201801,SP,342.0,368.0,364.0,0.0,368.0
201801,TO,88.0,169.0,156.0,60.0,19.0
201802,AC,304.0,634.0,596.0,44.0,1.0
201802,AL,40.0,47.0,48.0,0.0,40.0
201802,AM,14.0,27.0,25.0,1.0,0.0
201802,BA,4255.0,4473.0,4698.0,3037.0,325.0
201802,CE,1612.0,3238.0,2325.0,443.0,145.0
201802,DF,521.0,626.0,620.0,0.0,18.0
201802,ES,5528.0,7602.0,7692.0,907.0,41.0
201802,GO,6128.0,7254.0,7956.0,4154.0,86.0
201802,MA,46.0,46.0,46.0,0.0,46.0
201802,MG,18876.0,30623.0,30087.0,5.0,179.0
201802,MS,1357.0,2393.0,2224.0,738.0,27.0
201802,MT,326.0,415.0,370.0,0.0,21.0
201802,PB,149.0,300.0,201.0,110.0,54.0
201802,PE,1550.0,1704.0,1626.0,0.0,134.0
201802,PI,1204.0,904.0,1219.0,0.0,47.0
201802,PR,5852.0,12112.0,11261.0,1906.0,43.0
201802,RJ,1444.0,1946.0,1893.0,0.0,127.0
201802,RN,593.0,1173.0,1012.0,0.0,54.0
201802,RO,713.0,1296.0,1271.0,11.0,16.0
201802,RR,255.0,572.0,434.0,258.0,11.0
201802,RS,123.0,314.0,282.0,79.0,133.0
201802,SC,79.0,106.0,91.0,0.0,0.0
201802,SE,81.0,166.0,110.0,0.0,6.0
201802,SP,340.0,353.0,352.0,0.0,353.0
201802,TO,205.0,367.0,356.0,160.0,6.0
201803,AC,379.0,821.0,782.0,64.0,5.0
201803,AL,46.0,53.0,54.0,0.0,49.0
201803,AM,12.0,26.0,25.0,0.0,0.0
201803,BA,4594.0,4912.0,5144.0,3265.0,299.0
201803,CE,2043.0,4039.0,2866.0,592.0,156.0
201803,DF,726.0,897.0,882.0,0.0,31.0
201803,ES,6740.0,9286.0,9369.0,1089.0,46.0
201803,GO,7556.0,9019.0,9806.0,5252.0,77.0
201803,MA,23.0,23.0,23.0,0.0,23.0
201803,MG,23184.0,37137.0,36522.0,3.0,197.0
201803,MS,1468.0,2793.0,2603.0,917.0,14.0
201803,MT,419.0,523.0,484.0,0.0,19.0
201803,PB,172.0,387.0,243.0,150.0,43.0
201803,PE,1686.0,1839.0,1760.0,0.0,143.0
201803,PI,1420.0,1035.0,1449.0,0.0,51.0
201803,PR,7601.0,15533.0,14504.0,2401.0,43.0
201803,RJ,1894.0,2485.0,2400.0,0.0,171.0
201803,RN,670.0,1354.0,1147.0,0.0,47.0
201803,RO,904.0,1709.0,1670.0,7.0,35.0
201803,RR,288.0,646.0,499.0,312.0,19.0
201803,RS,146.0,380.0,329.0,79.0,162.0
201803,SC,74.0,96.0,87.0,0.0,0.0
201803,SE,88.0,183.0,116.0,0.0,4.0
201803,SP,414.0,438.0,436.0,0.0,438.0
201803,TO,133.0,281.0,274.0,85.0,9.0
201804,AC,363.0,824.0,782.0,79.0,5.0
201804,AL,32.0,38.0,37.0,0.0,36.0
201804,AM,17.0,28.0,30.0,0.0,1.0
201804,BA,4354.0,4724.0,4892.0,3317.0,311.0
201804,CE,1833.0,3685.0,2587.0,533.0,120.0
201804,DF,684.0,844.0,832.0,0.0,38.0
201804,ES,6358.0,8754.0,8827.0,1074.0,45.0
201804,GO,7174.0,8731.0,9434.0,5002.0,77.0
201804,MA,44.0,44.0,44.0,0.0,44.0
201804,MG,21397.0,34567.0,34033.0,2.0,173.0
201804,MS,1246.0,2506.0,2450.0,987.0,26.0
201804,MT,421.0,530.0,476.0,0.0,32.0
201804,PB,206.0,437.0,291.0,85.0,53.0
201804,PE,1476.0,1624.0,1552.0,0.0,117.0
201804,PI,1181.0,914.0,1217.0,0.0,64.0
201804,PR,6993.0,14626.0,13630.0,2439.0,34.0
201804,RJ,1857.0,2550.0,2437.0,0.0,175.0
201804,RN,612.0,1216.0,1024.0,0.0,62.0
201804,RO,861.0,1681.0,1667.0,0.0,22.0
201804,RR,271.0,620.0,486.0,308.0,7.0
201804,RS,167.0,413.0,381.0,91.0,186.0
201804,SC,57.0,76.0,70.0,0.0,0.0
201804,SE,101.0,209.0,133.0,0.0,4.0
201804,SP,431.0,454.0,452.0,0.0,454.0
201804,TO,522.0,997.0,970.0,377.0,25.0
201805,AC,356.0,785.0,752.0,67.0,2.0
201805,AL,37.0,47.0,47.0,0.0,39.0
201805,AM,11.0,12.0,15.0,0.0,0.0
201805,BA,3740.0,4034.0,4179.0,2865.0,233.0
201805,CE,1816.0,3692.0,2572.0,531.0,109.0
201805,DF,769.0,912.0,902.0,0.0,25.0
201805,ES,6170.0,8426.0,8496.0,1087.0,42.0
201805,GO,7153.0,9319.0,9724.0,5454.0,76.0
201805,MA,41.0,41.0,41.0,0.0,41.0
201805,MG,20474.0,33328.0,32732.0,2.0,167.0
201805,MS,1102.0,2174.0,2118.0,890.0,18.0
201805,MT,447.0,608.0,527.0,0.0,49.0
201805,PB,155.0,369.0,237.0,18.0,38.0
201805,PE,1413.0,1541.0,1472.0,0.0,105.0
201805,PI,1174.0,890.0,1197.0,0.0,32.0
201805,PR,6741.0,14203.0,13281.0,2312.0,37.0
201805,RJ,1786.0,2415.0,2320.0,0.0,154.0
201805,RN,589.0,1178.0,1037.0,0.0,49.0
201805,RO,903.0,1700.0,1680.0,0.0,37.0
201805,RR,264.0,600.0,458.0,266.0,13.0
201805,RS,103.0,260.0,226.0,53.0,112.0
201805,SC,60.0,77.0,70.0,0.0,1.0
201805,SE,99.0,190.0,131.0,0.0,4.0
201805,SP,396.0,427.0,426.0,0.0,427.0
201805,TO,514.0,981.0,953.0,335.0,17.0
201806,AC,358.0,771.0,733.0,53.0,2.0
201806,AL,45.0,45.0,48.0,0.0,43.0
201806,AM,12.0,21.0,21.0,0.0,0.0
201806,BA,3876.0,4166.0,4382.0,2826.0,289.0
201806,CE,1804.0,3608.0,2572.0,592.0,145.0
201806,DF,731.0,834.0,826.0,0.0,20.0
201806,ES,6421.0,8728.0,8836.0,1143.0,55.0
201806,GO,7127.0,9295.0,9617.0,5445.0,100.0
201806,MA,44.0,44.0,44.0,0.0,44.0
201806,MG,20960.0,33936.0,33355.0,8.0,200.0
201806,MS,924.0,1785.0,1755.0,923.0,28.0
201806,MT,453.0,564.0,519.0,0.0,40.0
201806,PB,203.0,422.0,284.0,76.0,57.0
201806,PE,1585.0,1715.0,1657.0,0.0,129.0
201806,PI,1347.0,1009.0,1377.0,0.0,54.0
201806,PR,7775.0,16145.0,15013.0,2714.0,69.0
201806,RJ,1839.0,2426.0,2329.0,0.0,190.0
201806,RN,601.0,1210.0,1016.0,0.0,43.0
201806,RO,1006.0,1838.0,1811.0,0.0,38.0
201806,RR,273.0,602.0,460.0,266.0,12.0
201806,RS,140.0,342.0,314.0,66.0,159.0
201806,SC,72.0,91.0,85.0,0.0,1.0
201806,SE,91.0,185.0,121.0,0.0,7.0
201806,SP,453.0,497.0,494.0,0.0,497.0
201806,TO,546.0,1080.0,1050.0,392.0,28.0
201807,AC,330.0,735.0,705.0,70.0,1.0
201807,AL,37.0,41.0,40.0,0.0,40.0
201807,AM,14.0,27.0,29.0,11.0,0.0
201807,BA,3777.0,4105.0,4272.0,2839.0,271.0
201807,CE,1710.0,3475.0,2514.0,586.0,141.0
201807,DF,687.0,844.0,830.0,0.0,23.0
201807,ES,6466.0,8792.0,8923.0,1208.0,55.0
201807,GO,6891.0,8779.0,9158.0,5303.0,102.0
201807,MA,52.0,52.0,52.0,0.0,52.0
201807,MG,20906.0,34278.0,33729.0,4.0,227.0
201807,MS,969.0,1829.0,1805.0,915.0,32.0
201807,MT,411.0,514.0,463.0,0.0,31.0
201807,PB,177.0,380.0,255.0,46.0,62.0
201807,PE,1484.0,1628.0,1550.0,0.0,150.0
201807,PI,1362.0,1030.0,1395.0,0.0,49.0
201807,PR,6793.0,14191.0,13076.0,2931.0,107.0
201807,RJ,1800.0,2431.0,2341.0,0.0,137.0
201807,RN,561.0,1117.0,988.0,0.0,43.0
201807,RO,941.0,1803.0,1776.0,0.0,45.0
201807,RR,200.0,447.0,358.0,235.0,2.0
201807,RS,111.0,249.0,233.0,49.0,117.0
201807,SC,83.0,108.0,94.0,0.0,1.0
201807,SE,70.0,135.0,94.0,0.0,3.0
201807,SP,433.0,470.0,468.0,0.0,470.0
201807,TO,524.0,965.0,944.0,348.0,35.0
201808,AC,382.0,838.0,800.0,100.0,4.0
201808,AL,35.0,43.0,43.0,0.0,40.0
201808,AM,19.0,31.0,32.0,1.0,0.0
201808,BA,3853.0,4128.0,4346.0,2856.0,240.0
201808,CE,1881.0,3772.0,2724.0,628.0,178.0
201808,DF,775.0,934.0,925.0,0.0,22.0
201808,ES,6502.0,8924.0,9044.0,1216.0,47.0
201808,GO,7309.0,9503.0,9850.0,5714.0,78.0
201808,MA,54.0,54.0,54.0,0.0,54.0
201808,MG,21929.0,35482.0,34909.0,9.0,204.0
201808,MS,979.0,1953.0,1914.0,930.0,20.0
201808,MT,455.0,584.0,523.0,0.0,34.0
201808,PB,200.0,423.0,266.0,141.0,63.0
201808,PE,1501.0,1645.0,1565.0,0.0,128.0
201808,PI,1331.0,954.0,1353.0,0.0,49.0
201808,PR,7710.0,15938.0,14684.0,2964.0,75.0
201808,RJ,1788.0,2374.0,2273.0,0.0,165.0
201808,RN,617.0,1227.0,1068.0,0.0,53.0
201808,RO,996.0,1864.0,1834.0,0.0,32.0
201808,RR,239.0,533.0,403.0,237.0,14.0
201808,RS,125.0,309.0,280.0,77.0,142.0
201808,SC,178.0,224.0,202.0,0.0,0.0
201808,SE,89.0,180.0,123.0,0.0,5.0
201808,SP,415.0,447.0,445.0,0.0,447.0
201808,TO,551.0,1002.0,969.0,347.0,31.0
201809,AC,353.0,787.0,754.0,94.0,5.0
201809,AL,28.0,31.0,31.0,0.0,29.0
201809,AM,17.0,23.0,27.0,0.0,0.0
201809,BA,3823.0,4049.0,4279.0,2854.0,204.0
201809,CE,1677.0,3364.0,2512.0,659.0,169.0
201809,DF,671.0,841.0,827.0,0.0,14.0
201809,ES,6279.0,8577.0,8678.0,1119.0,57.0
201809,GO,7448.0,9731.0,10081.0,5728.0,110.0
201809,MA,54.0,54.0,54.0,0.0,54.0
201809,MG,21834.0,35691.0,35084.0,3.0,232.0
201809,MS,954.0,1919.0,1877.0,915.0,21.0
201809,MT,418.0,518.0,474.0,0.0,28.0
201809,PB,192.0,356.0,269.0,164.0,76.0
201809,PE,1687.0,1841.0,1759.0,0.0,139.0
201809,PI,1454.0,1036.0,1485.0,0.0,58.0
201809,PR,7372.0,15634.0,14412.0,2779.0,101.0
201809,RJ,1912.0,2585.0,2454.0,0.0,156.0
201809,RN,553.0,1076.0,943.0,0.0,59.0
201809,RO,968.0,1779.0,1756.0,0.0,43.0
201809,RR,235.0,516.0,393.0,229.0,10.0
201809,RS,116.0,315.0,269.0,69.0,128.0
201809,SC,2528.0,3732.0,3101.0,0.0,0.0
201809,SE,96.0,185.0,129.0,0.0,5.0
201809,SP,437.0,466.0,465.0,0.0,466.0
201809,TO,600.0,1117.0,1078.0,363.0,21.0
201810,AC,384.0,844.0,802.0,89.0,3.0
201810,AL,22.0,26.0,25.0,0.0,24.0
201810,AM,8.0,6.0,10.0,0.0,1.0
201810,BA,3762.0,3965.0,4192.0,2744.0,212.0
201810,CE,1831.0,3756.0,2689.0,635.0,49.0
201810,DF,676.0,804.0,797.0,0.0,18.0
201810,ES,6683.0,9125.0,9244.0,1144.0,47.0
201810,GO,7249.0,9551.0,9901.0,5597.0,95.0
201810,MA,44.0,44.0,44.0,0.0,44.0
201810,MG,22391.0,36412.0,35755.0,5.0,183.0
201810,MS,958.0,1919.0,1897.0,946.0,23.0
201810,MT,426.0,585.0,506.0,0.0,68.0
201810,PB,204.0,412.0,299.0,59.0,66.0
201810,PE,1651.0,1803.0,1718.0,0.0,119.0
201810,PI,1341.0,962.0,1378.0,0.0,58.0
201810,PR,7992.0,16865.0,15638.0,2675.0,70.0
201810,RJ,1883.0,2452.0,2376.0,0.0,151.0
201810,RN,601.0,1211.0,1040.0,0.0,52.0
201810,RO,1032.0,1898.0,1880.0,0.0,45.0
201810,RR,271.0,608.0,485.0,292.0,18.0
201810,RS,121.0,269.0,253.0,49.0,133.0
201810,SC,3909.0,5739.0,4762.0,0.0,1.0
201810,SE,79.0,158.0,103.0,0.0,6.0
201810,SP,392.0,434.0,433.0,0.0,434.0
201810,TO,569.0,1053.0,1020.0,337.0,16.0
201811,AC,355.0,762.0,725.0,48.0,1.0
201811,AL,23.0,27.0,27.0,0.0,23.0
201811,AM,16.0,29.0,30.0,0.0,0.0
201811,BA,3487.0,3717.0,3934.0,2540.0,230.0
201811,CE,1936.0,3971.0,2797.0,669.0,72.0
201811,DF,599.0,710.0,699.0,0.0,12.0
201811,ES,6383.0,8743.0,8820.0,1047.0,42.0
201811,GO,6781.0,8781.0,9118.0,5136.0,72.0
201811,MA,47.0,47.0,47.0,0.0,47.0
201811,MG,22270.0,36335.0,35675.0,6.0,167.0
201811,MS,900.0,1766.0,1737.0,840.0,14.0
201811,MT,378.0,484.0,435.0,0.0,40.0
201811,PB,210.0,509.0,300.0,54.0,89.0
201811,PE,1569.0,1699.0,1627.0,0.0,132.0
201811,PI,1319.0,922.0,1336.0,0.0,57.0
201811,PR,7541.0,15926.0,14766.0,2733.0,79.0
201811,RJ,1809.0,2431.0,2332.0,0.0,152.0
201811,RN,597.0,1203.0,1058.0,0.0,49.0
201811,RO,845.0,1536.0,1515.0,0.0,27.0
201811,RR,139.0,302.0,238.0,141.0,8.0
201811,RS,124.0,305.0,271.0,71.0,139.0
201811,SC,4160.0,6190.0,5067.0,0.0,0.0
201811,SE,90.0,185.0,118.0,0.0,8.0
201811,SP,358.0,384.0,383.0,0.0,384.0
201811,TO,518.0,995.0,968.0,419.0,17.0
201812,AC,358.0,749.0,705.0,97.0,0.0
201812,AL,16.0,18.0,18.0,0.0,18.0
201812,AM,20.0,41.0,40.0,9.0,0.0
201812,BA,3797.0,4286.0,4413.0,2958.0,232.0
201812,CE,1905.0,3936.0,2812.0,647.0,105.0
201812,DF,700.0,875.0,859.0,0.0,21.0
201812,ES,7455.0,10189.0,10318.0,1301.0,36.0
201812,GO,7462.0,10584.0,10879.0,4341.0,116.0
201812,MA,37.0,37.0,37.0,0.0,37.0
201812,MG,24011.0,39227.0,38618.0,3.0,234.0
201812,MS,1236.0,2304.0,2272.0,987.0,29.0
201812,MT,390.0,513.0,459.0,0.0,48.0
201812,PB,236.0,372.0,323.0,157.0,73.0
201812,PE,1739.0,1914.0,1818.0,0.0,187.0
201812,PI,1409.0,1072.0,1439.0,0.0,72.0
201812,PR,8084.0,17194.0,15792.0,3222.0,79.0
201812,RJ,2100.0,2837.0,2720.0,0.0,194.0
201812,RN,625.0,1241.0,1078.0,0.0,49.0
201812,RO,897.0,1573.0,1556.0,0.0,32.0
201812,RR,140.0,299.0,235.0,145.0,7.0
201812,RS,120.0,294.0,268.0,65.0,147.0
201812,SC,4288.0,6305.0,5253.0,0.0,0.0
201812,SE,96.0,188.0,120.0,0.0,10.0
201812,SP,457.0,495.0,492.0,0.0,495.0
201812,TO,596.0,1175.0,1136.0,405.0,27.0
201901,AC,305.0,621.0,600.0,62.0,2.0
201901,AL,46.0,44.0,46.0,0.0,44.0
201901,AM,15.0,28.0,28.0,1.0,2.0
201901,BA,4454.0,4979.0,5082.0,3421.0,280.0
201901,CE,1594.0,3213.0,2295.0,559.0,85.0
201901,DF,538.0,640.0,632.0,0.0,12.0
201901,ES,2823.0,5532.0,5363.0,1146.0,38.0
201901,GO,6306.0,8910.0,9140.0,2968.0,65.0
201901,MA,62.0,62.0,62.0,0.0,62.0
201901,MG,19937.0,32711.0,32123.0,2.0,208.0
201901,MS,1660.0,2681.0,2709.0,798.0,11.0
201901,MT,336.0,464.0,398.0,0.0,33.0
201901,PB,136.0,233.0,172.0,1.0,48.0
201901,PE,1534.0,1676.0,1599.0,0.0,136.0
201901,PI,1233.0,927.0,1265.0,0.0,58.0
201901,PR,6786.0,14185.0,13117.0,2487.0,91.0
201901,RJ,1747.0,2401.0,1986.0,0.0,156.0
201901,RN,515.0,1010.0,872.0,0.0,49.0
201901,RO,771.0,1317.0,1294.0,0.0,26.0
201901,RR,144.0,331.0,247.0,166.0,9.0
201901,RS,106.0,252.0,238.0,68.0,114.0
201901,SC,4084.0,6025.0,4977.0,0.0,6.0
201901,SE,68.0,131.0,82.0,0.0,3.0
201901,SP,14267.0,21502.0,23853.0,9299.0,396.0
201901,TO,314.0,631.0,626.0,350.0,13.0
201902,AC,320.0,641.0,614.0,59.0,3.0
201902,AL,27.0,29.0,29.0,0.0,28.0
201902,AM,9.0,15.0,15.0,1.0,1.0
201902,AP,180.0,389.0,289.0,0.0,2.0
201902,BA,3943.0,4387.0,4455.0,3006.0,274.0
201902,CE,1583.0,3239.0,2322.0,551.0,85.0
201902,DF,676.0,831.0,809.0,0.0,29.0
201902,ES,2754.0,5416.0,5235.0,1178.0,41.0
201902,GO,6606.0,9491.0,9733.0,3055.0,65.0
201902,MA,45.0,45.0,45.0,0.0,45.0
201902,MG,21135.0,34316.0,33707.0,3.0,157.0
201902,MS,1729.0,2876.0,2884.0,840.0,25.0
201902,MT,322.0,410.0,362.0,0.0,13.0
201902,PB,150.0,267.0,193.0,23.0,47.0
201902,PE,1398.0,1517.0,1454.0,0.0,125.0
201902,PI,1077.0,826.0,1112.0,0.0,39.0
201902,PR,7402.0,15448.0,14262.0,2651.0,88.0
201902,RJ,1602.0,2119.0,1787.0,0.0,146.0
201902,RN,576.0,1166.0,1007.0,0.0,38.0
201902,RO,774.0,1342.0,1326.0,0.0,28.0
201902,RR,190.0,417.0,337.0,233.0,9.0
201902,RS,124.0,292.0,262.0,60.0,137.0
201902,SC,4073.0,6016.0,4982.0,0.0,1.0
201902,SE,64.0,134.0,86.0,0.0,3.0
201902,SP,13695.0,20217.0,22644.0,8628.0,337.0
201902,TO,264.0,541.0,535.0,289.0,9.0
201903,AC,368.0,739.0,717.0,63.0,3.0
201903,AL,33.0,35.0,35.0,0.0,35.0
201903,AM,18.0,31.0,29.0,0.0,7.0
201903,AP,173.0,374.0,272.0,0.0,1.0
201903,BA,3865.0,4348.0,4444.0,2964.0,230.0
201903,CE,1787.0,3556.0,2564.0,592.0,145.0
201903,DF,679.0,846.0,819.0,0.0,27.0
201903,ES,2900.0,5628.0,5453.0,1221.0,77.0
201903,GO,7383.0,10594.0,10738.0,3544.0,88.0
201903,MA,57.0,57.0,57.0,0.0,57.0
201903,MG,21875.0,35566.0,34880.0,2.0,175.0
201903,MS,1828.0,2988.0,2992.0,885.0,20.0
201903,MT,474.0,634.0,544.0,0.0,24.0
201903,PB,145.0,256.0,222.0,32.0,42.0
201903,PE,1496.0,1631.0,1558.0,0.0,139.0
201903,PI,1247.0,924.0,1272.0,0.0,57.0
201903,PR,7887.0,16261.0,15068.0,2914.0,100.0
201903,RJ,1740.0,2338.0,1955.0,0.0,138.0
201903,RN,516.0,1023.0,871.0,0.0,34.0
201903,RO,896.0,1568.0,1542.0,0.0,31.0
201903,RR,205.0,426.0,341.0,214.0,23.0
201903,RS,133.0,333.0,296.0,71.0,141.0
201903,SC,6086.0,9339.0,7684.0,0.0,21.0
201903,SE,75.0,143.0,98.0,0.0,2.0
201903,SP,15698.0,22613.0,25556.0,9588.0,413.0
201903,TO,384.0,802.0,782.0,410.0,15.0
201904,AC,371.0,773.0,749.0,63.0,7.0
201904,AL,29.0,29.0,29.0,0.0,28.0
201904,AM,18.0,32.0,32.0,5.0,6.0
201904,AP,198.0,418.0,307.0,0.0,0.0
201904,BA,3516.0,3871.0,4017.0,2601.0,265.0
201904,CE,1667.0,3362.0,2386.0,566.0,54.0
201904,DF,726.0,834.0,827.0,0.0,22.0
201904,ES,2891.0,5633.0,5455.0,1239.0,72.0
201904,GO,7447.0,10831.0,10982.0,3418.0,87.0
201904,MA,60.0,60.0,60.0,0.0,60.0
201904,MG,22609.0,36819.0,36175.0,6.0,175.0
201904,MS,1802.0,2907.0,2932.0,882.0,11.0
201904,MT,437.0,584.0,503.0,0.0,28.0
201904,PB,140.0,225.0,212.0,37.0,46.0
201904,PE,1406.0,1523.0,1461.0,0.0,113.0
201904,PI,1162.0,847.0,1177.0,0.0,51.0
201904,PR,8070.0,16272.0,15171.0,2895.0,85.0
201904,RJ,1728.0,2325.0,1958.0,0.0,163.0
201904,RN,518.0,1044.0,887.0,0.0,36.0
201904,RO,900.0,1573.0,1550.0,0.0,28.0
201904,RR,216.0,468.0,367.0,221.0,13.0
201904,RS,121.0,305.0,260.0,65.0,136.0
201904,SC,13401.0,22911.0,18358.0,0.0,112.0
201904,SE,75.0,149.0,92.0,0.0,6.0
201904,SP,16338.0,23702.0,26932.0,10008.0,375.0
201904,TO,405.0,822.0,808.0,438.0,13.0
201905,AC,406.0,834.0,810.0,97.0,3.0
201905,AL,36.0,36.0,38.0,0.0,36.0
201905,AM,14.0,23.0,23.0,8.0,4.0
201905,AP,161.0,343.0,247.0,0.0,1.0
201905,BA,3910.0,4399.0,4537.0,2985.0,289.0
201905,CE,1790.0,3685.0,2588.0,574.0,58.0
201905,DF,729.0,866.0,857.0,0.0,26.0
201905,ES,3005.0,5774.0,5624.0,1280.0,86.0
201905,GO,7557.0,10897.0,11096.0,3513.0,97.0
201905,MA,36.0,36.0,36.0,0.0,36.0
201905,MG,23109.0,37652.0,37003.0,6.0,209.0
201905,MS,1749.0,2817.0,2832.0,833.0,11.0
201905,MT,480.0,634.0,564.0,0.0,48.0
201905,PB,166.0,278.0,238.0,13.0,51.0
201905,PE,1467.0,1594.0,1528.0,0.0,109.0
201905,PI,1189.0,944.0,1213.0,0.0,58.0
201905,PR,8454.0,18556.0,17294.0,3021.0,89.0
201905,RJ,1833.0,2394.0,2064.0,0.0,136.0
201905,RN,565.0,1132.0,983.0,0.0,41.0
201905,RO,971.0,1695.0,1684.0,0.0,33.0
201905,RR,226.0,498.0,372.0,219.0,9.0
201905,RS,143.0,342.0,301.0,63.0,155.0
201905,SC,13549.0,23067.0,18362.0,0.0,103.0
201905,SE,85.0,167.0,116.0,0.0,7.0
201905,SP,16751.0,24039.0,27279.0,9989.0,462.0
201905,TO,448.0,892.0,875.0,446.0,17.0
201906,AC,391.0,788.0,763.0,81.0,3.0
201906,AL,31.0,32.0,32.0,0.0,30.0
201906,AM,26.0,49.0,48.0,0.0,6.0
201906,AP,195.0,429.0,308.0,0.0,1.0
201906,BA,3600.0,4112.0,4211.0,2778.0,226.0
201906,CE,1717.0,3520.0,2543.0,611.0,87.0
201906,DF,772.0,901.0,897.0,0.0,27.0
201906,ES,2836.0,5518.0,5365.0,1349.0,77.0
201906,GO,7601.0,10922.0,11141.0,3645.0,113.0
201906,MA,41.0,41.0,41.0,0.0,41.0
201906,MG,22980.0,37606.0,36951.0,4.0,230.0
201906,MS,1790.0,2882.0,2930.0,862.0,19.0
201906,MT,498.0,645.0,553.0,0.0,30.0
201906,PB,161.0,255.0,225.0,7.0,69.0
201906,PE,1432.0,1554.0,1476.0,0.0,153.0
201906,PI,1131.0,873.0,1156.0,0.0,42.0
201906,PR,8277.0,18066.0,16918.0,3112.0,109.0
201906,RJ,1903.0,2564.0,2152.0,0.0,156.0
201906,RN,527.0,1041.0,900.0,0.0,40.0
201906,RO,947.0,1621.0,1609.0,0.0,39.0
201906,RR,198.0,418.0,322.0,206.0,15.0
201906,RS,114.0,271.0,253.0,61.0,129.0
201906,SC,12851.0,21804.0,17453.0,0.0,122.0
201906,SE,68.0,129.0,92.0,0.0,7.0
201906,SP,16052.0,23631.0,26576.0,9859.0,490.0
201906,TO,497.0,998.0,977.0,489.0,26.0
201907,AC,439.0,873.0,844.0,68.0,4.0
201907,AL,29.0,42.0,42.0,0.0,27.0
201907,AM,16.0,29.0,27.0,1.0,5.0
201907,AP,179.0,379.0,277.0,0.0,0.0
201907,BA,3575.0,4035.0,4172.0,2573.0,264.0
201907,CE,1587.0,3280.0,2313.0,582.0,62.0
201907,DF,767.0,913.0,900.0,0.0,23.0
201907,ES,2834.0,5573.0,5440.0,1347.0,67.0
201907,GO,7117.0,10416.0,10592.0,3300.0,86.0
201907,MA,38.0,38.0,38.0,0.0,38.0
201907,MG,23887.0,39191.0,38499.0,6.0,221.0
201907,MS,2334.0,3320.0,3659.0,555.0,27.0
201907,MT,496.0,661.0,564.0,0.0,43.0
201907,PB,172.0,187.0,190.0,17.0,53.0
201907,PE,1353.0,1463.0,1403.0,0.0,95.0
201907,PI,1028.0,822.0,1060.0,0.0,40.0
201907,PR,7865.0,16874.0,15754.0,2916.0,81.0
201907,RJ,1718.0,2297.0,1942.0,0.0,145.0
201907,RN,529.0,1048.0,885.0,0.0,38.0
201907,RO,965.0,1636.0,1623.0,0.0,32.0
201907,RR,190.0,412.0,298.0,166.0,6.0
201907,RS,113.0,263.0,241.0,51.0,121.0
201907,SC,13262.0,22523.0,17963.0,0.0,106.0
201907,SE,83.0,167.0,107.0,0.0,6.0
201907,SP,15243.0,23269.0,25335.0,9374.0,446.0
201907,TO,422.0,889.0,854.0,452.0,19.0
201908,AC,401.0,811.0,785.0,78.0,4.0
201908,AL,42.0,55.0,58.0,0.0,36.0
201908,AM,20.0,37.0,37.0,7.0,3.0
201908,AP,192.0,405.0,296.0,0.0,3.0
201908,BA,3450.0,3875.0,4014.0,2542.0,276.0
201908,CE,1678.0,3395.0,2449.0,542.0,65.0
201908,DF,843.0,1027.0,1009.0,0.0,9.0
201908,ES,2885.0,5564.0,5437.0,1250.0,74.0
201908,GO,7717.0,11348.0,11499.0,3437.0,86.0
201908,MA,54.0,54.0,54.0,0.0,54.0
201908,MG,23058.0,37403.0,36874.0,6.0,202.0
201908,MS,2597.0,4258.0,4284.0,568.0,29.0
201908,MT,501.0,692.0,562.0,0.0,46.0
201908,PB,137.0,156.0,158.0,14.0,48.0
201908,PE,1392.0,1526.0,1448.0,0.0,101.0
201908,PI,1151.0,853.0,1173.0,0.0,60.0
201908,PR,8384.0,18368.0,17176.0,3056.0,110.0
201908,RJ,1910.0,2557.0,2149.0,0.0,185.0
201908,RN,589.0,1175.0,1027.0,0.0,57.0
201908,RO,976.0,1641.0,1629.0,0.0,37.0
201908,RR,203.0,446.0,343.0,196.0,10.0
201908,RS,110.0,281.0,254.0,79.0,125.0
201908,SC,13133.0,22479.0,17932.0,0.0,113.0
201908,SE,89.0,175.0,115.0,0.0,6.0
201908,SP,16523.0,24518.0,27190.0,10242.0,465.0
201908,TO,381.0,746.0,737.0,402.0,26.0
201909,AC,391.0,824.0,796.0,91.0,5.0
201909,AL,33.0,39.0,39.0,0.0,36.0
201909,AM,28.0,54.0,52.0,2.0,6.0
201909,AP,165.0,352.0,258.0,0.0,3.0
201909,BA,3368.0,3744.0,3901.0,2479.0,259.0
201909,CE,1326.0,2704.0,2002.0,590.0,62.0
201909,DF,842.0,1016.0,998.0,0.0,32.0
201909,ES,2869.0,5604.0,5442.0,1225.0,81.0
201909,GO,7848.0,11469.0,11628.0,3611.0,80.0
201909,MA,67.0,66.0,67.0,0.0,66.0
201909,MG,23830.0,38779.0,38133.0,6.0,218.0
201909,MS,2567.0,4112.0,4192.0,364.0,24.0
201909,MT,490.0,639.0,567.0,0.0,34.0
201909,PB,167.0,186.0,185.0,17.0,59.0
201909,PE,1424.0,1542.0,1483.0,0.0,130.0
201909,PI,1065.0,769.0,1081.0,0.0,63.0
201909,PR,8100.0,17453.0,16350.0,2970.0,87.0
201909,RJ,1809.0,2447.0,2041.0,0.0,152.0
201909,RN,579.0,1165.0,1008.0,0.0,55.0
201909,RO,975.0,1685.0,1672.0,0.0,33.0
201909,RR,183.0,406.0,304.0,188.0,7.0
201909,RS,120.0,281.0,258.0,51.0,132.0
201909,SC,13272.0,22655.0,18074.0,0.0,129.0
201909,SE,62.0,119.0,82.0,0.0,10.0
201909,SP,15289.0,22336.0,25198.0,9533.0,443.0
201909,TO,412.0,844.0,828.0,457.0,22.0
201910,AC,389.0,777.0,751.0,50.0,4.0
201910,AL,30.0,32.0,33.0,0.0,31.0
201910,AM,20.0,36.0,34.0,0.0,3.0
201910,AP,180.0,401.0,291.0,0.0,0.0
201910,BA,3188.0,3561.0,3691.0,2353.0,197.0
201910,CE,1420.0,2871.0,2122.0,613.0,83.0
201910,DF,740.0,903.0,884.0,0.0,22.0
201910,ES,2967.0,5769.0,5636.0,1295.0,77.0
201910,GO,8088.0,11746.0,11926.0,3653.0,85.0
201910,MA,105.0,105.0,105.0,0.0,105.0
201910,MG,23831.0,38608.0,37947.0,14.0,226.0
201910,MS,2091.0,3362.0,3467.0,216.0,13.0
201910,MT,493.0,666.0,559.0,0.0,34.0
201910,PB,154.0,171.0,178.0,0.0,55.0
201910,PE,1464.0,1589.0,1518.0,0.0,139.0
201910,PI,943.0,679.0,962.0,0.0,34.0
201910,PR,8566.0,18500.0,17360.0,3057.0,96.0
201910,RJ,1868.0,2450.0,2110.0,0.0,202.0
201910,RN,592.0,1216.0,1050.0,0.0,37.0
201910,RO,949.0,1617.0,1603.0,0.0,27.0
201910,RR,207.0,452.0,346.0,212.0,14.0
201910,RS,118.0,277.0,255.0,53.0,130.0
201910,SC,14113.0,23957.0,19066.0,0.0,124.0
201910,SE,65.0,119.0,86.0,0.0,7.0
201910,SP,16555.0,24102.0,27305.0,10215.0,454.0
201910,TO,501.0,983.0,956.0,335.0,23.0
201911,AC,439.0,904.0,877.0,99.0,3.0
201911,AL,40.0,42.0,42.0,0.0,42.0
201911,AM,16.0,29.0,29.0,5.0,4.0
201911,AP,164.0,353.0,268.0,0.0,2.0
201911,BA,3122.0,3462.0,3609.0,2278.0,201.0
201911,CE,1302.0,2647.0,1976.0,527.0,62.0
201911,DF,672.0,813.0,798.0,0.0,23.0
201911,ES,2818.0,5433.0,5270.0,1207.0,58.0
201911,GO,8018.0,11626.0,11795.0,3486.0,96.0
201911,MA,61.0,61.0,61.0,0.0,61.0
201911,MG,23593.0,38533.0,37802.0,12.0,212.0
201911,MS,1865.0,3051.0,3199.0,261.0,15.0
201911,MT,456.0,605.0,521.0,0.0,21.0
201911,PA,1.0,0.0,1.0,0.0,0.0
201911,PB,145.0,168.0,168.0,2.0,65.0
201911,PE,1353.0,1459.0,1394.0,0.0,127.0
201911,PI,800.0,584.0,821.0,0.0,38.0
201911,PR,8377.0,18186.0,17011.0,2939.0,83.0
201911,RJ,1736.0,2329.0,1969.0,0.0,168.0
201911,RN,632.0,1312.0,1120.0,0.0,42.0
201911,RO,814.0,1470.0,1457.0,0.0,32.0
201911,RR,183.0,398.0,295.0,175.0,16.0
201911,RS,137.0,372.0,296.0,78.0,149.0
201911,SC,13950.0,23655.0,18893.0,0.0,116.0
201911,SE,80.0,150.0,97.0,0.0,4.0
201911,SP,15926.0,22942.0,26137.0,9835.0,395.0
201911,TO,544.0,1061.0,1029.0,400.0,26.0
201912,AC,395.0,790.0,771.0,70.0,3.0
201912,AL,41.0,40.0,41.0,0.0,40.0
201912,AM,29.0,59.0,58.0,9.0,1.0
201912,AP,168.0,370.0,270.0,0.0,3.0
201912,BA,3552.0,3923.0,4088.0,2606.0,270.0
201912,CE,1450.0,2927.0,2179.0,612.0,79.0
201912,DF,625.0,757.0,748.0,0.0,22.0
201912,ES,3065.0,5989.0,5828.0,1188.0,68.0
201912,GO,7946.0,11625.0,11809.0,3495.0,92.0
201912,MA,39.0,38.0,39.0,0.0,38.0
201912,MG,24285.0,39641.0,38967.0,11.0,199.0
201912,MS,1666.0,2759.0,2878.0,235.0,14.0
201912,MT,448.0,617.0,525.0,0.0,38.0
201912,PB,182.0,211.0,209.0,39.0,48.0
201912,PE,1308.0,1453.0,1368.0,0.0,162.0
201912,PI,737.0,475.0,754.0,0.0,33.0
201912,PR,7858.0,17208.0,16126.0,2875.0,81.0
201912,RJ,1800.0,2506.0,2080.0,0.0,191.0
201912,RN,631.0,1258.0,1078.0,0.0,52.0
201912,RO,805.0,1482.0,1450.0,0.0,32.0
201912,RR,228.0,510.0,381.0,207.0,14.0
201912,RS,132.0,342.0,298.0,100.0,147.0
201912,SC,14424.0,24860.0,19601.0,0.0,123.0
201912,SE,85.0,173.0,110.0,0.0,8.0
201912,SP,16199.0,23134.0,26527.0,9860.0,488.0
201912,TO,591.0,1187.0,1167.0,457.0,25.0
202001,AC,370.0,740.0,717.0,70.0,4.0
202001,AL,26.0,30.0,32.0,7.0,24.0
202001,AM,13.0,23.0,23.0,0.0,1.0
202001,AP,154.0,332.0,237.0,0.0,2.0
202001,BA,3885.0,4406.0,4469.0,2909.0,286.0
202001,CE,1213.0,2486.0,1947.0,552.0,69.0
202001,DF,3549.0,6939.0,6752.0,381.0,16.0
202001,ES,2688.0,5285.0,5148.0,1145.0,16.0
202001,GO,6975.0,10037.0,10206.0,2911.0,72.0
202001,MA,61.0,61.0,61.0,0.0,61.0
202001,MG,20251.0,32738.0,32220.0,8.0,130.0
202001,MS,943.0,1467.0,1522.0,121.0,9.0
202001,MT,395.0,532.0,457.0,0.0,47.0
202001,PB,226.0,364.0,321.0,133.0,52.0
202001,PE,1008.0,1108.0,1056.0,0.0,126.0
202001,PI,569.0,326.0,574.0,0.0,4.0
202001,PR,6778.0,14635.0,13806.0,2369.0,60.0
202001,RJ,1413.0,1923.0,1606.0,0.0,147.0
202001,RN,528.0,1039.0,885.0,0.0,44.0
202001,RO,710.0,1299.0,1265.0,0.0,26.0
202001,RR,182.0,404.0,311.0,184.0,16.0
202001,RS,102.0,258.0,236.0,66.0,112.0
202001,SC,12612.0,21515.0,16952.0,0.0,99.0
202001,SE,62.0,123.0,109.0,0.0,1.0
202001,SP,13676.0,20207.0,22783.0,8781.0,369.0
202001,TO,343.0,671.0,659.0,230.0,10.0
202002,AC,370.0,769.0,736.0,62.0,7.0
202002,AL,52.0,63.0,68.0,14.0,55.0
202002,AM,12.0,25.0,24.0,0.0,0.0
202002,AP,149.0,306.0,223.0,0.0,5.0
202002,BA,3366.0,3723.0,3839.0,2466.0,287.0
202002,CE,1153.0,2333.0,1757.0,478.0,88.0
202002,DF,5256.0,10295.0,10005.0,536.0,21.0
202002,ES,2775.0,5425.0,5307.0,1139.0,38.0
202002,GO,7250.0,10537.0,10696.0,3004.0,83.0
202002,MA,42.0,41.0,42.0,0.0,41.0
202002,MG,22019.0,35468.0,34930.0,9.0,135.0
202002,MS,1324.0,1940.0,2057.0,200.0,6.0
202002,MT,333.0,420.0,376.0,0.0,24.0
202002,PB,251.0,416.0,369.0,156.0,54.0
202002,PE,903.0,989.0,940.0,0.0,139.0
202002,PI,488.0,280.0,492.0,0.0,1.0
202002,PR,7747.0,16972.0,16041.0,2627.0,69.0
202002,RJ,1475.0,1925.0,1670.0,0.0,185.0
202002,RN,522.0,1061.0,909.0,0.0,30.0
202002,RO,719.0,1293.0,1260.0,0.0,41.0
202002,RR,176.0,392.0,304.0,176.0,7.0
202002,RS,125.0,324.0,281.0,72.0,139.0
202002,SC,13165.0,22368.0,17702.0,0.0,110.0
202002,SE,80.0,154.0,129.0,0.0,3.0
202002,SP,14429.0,21557.0,24173.0,9648.0,366.0
202002,TO,451.0,878.0,862.0,333.0,8.0
202003,AC,257.0,522.0,509.0,54.0,5.0
202003,AL,24.0,28.0,29.0,3.0,25.0
202003,AM,17.0,30.0,29.0,1.0,12.0
202003,AP,167.0,325.0,247.0,0.0,2.0
202003,BA,2463.0,2707.0,2830.0,1821.0,185.0
202003,CE,919.0,1834.0,1342.0,277.0,44.0
202003,DF,4010.0,7680.0,7436.0,414.0,11.0
202003,ES,2051.0,3985.0,3881.0,916.0,20.0
202003,GO,6079.0,8798.0,8924.0,2642.0,60.0
202003,MA,33.0,33.0,33.0,0.0,33.0
202003,MG,18192.0,29003.0,28473.0,9.0,141.0
202003,MS,1329.0,1957.0,2091.0,156.0,14.0
202003,MT,300.0,387.0,339.0,0.0,24.0
202003,PB,140.0,240.0,219.0,2.0,47.0
202003,PE,627.0,683.0,654.0,0.0,90.0
202003,PI,356.0,167.0,356.0,0.0,1.0
202003,PR,6414.0,14018.0,13265.0,2263.0,68.0
202003,RJ,1004.0,1307.0,1143.0,0.0,155.0
202003,RN,497.0,1007.0,849.0,0.0,25.0
202003,RO,508.0,987.0,960.0,0.0,20.0
202003,RR,190.0,400.0,316.0,188.0,13.0
202003,RS,109.0,223.0,215.0,37.0,113.0
202003,SC,9953.0,16836.0,13318.0,0.0,85.0
202003,SE,60.0,109.0,95.0,0.0,5.0
202003,SP,14056.0,20727.0,23334.0,9179.0,439.0
202003,TO,343.0,662.0,649.0,239.0,8.0
202004,AC,207.0,431.0,418.0,63.0,2.0
202004,AL,29.0,33.0,34.0,2.0,33.0
202004,AM,10.0,20.0,19.0,0.0,10.0
202004,AP,103.0,202.0,153.0,0.0,1.0
202004,BA,2046.0,2272.0,2335.0,1561.0,177.0
202004,CE,534.0,1032.0,779.0,193.0,29.0
202004,DF,2161.0,4084.0,3968.0,272.0,17.0
202004,ES,1414.0,2670.0,2603.0,823.0,22.0
202004,GO,4719.0,6677.0,6817.0,2212.0,62.0
202004,MA,41.0,41.0,41.0,0.0,41.0
202004,MG,12088.0,19151.0,18846.0,7.0,119.0
202004,MS,876.0,1216.0,1336.0,189.0,5.0
202004,MT,117.0,167.0,135.0,0.0,26.0
202004,PB,113.0,173.0,147.0,0.0,32.0
202004,PE,573.0,629.0,599.0,0.0,88.0
202004,PI,190.0,124.0,191.0,0.0,3.0
202004,PR,4634.0,10114.0,9694.0,1803.0,78.0
202004,RJ,582.0,745.0,644.0,0.0,104.0
202004,RN,309.0,599.0,512.0,0.0,30.0
202004,RO,466.0,922.0,905.0,0.0,30.0
202004,RR,130.0,258.0,203.0,116.0,8.0
202004,RS,86.0,214.0,189.0,52.0,90.0
202004,SC,8062.0,13395.0,10559.0,0.0,100.0
202004,SE,70.0,135.0,113.0,0.0,8.0
202004,SP,10039.0,14243.0,16156.0,6450.0,317.0
202004,TO,339.0,628.0,619.0,249.0,15.0
202005,AC,232.0,463.0,446.0,45.0,2.0
202005,AL,20.0,27.0,27.0,2.0,21.0
202005,AM,25.0,48.0,48.0,0.0,24.0
202005,AP,96.0,187.0,135.0,0.0,1.0
202005,BA,2335.0,2640.0,2718.0,1743.0,196.0
202005,CE,523.0,1010.0,748.0,177.0,31.0
202005,DF,2556.0,4967.0,4792.0,350.0,21.0
202005,ES,1816.0,3437.0,3350.0,912.0,30.0
202005,GO,5909.0,8518.0,8714.0,2757.0,78.0
202005,MA,49.0,49.0,49.0,0.0,49.0
202005,MG,15694.0,25073.0,24691.0,5.0,146.0
202005,MS,1322.0,1845.0,1997.0,172.0,9.0
202005,MT,232.0,296.0,261.0,0.0,23.0
202005,PB,115.0,176.0,145.0,0.0,50.0
202005,PE,522.0,563.0,541.0,0.0,84.0
202005,PI,225.0,157.0,226.0,0.0,0.0
202005,PR,5912.0,13106.0,12397.0,2191.0,105.0
202005,RJ,684.0,866.0,756.0,0.0,92.0
202005,RN,380.0,704.0,614.0,0.0,53.0
202005,RO,631.0,1181.0,1152.0,0.0,44.0
202005,RR,175.0,367.0,276.0,161.0,12.0
202005,RS,128.0,288.0,277.0,61.0,145.0
202005,SC,9997.0,16641.0,13175.0,0.0,113.0
202005,SE,65.0,122.0,111.0,0.0,4.0
202005,SP,12099.0,16943.0,19314.0,7567.0,398.0
202005,TO,387.0,699.0,685.0,274.0,21.0
202006,AC,240.0,480.0,466.0,43.0,4.0
202006,AL,26.0,28.0,28.0,0.0,27.0
202006,AM,19.0,40.0,39.0,2.0,17.0
202006,AP,121.0,258.0,178.0,0.0,2.0
202006,BA,2418.0,2762.0,2869.0,1829.0,189.0
202006,CE,789.0,1572.0,1145.0,264.0,55.0
202006,DF,2849.0,5591.0,5393.0,391.0,29.0
202006,ES,1736.0,3309.0,3218.0,864.0,31.0
202006,GO,6233.0,9028.0,9184.0,2869.0,72.0
202006,MA,58.0,58.0,58.0,0.0,58.0
202006,MG,16241.0,25850.0,25425.0,14.0,152.0
202006,MS,1239.0,1663.0,1833.0,180.0,13.0
202006,MT,291.0,412.0,354.0,0.0,39.0
202006,PB,101.0,149.0,139.0,0.0,40.0
202006,PE,477.0,535.0,507.0,0.0,96.0
202006,PI,267.0,164.0,269.0,0.0,1.0
202006,PR,5913.0,12935.0,12336.0,2171.0,76.0
202006,RJ,839.0,1053.0,921.0,0.0,99.0
202006,RN,361.0,725.0,618.0,0.0,35.0
202006,RO,597.0,1111.0,1077.0,0.0,43.0
202006,RR,154.0,329.0,253.0,131.0,13.0
202006,RS,92.0,211.0,200.0,36.0,101.0
202006,SC,10879.0,18079.0,14218.0,0.0,83.0
202006,SE,65.0,132.0,113.0,0.0,8.0
202006,SP,12745.0,18302.0,20712.0,8031.0,353.0
202006,TO,442.0,832.0,820.0,295.0,18.0
202007,AC,290.0,581.0,563.0,67.0,5.0
202007,AL,30.0,41.0,40.0,7.0,29.0
202007,AM,16.0,32.0,32.0,0.0,16.0
202007,AP,90.0,192.0,128.0,0.0,0.0
202007,BA,2471.0,2750.0,2871.0,1806.0,180.0
202007,CE,935.0,1872.0,1331.0,282.0,40.0
202007,DF,3414.0,6634.0,6396.0,432.0,21.0
202007,ES,2037.0,5948.0,3821.0,979.0,58.0
202007,GO,6792.0,9310.0,9814.0,2946.0,83.0
202007,MA,60.0,60.0,60.0,0.0,60.0
202007,MG,18173.0,29157.0,28628.0,5.0,155.0
202007,MS,1378.0,1877.0,2032.0,263.0,16.0
202007,MT,293.0,396.0,344.0,0.0,34.0
202007,PB,143.0,224.0,196.0,0.0,63.0
202007,PE,379.0,426.0,406.0,0.0,68.0
202007,PI,221.0,128.0,223.0,0.0,0.0
202007,PR,6305.0,13991.0,13272.0,2315.0,94.0
202007,RJ,1229.0,1581.0,1349.0,0.0,122.0
202007,RN,415.0,785.0,673.0,0.0,40.0
202007,RO,696.0,1315.0,1272.0,0.0,65.0
202007,RR,179.0,371.0,270.0,149.0,9.0
202007,RS,120.0,270.0,262.0,62.0,138.0
202007,SC,10320.0,17130.0,13565.0,0.0,83.0
202007,SE,68.0,138.0,118.0,0.0,5.0
202007,SP,14446.0,21680.0,24213.0,9748.0,412.0
202007,TO,421.0,794.0,782.0,279.0,15.0
202008,AC,366.0,755.0,726.0,110.0,9.0
202008,AL,27.0,33.0,34.0,3.0,29.0
202008,AM,16.0,28.0,28.0,0.0,16.0
202008,AP,183.0,392.0,285.0,0.0,2.0
202008,BA,2640.0,2998.0,3119.0,1937.0,214.0
202008,CE,1193.0,2375.0,1742.0,393.0,68.0
202008,DF,3771.0,7305.0,7085.0,493.0,35.0
202008,ES,2159.0,6277.0,4040.0,1124.0,39.0
202008,GO,7709.0,10694.0,11245.0,3355.0,93.0
202008,MA,75.0,75.0,75.0,0.0,75.0
202008,MG,20125.0,32341.0,31761.0,17.0,184.0
202008,MS,1442.0,1968.0,2151.0,240.0,17.0
202008,MT,352.0,469.0,402.0,0.0,33.0
202008,PB,149.0,234.0,189.0,0.0,72.0
202008,PE,1260.0,1384.0,1325.0,0.0,128.0
202008,PI,228.0,152.0,229.0,0.0,0.0
202008,PR,6818.0,15223.0,14454.0,2560.0,99.0
202008,RJ,1363.0,1736.0,1535.0,0.0,155.0
202008,RN,500.0,971.0,829.0,0.0,53.0
202008,RO,908.0,1510.0,1581.0,0.0,59.0
202008,RR,211.0,445.0,356.0,202.0,15.0
202008,RS,88.0,191.0,186.0,46.0,93.0
202008,SC,11615.0,19339.0,15282.0,0.0,106.0
202008,SE,124.0,191.0,171.0,0.0,6.0
202008,SP,15361.0,23151.0,25824.0,10435.0,446.0
202008,TO,509.0,949.0,929.0,339.0,18.0
202009,AC,312.0,615.0,592.0,57.0,9.0
202009,AL,25.0,32.0,32.0,3.0,27.0
202009,AM,36.0,68.0,68.0,1.0,35.0
202009,AP,167.0,363.0,235.0,0.0,3.0
202009,BA,2445.0,2778.0,2902.0,1785.0,195.0
202009,CE,1244.0,2534.0,1903.0,519.0,63.0
202009,DF,3235.0,6232.0,6055.0,426.0,20.0
202009,ES,2198.0,6433.0,4148.0,1020.0,35.0
202009,GO,7525.0,10400.0,10916.0,3299.0,78.0
202009,MA,78.0,78.0,78.0,0.0,78.0
202009,MG,20514.0,32879.0,32320.0,24.0,164.0
202009,MS,1880.0,2290.0,2669.0,276.0,15.0
202009,MT,345.0,479.0,411.0,0.0,57.0
202009,PB,135.0,212.0,157.0,0.0,67.0
202009,PE,1365.0,1481.0,1419.0,0.0,128.0
202009,PI,327.0,164.0,335.0,0.0,0.0
202009,PR,6591.0,14510.0,13790.0,2482.0,86.0
202009,RJ,1306.0,1710.0,1466.0,0.0,144.0
202009,RN,531.0,1054.0,888.0,0.0,57.0
202009,RO,778.0,1399.0,1363.0,0.0,52.0
202009,RR,223.0,468.0,351.0,203.0,11.0
202009,RS,121.0,279.0,266.0,63.0,131.0
202009,SC,11798.0,19640.0,15517.0,0.0,104.0
202009,SE,69.0,98.0,90.0,0.0,3.0
202009,SP,14928.0,23124.0,25073.0,10301.0,455.0
202009,TO,514.0,965.0,943.0,378.0,17.0
202010,AC,358.0,737.0,725.0,74.0,12.0
202010,AL,23.0,26.0,26.0,3.0,23.0
202010,AM,17.0,32.0,32.0,0.0,17.0
202010,AP,177.0,369.0,214.0,0.0,1.0
202010,BA,3075.0,3366.0,3499.0,2231.0,270.0
202010,CE,1060.0,2173.0,1688.0,471.0,54.0
202010,DF,3825.0,7323.0,7125.0,449.0,29.0
202010,ES,2375.0,7015.0,4530.0,1111.0,56.0
202010,GO,8115.0,11163.0,11782.0,3418.0,115.0
202010,MA,91.0,91.0,91.0,0.0,91.0
202010,MG,21805.0,34468.0,33856.0,24.0,207.0
202010,MS,2943.0,3979.0,4524.0,358.0,29.0
202010,MT,332.0,457.0,391.0,0.0,19.0
202010,PB,193.0,283.0,230.0,0.0,95.0
202010,PE,1462.0,1607.0,1533.0,0.0,149.0
202010,PI,353.0,235.0,354.0,0.0,0.0
202010,PR,7738.0,17233.0,16352.0,2729.0,119.0
202010,RJ,1320.0,1722.0,1475.0,0.0,153.0
202010,RN,620.0,1247.0,1032.0,0.0,61.0
202010,RO,824.0,1579.0,1544.0,0.0,68.0
202010,RR,219.0,459.0,367.0,209.0,6.0
202010,RS,131.0,297.0,274.0,49.0,143.0
202010,SC,13784.0,23104.0,18214.0,0.0,90.0
202010,SE,46.0,46.0,46.0,0.0,4.0
202010,SP,16300.0,24585.0,27520.0,11068.0,430.0
202010,TO,544.0,1048.0,1024.0,384.0,16.0
202011,AC,356.0,734.0,715.0,81.0,6.0
202011,AL,32.0,47.0,47.0,5.0,39.0
202011,AM,20.0,41.0,40.0,0.0,18.0
202011,AP,150.0,307.0,210.0,0.0,0.0
202011,BA,1675.0,1939.0,2030.0,1337.0,160.0
202011,CE,986.0,2006.0,1648.0,540.0,61.0
202011,DF,3842.0,7463.0,7304.0,449.0,20.0
202011,ES,2390.0,7030.0,4532.0,1130.0,46.0
202011,GO,8326.0,11244.0,11890.0,3492.0,112.0
202011,MA,89.0,89.0,89.0,0.0,89.0
202011,MG,21284.0,33839.0,33261.0,25.0,177.0
202011,MS,2906.0,4169.0,4688.0,310.0,18.0
202011,MT,408.0,551.0,463.0,0.0,38.0
202011,PB,168.0,267.0,191.0,0.0,69.0
202011,PE,1381.0,1527.0,1437.0,0.0,141.0
202011,PI,382.0,242.0,382.0,0.0,1.0
202011,PR,7494.0,16599.0,15798.0,2499.0,92.0
202011,RJ,1607.0,2032.0,1779.0,0.0,173.0
202011,RN,575.0,1168.0,998.0,0.0,46.0
202011,RO,904.0,1725.0,1699.0,0.0,63.0
202011,RR,219.0,470.0,364.0,221.0,9.0
202011,RS,118.0,258.0,244.0,50.0,132.0
202011,SC,13438.0,22497.0,17755.0,0.0,99.0
202011,SE,30.0,29.0,30.0,0.0,2.0
202011,SP,16483.0,24624.0,27931.0,11338.0,426.0
202011,TO,531.0,1048.0,1021.0,414.0,26.0
202012,AC,386.0,764.0,744.0,67.0,4.0
202012,AL,28.0,37.0,37.0,6.0,31.0
202012,AM,19.0,42.0,41.0,1.0,19.0
202012,AP,209.0,448.0,266.0,0.0,0.0
202012,BA,1954.0,2145.0,2322.0,1380.0,246.0
202012,CE,969.0,1994.0,1625.0,534.0,58.0
202012,DF,4647.0,8949.0,8744.0,502.0,22.0
202012,ES,2734.0,8021.0,5154.0,1161.0,69.0
202012,GO,8557.0,11784.0,12396.0,3528.0,108.0
202012,MA,83.0,83.0,83.0,0.0,83.0
202012,MG,22699.0,35952.0,35292.0,37.0,177.0
202012,MS,2900.0,4273.0,4735.0,341.0,23.0
202012,MT,379.0,531.0,445.0,0.0,35.0
202012,PB,147.0,222.0,175.0,78.0,78.0
202012,PE,1263.0,1408.0,1333.0,0.0,135.0
202012,PI,371.0,151.0,372.0,0.0,2.0
202012,PR,7256.0,16223.0,15407.0,2466.0,92.0
202012,RJ,1190.0,1598.0,1350.0,0.0,157.0
202012,RN,546.0,1084.0,946.0,0.0,49.0
202012,RO,821.0,1587.0,1478.0,0.0,52.0
202012,RR,236.0,519.0,388.0,211.0,16.0
202012,RS,118.0,264.0,251.0,63.0,127.0
202012,SC,14313.0,23030.0,22530.0,0.0,0.0
202012,SE,52.0,52.0,52.0,0.0,5.0
202012,SP,16483.0,23962.0,27402.0,10908.0,427.0
202012,TO,554.0,1082.0,991.0,409.0,36.0
202101,AC,290.0,596.0,570.0,45.0,1.0
202101,AL,188.0,387.0,373.0,111.0,45.0
202101,AM,1260.0,2229.0,2194.0,158.0,15.0
202101,AP,181.0,392.0,298.0,0.0,7.0
202101,BA,9759.0,10891.0,10873.0,7792.0,866.0
202101,CE,950.0,1935.0,1653.0,527.0,55.0
202101,DF,3548.0,6768.0,6628.0,404.0,23.0
202101,ES,2450.0,4746.0,4633.0,1063.0,21.0
202101,GO,6632.0,9469.0,9598.0,2945.0,83.0
202101,MA,684.0,703.0,696.0,0.0,97.0
202101,MG,19176.0,30328.0,29870.0,47.0,174.0
202101,MS,1388.0,2197.0,2268.0,69.0,19.0
202101,MT,350.0,469.0,431.0,0.0,25.0
202101,PB,101.0,146.0,117.0,59.0,54.0
202101,PE,936.0,1065.0,982.0,0.0,140.0
202101,PI,386.0,387.0,484.0,0.0,42.0
202101,PR,6489.0,14316.0,13625.0,2133.0,92.0
202101,RJ,1442.0,1410.0,1443.0,0.0,97.0
202101,RN,512.0,1025.0,705.0,0.0,54.0
202101,RO,614.0,1228.0,1187.0,691.0,26.0
202101,RR,187.0,403.0,316.0,182.0,9.0
202101,RS,122.0,295.0,277.0,74.0,135.0
202101,SC,12951.0,20832.0,20382.0,0.0,0.0
202101,SE,38.0,36.0,38.0,0.0,6.0
202101,SP,14258.0,20910.0,23748.0,9564.0,362.0
202101,TO,384.0,754.0,734.0,312.0,15.0
202102,AC,245.0,554.0,532.0,0.0,4.0
202102,AL,174.0,350.0,344.0,98.0,42.0
202102,AM,1261.0,1608.0,1923.0,128.0,26.0
202102,AP,175.0,368.0,299.0,0.0,2.0
202102,BA,6369.0,7167.0,7187.0,5268.0,461.0
202102,CE,716.0,1469.0,1236.0,386.0,29.0
202102,DF,4000.0,7628.0,7454.0,386.0,16.0
202102,ES,2020.0,3932.0,3818.0,848.0,17.0
202102,GO,6529.0,9277.0,9442.0,2801.0,79.0
202102,MA,477.0,494.0,491.0,0.0,70.0
202102,MG,17889.0,28189.0,27688.0,32.0,125.0
202102,MS,1453.0,2273.0,2336.0,74.0,6.0
202102,MT,400.0,521.0,492.0,0.0,36.0
202102,PB,148.0,238.0,199.0,10.0,31.0
202102,PE,684.0,783.0,720.0,0.0,115.0
202102,PI,576.0,183.0,640.0,0.0,24.0
202102,PR,6745.0,14856.0,14172.0,2099.0,97.0
202102,RJ,1280.0,1282.0,1282.0,0.0,113.0
202102,RN,450.0,910.0,611.0,0.0,30.0
202102,RO,588.0,1182.0,1156.0,651.0,21.0
202102,RR,146.0,323.0,249.0,125.0,11.0
202102,RS,101.0,234.0,230.0,59.0,107.0
202102,SC,13181.0,22062.0,21510.0,0.0,73.0
202102,SE,33.0,33.0,33.0,0.0,1.0
202102,SP,13822.0,20420.0,23036.0,9261.0,379.0
202102,TO,393.0,723.0,710.0,263.0,22.0
202103,AC,262.0,521.0,497.0,0.0,3.0
202103,AL,153.0,307.0,301.0,103.0,43.0
202103,AM,1364.0,2205.0,2308.0,192.0,14.0
202103,AP,155.0,353.0,276.0,0.0,0.0
202103,BA,5304.0,6054.0,6034.0,4379.0,454.0
202103,CE,498.0,988.0,845.0,265.0,21.0
202103,DF,3067.0,5864.0,5741.0,334.0,15.0
202103,ES,2140.0,4155.0,4066.0,981.0,26.0
202103,GO,5428.0,7661.0,7786.0,2222.0,80.0
202103,MA,425.0,434.0,432.0,0.0,61.0
202103,MG,17413.0,27553.0,27097.0,72.0,138.0
202103,MS,1505.0,2337.0,2396.0,76.0,13.0
202103,MT,360.0,496.0,453.0,0.0,47.0
202103,PB,142.0,213.0,218.0,20.0,41.0
202103,PE,425.0,497.0,441.0,0.0,101.0
202103,PI,520.0,190.0,588.0,0.0,30.0
202103,PR,6124.0,13358.0,12734.0,1945.0,93.0
202103,RJ,1435.0,1435.0,1435.0,0.0,117.0
202103,RN,417.0,840.0,544.0,0.0,36.0
202103,RO,522.0,1053.0,1022.0,565.0,27.0
202103,RR,167.0,339.0,270.0,146.0,8.0
202103,RS,87.0,178.0,171.0,33.0,93.0
202103,SC,12574.0,20834.0,20317.0,0.0,109.0
202103,SE,40.0,40.0,40.0,0.0,1.0
202103,SP,13167.0,19452.0,21924.0,8804.0,369.0
202103,TO,299.0,538.0,529.0,208.0,11.0
202104,AC,227.0,460.0,446.0,27.0,2.0
202104,AL,155.0,316.0,302.0,88.0,30.0
202104,AM,186.0,326.0,324.0,33.0,22.0
202104,AP,149.0,312.0,227.0,0.0,1.0
202104,BA,4380.0,4808.0,4839.0,3379.0,401.0
202104,CE,589.0,1181.0,1004.0,334.0,28.0
202104,DF,3387.0,6570.0,6424.0,410.0,12.0
202104,ES,1842.0,3543.0,3458.0,869.0,23.0
202104,GO,6523.0,9305.0,9539.0,2757.0,64.0
202104,MA,464.0,495.0,484.0,0.0,64.0
202104,MG,16975.0,26984.0,26508.0,103.0,154.0
202104,MS,1417.0,2295.0,2319.0,62.0,16.0
202104,MT,350.0,446.0,428.0,0.0,30.0
202104,PB,138.0,230.0,216.0,37.0,49.0
202104,PE,825.0,920.0,879.0,0.0,91.0
202104,PI,485.0,196.0,554.0,0.0,27.0
202104,PR,6645.0,14527.0,13877.0,2366.0,84.0
202104,RJ,1206.0,1212.0,1208.0,0.0,111.0
202104,RN,407.0,803.0,552.0,0.0,36.0
202104,RO,474.0,1260.0,939.0,552.0,49.0
202104,RR,175.0,371.0,298.0,164.0,4.0
202104,RS,123.0,284.0,267.0,66.0,132.0
202104,SC,13107.0,21799.0,21265.0,0.0,82.0
202104,SE,33.0,33.0,33.0,0.0,3.0
202104,SP,13432.0,19987.0,22495.0,8868.0,348.0
202104,TO,243.0,461.0,451.0,167.0,16.0
202105,AC,308.0,626.0,599.0,62.0,5.0
202105,AL,195.0,400.0,388.0,126.0,58.0
202105,AM,19.0,31.0,31.0,1.0,19.0
202105,AP,205.0,446.0,322.0,0.0,4.0
202105,BA,4140.0,4553.0,4574.0,3260.0,297.0
202105,CE,702.0,1411.0,1196.0,393.0,42.0
202105,DF,4065.0,7865.0,7695.0,497.0,21.0
202105,ES,5705.0,6218.0,6762.0,566.0,21.0
202105,GO,7441.0,10449.0,10736.0,3130.0,89.0
202105,MA,538.0,546.0,552.0,0.0,74.0
202105,MG,21539.0,34256.0,33743.0,446.0,211.0
202105,MS,1648.0,2602.0,2666.0,43.0,16.0
202105,MT,407.0,540.0,507.0,0.0,40.0
202105,PB,152.0,248.0,215.0,36.0,44.0
202105,PE,822.0,912.0,869.0,0.0,97.0
202105,PI,778.0,359.0,891.0,0.0,45.0
202105,PR,7386.0,16357.0,15653.0,2446.0,100.0
202105,RJ,1289.0,1289.0,1289.0,0.0,122.0
202105,RN,462.0,917.0,641.0,0.0,45.0
202105,RO,714.0,1465.0,1425.0,840.0,40.0
202105,RR,203.0,430.0,333.0,193.0,8.0
202105,RS,168.0,367.0,356.0,77.0,175.0
202105,SC,14665.0,24457.0,23819.0,0.0,107.0
202105,SE,49.0,48.0,49.0,0.0,1.0
202105,SP,15940.0,23161.0,26491.0,10256.0,483.0
202105,TO,131.0,223.0,216.0,98.0,15.0
202106,AC,276.0,580.0,551.0,50.0,2.0
202106,AL,166.0,341.0,329.0,98.0,32.0
202106,AM,10.0,13.0,13.0,1.0,10.0
202106,AP,145.0,309.0,239.0,0.0,4.0
202106,BA,3410.0,3759.0,3794.0,2653.0,274.0
202106,CE,846.0,1727.0,1448.0,508.0,42.0
202106,DF,4348.0,8527.0,8341.0,557.0,11.0
202106,ES,5067.0,3912.0,5095.0,87.0,10.0
202106,GO,7191.0,10012.0,10374.0,2900.0,74.0
202106,MA,543.0,554.0,556.0,0.0,69.0
202106,MG,19547.0,37809.0,37186.0,4927.0,156.0
202106,MS,1534.0,2386.0,2465.0,55.0,14.0
202106,MT,362.0,485.0,451.0,0.0,39.0
202106,PB,163.0,264.0,250.0,56.0,53.0
202106,PE,664.0,740.0,697.0,0.0,99.0
202106,PI,763.0,334.0,857.0,0.0,24.0
202106,PR,7005.0,15463.0,14670.0,2102.0,69.0
202106,RJ,1279.0,1279.0,1279.0,0.0,97.0
202106,RN,431.0,862.0,616.0,0.0,48.0
202106,RO,714.0,1454.0,1421.0,816.0,39.0
202106,RR,192.0,423.0,337.0,208.0,7.0
202106,RS,104.0,212.0,204.0,27.0,111.0
202106,SC,14801.0,24605.0,23993.0,0.0,124.0
202106,SE,53.0,52.0,53.0,0.0,3.0
202106,SP,16020.0,23624.0,27062.0,10555.0,400.0
202106,TO,121.0,218.0,216.0,96.0,12.0
202107,AC,302.0,605.0,585.0,0.0,11.0
202107,AL,190.0,365.0,359.0,92.0,45.0
202107,AM,6.0,6.0,6.0,0.0,0.0
202107,AP,150.0,321.0,233.0,0.0,1.0
202107,BA,2539.0,2863.0,2886.0,1879.0,286.0
202107,CE,853.0,1754.0,1501.0,439.0,51.0
202107,DF,4433.0,8545.0,8351.0,473.0,20.0
202107,ES,4507.0,3532.0,4535.0,97.0,13.0
202107,GO,7649.0,10736.0,11083.0,3080.0,80.0
202107,MA,561.0,574.0,582.0,0.0,89.0
202107,MG,22048.0,42690.0,41960.0,5641.0,182.0
202107,MS,1797.0,2758.0,2861.0,64.0,16.0
202107,MT,498.0,705.0,638.0,0.0,66.0
202107,PB,158.0,263.0,251.0,77.0,48.0
202107,PE,486.0,551.0,510.0,0.0,99.0
202107,PI,880.0,444.0,992.0,0.0,43.0
202107,PR,7905.0,17610.0,16799.0,2553.0,107.0
202107,RJ,1432.0,1419.0,1432.0,0.0,118.0
202107,RN,476.0,949.0,674.0,0.0,42.0
202107,RO,820.0,1693.0,1661.0,1071.0,42.0
202107,RR,191.0,406.0,335.0,189.0,20.0
202107,RS,146.0,350.0,327.0,80.0,159.0
202107,SC,15318.0,25549.0,24879.0,0.0,112.0
202107,SE,46.0,45.0,46.0,0.0,0.0
202107,SP,16938.0,24932.0,28555.0,11023.0,434.0
202107,TO,26.0,62.0,59.0,18.0,3.0
202108,AC,312.0,631.0,592.0,0.0,3.0
202108,AL,162.0,386.0,317.0,88.0,56.0
202108,AM,10.0,10.0,10.0,0.0,0.0
202108,AP,174.0,376.0,271.0,0.0,2.0
202108,BA,1568.0,1815.0,1856.0,1221.0,113.0
202108,CE,818.0,1677.0,1382.0,415.0,37.0
202108,DF,4597.0,8809.0,8648.0,458.0,27.0
202108,ES,3846.0,3128.0,3874.0,92.0,8.0
202108,GO,7596.0,10585.0,11036.0,3109.0,77.0
202108,MA,590.0,599.0,604.0,0.0,79.0
202108,MG,21566.0,41342.0,40673.0,5440.0,183.0
202108,MS,1752.0,2704.0,2798.0,53.0,16.0
202108,MT,471.0,623.0,581.0,0.0,56.0
202108,PB,171.0,258.0,250.0,8.0,64.0
202108,PE,876.0,969.0,914.0,0.0,125.0
202108,PI,1352.0,904.0,1592.0,0.0,42.0
202108,PR,8005.0,17598.0,16886.0,2605.0,128.0
202108,RJ,1400.0,1400.0,1400.0,0.0,130.0
202108,RN,486.0,948.0,668.0,0.0,48.0
202108,RO,805.0,1674.0,1610.0,978.0,41.0
202108,RR,204.0,428.0,328.0,159.0,10.0
202108,RS,128.0,313.0,290.0,72.0,149.0
202108,SC,14668.0,24446.0,24183.0,2579.0,85.0
202108,SE,37.0,37.0,37.0,0.0,3.0
202108,SP,16060.0,23301.0,26646.0,10266.0,411.0
202108,TO,34.0,72.0,70.0,40.0,4.0
202109,AC,273.0,562.0,536.0,0.0,6.0
202109,AL,205.0,448.0,433.0,129.0,48.0
202109,AM,11.0,11.0,11.0,0.0,0.0
202109,AP,147.0,312.0,233.0,0.0,1.0
202109,BA,1043.0,1282.0,1315.0,800.0,108.0
202109,CE,777.0,1572.0,1280.0,331.0,40.0
202109,DF,4296.0,8210.0,8032.0,423.0,21.0
202109,ES,3444.0,2765.0,3453.0,71.0,9.0
202109,GO,7550.0,10531.0,10903.0,3092.0,95.0
202109,MA,619.0,647.0,652.0,0.0,101.0
202109,MG,20756.0,39825.0,39139.0,5287.0,206.0
202109,MS,1698.0,2337.0,2543.0,21.0,11.0
202109,MT,422.0,561.0,518.0,0.0,48.0
202109,PB,158.0,270.0,258.0,37.0,42.0
202109,PE,793.0,883.0,836.0,0.0,127.0
202109,PI,784.0,1101.0,1083.0,0.0,54.0
202109,PR,7637.0,16757.0,16165.0,2437.0,105.0
202109,RJ,1037.0,1037.0,1037.0,0.0,1.0
202109,RN,482.0,580.0,615.0,0.0,38.0
202109,RO,804.0,1655.0,1609.0,976.0,38.0
202109,RR,209.0,453.0,349.0,202.0,13.0
202109,RS,107.0,235.0,228.0,57.0,116.0
202109,SC,14410.0,23951.0,23667.0,2448.0,125.0
202109,SE,36.0,36.0,36.0,0.0,3.0
202109,SP,13040.0,403.0,13058.0,0.0,403.0
202109,TO,140.0,296.0,288.0,113.0,3.0
202110,AC,335.0,680.0,649.0,0.0,3.0
202110,AL,221.0,463.0,446.0,144.0,84.0
202110,AM,8.0,15.0,12.0,0.0,10.0
202110,AP,149.0,314.0,236.0,0.0,0.0
202110,BA,976.0,1266.0,1249.0,715.0,91.0
202110,CE,868.0,1785.0,1461.0,392.0,39.0
202110,DF,4221.0,8124.0,7990.0,437.0,28.0
202110,ES,3617.0,2921.0,3631.0,66.0,7.0
202110,GO,7526.0,10645.0,11013.0,3104.0,67.0
202110,MA,493.0,493.0,504.0,0.0,68.0
202110,MG,21372.0,40443.0,39843.0,5038.0,170.0
202110,MS,1709.0,2527.0,2654.0,49.0,13.0
202110,MT,436.0,640.0,571.0,1.0,58.0
202110,PB,216.0,374.0,315.0,65.0,79.0
202110,PE,560.0,647.0,586.0,0.0,81.0
202110,PI,848.0,1202.0,1174.0,0.0,46.0
202110,PR,8334.0,18344.0,17713.0,2385.0,113.0
202110,RJ,1310.0,1310.0,1310.0,0.0,132.0
202110,RN,495.0,611.0,618.0,0.0,45.0
202110,RO,810.0,1646.0,1613.0,1022.0,38.0
202110,RR,200.0,442.0,351.0,196.0,14.0
202110,RS,143.0,343.0,317.0,76.0,160.0
202110,SC,15376.0,25415.0,25143.0,2524.0,86.0
202110,SE,41.0,41.0,41.0,0.0,1.0
202110,SP,17084.0,425.0,17095.0,0.0,425.0
202110,TO,191.0,393.0,380.0,152.0,2.0
202111,AC,291.0,600.0,581.0,0.0,6.0
202111,AL,185.0,385.0,368.0,71.0,59.0
202111,AM,9.0,20.0,13.0,0.0,6.0
202111,AP,159.0,339.0,252.0,0.0,1.0
202111,BA,887.0,1137.0,1172.0,647.0,77.0
202111,CE,810.0,1675.0,1350.0,358.0,49.0
202111,DF,4232.0,8041.0,7869.0,358.0,22.0
202111,ES,3475.0,2809.0,3495.0,68.0,2.0
202111,GO,7119.0,9983.0,10308.0,2786.0,63.0
202111,MA,374.0,379.0,385.0,0.0,97.0
202111,MG,20939.0,39335.0,38693.0,4632.0,148.0
202111,MS,1818.0,2773.0,2867.0,56.0,14.0
202111,MT,371.0,474.0,451.0,0.0,25.0
202111,PB,177.0,295.0,256.0,8.0,68.0
202111,PE,982.0,1085.0,1026.0,0.0,91.0
202111,PI,775.0,1078.0,1067.0,0.0,53.0
202111,PR,7808.0,17138.0,16600.0,2455.0,73.0
202111,RJ,1353.0,1350.0,1353.0,0.0,136.0
202111,RN,517.0,636.0,655.0,0.0,34.0
202111,RO,701.0,1500.0,1425.0,884.0,41.0
202111,RR,222.0,481.0,373.0,213.0,19.0
202111,RS,105.0,228.0,215.0,42.0,118.0
202111,SC,15056.0,25046.0,24734.0,2585.0,98.0
202111,SE,53.0,52.0,53.0,0.0,5.0
202111,SP,17085.0,390.0,17108.0,0.0,390.0
202111,TO,213.0,446.0,434.0,135.0,2.0
202112,AC,340.0,715.0,689.0,0.0,4.0
202112,AL,246.0,488.0,475.0,112.0,67.0
202112,AM,8.0,9.0,8.0,0.0,8.0
202112,AP,168.0,339.0,242.0,0.0,1.0
202112,BA,815.0,1019.0,1118.0,546.0,75.0
202112,CE,857.0,1773.0,1483.0,400.0,56.0
202112,DF,3657.0,7064.0,6923.0,417.0,21.0
202112,ES,3712.0,3078.0,3732.0,84.0,7.0
202112,GO,7802.0,10252.0,11093.0,2829.0,52.0
202112,MA,472.0,480.0,487.0,0.0,81.0
202112,MG,22872.0,43148.0,42444.0,5030.0,139.0
202112,MS,2126.0,3125.0,3310.0,57.0,11.0
202112,MT,394.0,523.0,486.0,0.0,42.0
202112,PB,196.0,348.0,306.0,60.0,58.0
202112,PE,871.0,974.0,928.0,0.0,95.0
202112,PI,885.0,1266.0,1252.0,0.0,72.0
202112,PR,8178.0,17968.0,17359.0,2556.0,139.0
202112,RJ,1349.0,1348.0,1349.0,0.0,144.0
202112,RN,508.0,632.0,646.0,0.0,39.0
202112,RO,725.0,1518.0,1473.0,881.0,40.0
202112,RR,277.0,594.0,463.0,275.0,13.0
202112,RS,151.0,348.0,331.0,74.0,168.0
202112,SC,16222.0,27056.0,26756.0,2886.0,118.0
202112,SE,51.0,51.0,51.0,0.0,4.0
202112,SP,17822.0,443.0,17844.0,0.0,443.0
202112,TO,265.0,542.0,526.0,194.0,1.0
202201,AC,256.0,527.0,508.0,0.0,3.0
202201,AL,253.0,498.0,470.0,90.0,66.0
202201,AM,2.0,1.0,2.0,0.0,1.0
202201,AP,128.0,256.0,248.0,0.0,3.0
202201,BA,2675.0,2995.0,2970.0,762.0,142.0
202201,CE,654.0,1314.0,1143.0,344.0,44.0
202201,DF,3405.0,6567.0,6423.0,329.0,25.0
202201,ES,5688.0,2465.0,5703.0,56.0,22.0
202201,GO,6418.0,8865.0,9184.0,2527.0,68.0
202201,MA,447.0,446.0,447.0,0.0,69.0
202201,MG,18318.0,33916.0,33347.0,3915.0,108.0
202201,MS,1423.0,2150.0,2272.0,40.0,13.0
202201,MT,347.0,390.0,399.0,0.0,28.0
202201,PB,134.0,204.0,183.0,27.0,63.0
202201,PE,665.0,763.0,710.0,0.0,125.0
202201,PI,848.0,1185.0,1169.0,0.0,63.0
202201,PR,6309.0,13804.0,13296.0,1823.0,76.0
202201,RJ,1193.0,1193.0,1193.0,0.0,91.0
202201,RN,400.0,465.0,489.0,0.0,23.0
202201,RO,1170.0,2231.0,2152.0,947.0,28.0
202201,RR,416.0,802.0,670.0,314.0,15.0
202201,RS,118.0,281.0,252.0,69.0,136.0
202201,SC,13798.0,22667.0,22437.0,2300.0,93.0
202201,SE,43.0,43.0,43.0,0.0,3.0
202201,SP,11900.0,14184.0,18522.0,7958.0,332.0
202201,TO,185.0,387.0,372.0,144.0,8.0
202202,AC,271.0,545.0,525.0,0.0,3.0
202202,AL,214.0,437.0,425.0,109.0,67.0
202202,AP,140.0,296.0,290.0,0.0,3.0
202202,BA,3602.0,4207.0,3880.0,734.0,108.0
202202,CE,764.0,1540.0,1239.0,309.0,39.0
202202,DF,4120.0,7867.0,7714.0,361.0,19.0
202202,ES,5870.0,2601.0,5885.0,75.0,25.0
202202,GO,6879.0,9647.0,9954.0,2679.0,66.0
202202,MA,411.0,652.0,423.0,0.0,77.0
202202,MG,19084.0,35726.0,35113.0,4385.0,135.0
202202,MS,1650.0,2495.0,2599.0,49.0,13.0
202202,MT,369.0,430.0,439.0,0.0,31.0
202202,PB,141.0,238.0,198.0,40.0,55.0
202202,PE,337.0,386.0,357.0,0.0,97.0
202202,PI,729.0,1038.0,1020.0,0.0,52.0
202202,PR,6955.0,15306.0,14776.0,2032.0,106.0
202202,RJ,1126.0,1126.0,1126.0,0.0,87.0
202202,RN,456.0,621.0,577.0,0.0,30.0
202202,RO,1348.0,2569.0,2510.0,840.0,26.0
202202,RR,412.0,840.0,693.0,333.0,19.0
202202,RS,133.0,306.0,264.0,71.0,138.0
202202,SC,14066.0,23323.0,23097.0,2422.0,93.0
202202,SE,45.0,44.0,45.0,0.0,5.0
202202,SP,13412.0,16753.0,21377.0,9405.0,354.0
202202,TO,204.0,439.0,416.0,140.0,12.0
202203,AC,292.0,585.0,569.0,0.0,2.0
202203,AL,214.0,425.0,404.0,74.0,51.0
202203,AM,1.0,1.0,1.0,0.0,1.0
202203,AP,130.0,268.0,260.0,0.0,0.0
202203,BA,3882.0,4248.0,4070.0,707.0,142.0
202203,CE,820.0,1642.0,1256.0,266.0,35.0
202203,DF,4724.0,9136.0,8939.0,470.0,24.0
202203,ES,6614.0,2895.0,6639.0,81.0,40.0
202203,GO,7564.0,10665.0,10967.0,3109.0,63.0
202203,MA,403.0,421.0,420.0,0.0,84.0
202203,MG,21419.0,40629.0,39939.0,5383.0,152.0
202203,MS,1802.0,2609.0,2790.0,43.0,17.0
202203,MT,414.0,516.0,508.0,0.0,34.0
202203,PB,189.0,315.0,263.0,60.0,60.0
202203,PE,770.0,858.0,807.0,0.0,99.0
202203,PI,714.0,1038.0,1023.0,0.0,41.0
202203,PR,8335.0,18348.0,17670.0,2418.0,100.0
202203,RJ,1616.0,1612.0,1616.0,0.0,127.0
202203,RN,496.0,620.0,634.0,0.0,35.0
202203,RO,1442.0,2749.0,2691.0,928.0,36.0
202203,RR,441.0,874.0,712.0,297.0,9.0
202203,RS,113.0,277.0,256.0,58.0,134.0
202203,SC,15459.0,25581.0,25274.0,2687.0,106.0
202203,SE,41.0,40.0,41.0,0.0,3.0
202203,SP,14944.0,20464.0,24773.0,10522.0,433.0
202203,TO,235.0,452.0,427.0,136.0,12.0
202204,AC,307.0,637.0,615.0,0.0,2.0
202204,AL,226.0,446.0,434.0,122.0,52.0
202204,AP,163.0,328.0,318.0,0.0,1.0
202204,BA,4023.0,4415.0,4342.0,897.0,142.0
202204,CE,743.0,1498.0,1185.0,291.0,30.0
202204,DF,4618.0,8900.0,8711.0,475.0,32.0
202204,ES,3737.0,199.0,3748.0,58.0,0.0
202204,GO,7684.0,10780.0,11125.0,3106.0,77.0
202204,MA,483.0,505.0,502.0,0.0,66.0
202204,MG,20472.0,38857.0,38208.0,5050.0,184.0
202204,MS,1761.0,2727.0,2830.0,42.0,11.0
202204,MT,306.0,367.0,374.0,0.0,24.0
202204,PB,165.0,271.0,218.0,31.0,60.0
202204,PE,533.0,596.0,570.0,0.0,74.0
202204,PI,508.0,761.0,750.0,0.0,38.0
202204,PR,8117.0,17807.0,17203.0,2396.0,108.0
202204,RJ,1338.0,1332.0,1338.0,0.0,136.0
202204,RN,437.0,573.0,562.0,0.0,19.0
202204,RO,1502.0,2844.0,2786.0,1109.0,32.0
202204,RR,425.0,871.0,712.0,321.0,16.0
202204,RS,118.0,253.0,239.0,52.0,131.0
202204,SC,14421.0,23413.0,23137.0,2591.0,108.0
202204,SE,52.0,50.0,52.0,0.0,0.0
202204,SP,15458.0,4949.0,16128.0,1612.0,431.0
202204,TO,234.0,434.0,417.0,159.0,9.0
202205,AC,340.0,692.0,670.0,0.0,5.0
202205,AL,216.0,425.0,412.0,104.0,46.0
202205,AM,2.0,2.0,2.0,0.0,2.0
202205,AP,165.0,333.0,320.0,0.0,0.0
202205,BA,4324.0,4694.0,4607.0,928.0,169.0
202205,CE,834.0,1686.0,1367.0,381.0,29.0
202205,DF,4970.0,9587.0,9366.0,490.0,25.0
202205,ES,3827.0,206.0,3843.0,68.0,0.0
202205,GO,7777.0,10870.0,11303.0,3140.0,78.0
202205,MA,573.0,598.0,597.0,0.0,70.0
202205,MG,21953.0,41659.0,41051.0,5416.0,195.0
202205,MS,1970.0,2936.0,3080.0,54.0,13.0
202205,MT,424.0,514.0,529.0,0.0,52.0
202205,PB,199.0,338.0,287.0,47.0,60.0
202205,PE,1108.0,1204.0,1149.0,0.0,102.0
202205,PI,1064.0,1328.0,1327.0,0.0,41.0
202205,PR,8700.0,19083.0,18405.0,2474.0,92.0
202205,RJ,1299.0,1299.0,1299.0,0.0,132.0
202205,RN,471.0,585.0,610.0,0.0,30.0
202205,RO,1725.0,3304.0,3212.0,1236.0,42.0
202205,RR,481.0,981.0,803.0,346.0,11.0
202205,RS,130.0,313.0,288.0,73.0,138.0
202205,SC,16056.0,25698.0,25445.0,2636.0,112.0
202205,SE,25.0,18.0,25.0,0.0,0.0
202205,SP,16623.0,5203.0,17328.0,1710.0,474.0
202205,TO,290.0,546.0,526.0,204.0,18.0
202206,AC,318.0,637.0,621.0,53.0,6.0
202206,AL,185.0,361.0,352.0,89.0,46.0
202206,AP,144.0,309.0,297.0,0.0,0.0
202206,BA,4224.0,4606.0,4553.0,973.0,170.0
202206,CE,798.0,1614.0,1306.0,352.0,56.0
202206,DF,4538.0,8846.0,8655.0,435.0,18.0
202206,ES,3818.0,222.0,3839.0,78.0,0.0
202206,GO,7289.0,10003.0,10409.0,2838.0,72.0
202206,MA,490.0,520.0,519.0,0.0,95.0
202206,MG,20198.0,38370.0,37748.0,5032.0,194.0
202206,MS,1805.0,2749.0,2865.0,39.0,13.0
202206,MT,337.0,443.0,434.0,0.0,31.0
202206,PB,190.0,338.0,289.0,7.0,63.0
202206,PE,834.0,945.0,890.0,0.0,113.0
202206,PI,956.0,1179.0,1177.0,0.0,38.0
202206,PR,8146.0,17986.0,17357.0,2395.0,107.0
202206,RJ,1558.0,1558.0,1558.0,0.0,115.0
202206,RN,447.0,576.0,572.0,0.0,21.0
202206,RO,1527.0,2940.0,2832.0,1153.0,42.0
202206,RR,415.0,821.0,673.0,300.0,5.0
202206,RS,122.0,277.0,261.0,60.0,136.0
202206,SC,15217.0,24340.0,24123.0,2413.0,92.0
202206,SE,32.0,32.0,32.0,0.0,4.0
202206,SP,15683.0,4993.0,16370.0,1616.0,472.0
202206,TO,297.0,577.0,555.0,206.0,19.0
202207,AC,314.0,653.0,638.0,49.0,6.0
202207,AL,181.0,357.0,345.0,85.0,45.0
202207,AP,134.0,255.0,244.0,0.0,3.0
202207,BA,4517.0,4954.0,4797.0,881.0,157.0
202207,CE,817.0,1709.0,1393.0,381.0,75.0
202207,DF,4555.0,8831.0,8642.0,467.0,25.0
202207,ES,970.0,237.0,988.0,73.0,0.0
202207,GO,6563.0,9930.0,9878.0,2340.0,62.0
202207,MA,609.0,637.0,636.0,0.0,110.0
202207,MG,22230.0,42251.0,41563.0,5493.0,195.0
202207,MS,1891.0,2862.0,3013.0,61.0,18.0
202207,MT,529.0,323.0,546.0,0.0,29.0
202207,PB,177.0,313.0,270.0,50.0,70.0
202207,PE,565.0,646.0,609.0,0.0,71.0
202207,PI,1114.0,1397.0,1380.0,0.0,37.0
202207,PR,8226.0,18217.0,17557.0,2551.0,113.0
202207,RJ,1351.0,1351.0,1351.0,0.0,147.0
202207,RO,1550.0,2946.0,2895.0,1215.0,40.0
202207,RR,477.0,969.0,815.0,345.0,14.0
202207,RS,129.0,330.0,301.0,74.0,154.0
202207,SC,15194.0,23901.0,23622.0,2633.0,89.0
202207,SE,65.0,64.0,65.0,0.0,4.0
202207,SP,17809.0,22334.0,28494.0,11348.0,536.0
202207,TO,306.0,600.0,588.0,243.0,20.0
202208,AC,359.0,752.0,716.0,1.0,7.0
202208,AL,246.0,494.0,470.0,134.0,41.0
202208,AP,171.0,350.0,341.0,0.0,1.0
202208,BA,4617.0,4898.0,4849.0,842.0,169.0
202208,CE,910.0,1884.0,1529.0,366.0,46.0
202208,DF,5396.0,10513.0,10287.0,521.0,23.0
202208,ES,896.0,243.0,913.0,75.0,0.0
202208,GO,7065.0,10670.0,10686.0,2397.0,53.0
202208,MA,740.0,778.0,776.0,0.0,128.0
202208,MG,22598.0,43019.0,42208.0,5998.0,186.0
202208,MS,2071.0,3052.0,3191.0,62.0,10.0
202208,MT,459.0,283.0,475.0,0.0,22.0
202208,PB,186.0,347.0,290.0,81.0,50.0
202208,PE,1388.0,1531.0,1462.0,0.0,79.0
202208,PI,1106.0,1371.0,1364.0,0.0,33.0
202208,PR,8781.0,19179.0,18482.0,2474.0,99.0
202208,RJ,1604.0,1604.0,1604.0,0.0,164.0
202208,RO,1581.0,3058.0,2984.0,1240.0,38.0
202208,RR,520.0,1037.0,874.0,402.0,13.0
202208,RS,127.0,321.0,284.0,72.0,143.0
202208,SC,16247.0,16719.0,16707.0,1491.0,61.0
202208,SE,42.0,0.0,42.0,0.0,0.0
202208,SP,16191.0,499.0,16225.0,29.0,456.0
202208,TO,320.0,628.0,608.0,239.0,21.0
202209,AC,355.0,716.0,698.0,3.0,2.0
202209,AL,166.0,353.0,341.0,91.0,32.0
202209,AP,172.0,358.0,342.0,0.0,1.0
202209,BA,4548.0,4931.0,4757.0,894.0,149.0
202209,CE,916.0,1885.0,1505.0,358.0,52.0
202209,DF,5029.0,9633.0,9438.0,485.0,21.0
202209,ES,5.0,0.0,5.0,0.0,0.0
202209,GO,7120.0,10805.0,10782.0,2433.0,59.0
202209,MA,686.0,716.0,716.0,0.0,101.0
202209,MG,22217.0,42145.0,41462.0,5729.0,156.0
202209,MS,1859.0,2818.0,2943.0,52.0,5.0
202209,MT,479.0,294.0,500.0,0.0,26.0
202209,PB,225.0,397.0,352.0,48.0,66.0
202209,PE,1401.0,1570.0,1495.0,0.0,114.0
202209,PI,1168.0,1475.0,1455.0,0.0,41.0
202209,PR,8406.0,18328.0,17709.0,2277.0,100.0
202209,RJ,1444.0,1444.0,1444.0,0.0,146.0
202209,RO,1674.0,3245.0,3105.0,1225.0,42.0
202209,RR,591.0,1207.0,994.0,522.0,18.0
202209,RS,125.0,321.0,278.0,72.0,133.0
202209,SC,15555.0,15554.0,15555.0,1418.0,49.0
202209,SE,27.0,26.0,27.0,0.0,4.0
202209,SP,17373.0,21045.0,27318.0,10344.0,475.0
202209,TO,327.0,606.0,601.0,229.0,16.0
202210,AC,343.0,715.0,691.0,0.0,3.0
202210,AL,239.0,512.0,484.0,132.0,56.0
202210,AP,156.0,339.0,318.0,0.0,0.0
202210,BA,4923.0,5256.0,5166.0,881.0,173.0
202210,CE,956.0,2004.0,1672.0,413.0,95.0
202210,DF,4763.0,9112.0,8949.0,454.0,28.0
202210,ES,905.0,231.0,919.0,66.0,0.0
202210,GO,6986.0,10577.0,10529.0,2445.0,55.0
202210,MA,726.0,769.0,767.0,0.0,118.0
202210,MG,23446.0,44228.0,43443.0,5997.0,213.0
202210,MS,1929.0,2838.0,2983.0,49.0,17.0
202210,MT,596.0,754.0,655.0,142.0,213.0
202210,PB,232.0,412.0,347.0,67.0,74.0
202210,PE,1090.0,1219.0,1150.0,0.0,128.0
202210,PI,1186.0,1455.0,1456.0,0.0,44.0
202210,PR,8917.0,19475.0,18798.0,2462.0,96.0
202210,RJ,1536.0,1511.0,1536.0,0.0,95.0
202210,RO,1612.0,3168.0,3096.0,1269.0,49.0
202210,RR,535.0,1090.0,906.0,450.0,14.0
202210,RS,145.0,360.0,332.0,82.0,168.0
202210,SC,16481.0,16481.0,16481.0,1521.0,59.0
202210,SE,73.0,73.0,73.0,0.0,4.0
202210,SP,18317.0,22216.0,28879.0,11140.0,494.0
202210,TO,310.0,598.0,587.0,232.0,23.0
202211,AC,294.0,602.0,584.0,1.0,4.0
202211,AL,205.0,407.0,392.0,96.0,55.0
202211,AP,129.0,271.0,260.0,0.0,1.0
202211,BA,3605.0,3833.0,3669.0,525.0,94.0
202211,CE,870.0,1771.0,1473.0,393.0,90.0
202211,DF,4689.0,8878.0,8707.0,437.0,18.0
202211,ES,770.0,190.0,789.0,55.0,0.0
202211,GO,6390.0,9596.0,9594.0,2161.0,34.0
202211,MA,674.0,724.0,724.0,0.0,97.0
202211,MG,21831.0,40744.0,40020.0,5194.0,140.0
202211,MS,1922.0,2696.0,2957.0,67.0,14.0
202211,MT,543.0,683.0,599.0,0.0,190.0
202211,PB,230.0,392.0,347.0,33.0,64.0
202211,PE,634.0,707.0,668.0,0.0,84.0
202211,PI,1002.0,1246.0,1238.0,0.0,14.0
202211,PR,8540.0,18760.0,18103.0,2393.0,88.0
202211,RJ,1354.0,1352.0,1354.0,0.0,141.0
202211,RO,1443.0,2751.0,2691.0,1056.0,29.0
202211,RR,499.0,1009.0,844.0,417.0,12.0
202211,RS,115.0,258.0,238.0,47.0,129.0
202211,SC,16110.0,16109.0,16110.0,1450.0,63.0
202211,SE,55.0,55.0,55.0,0.0,4.0
202211,SP,17894.0,20989.0,27983.0,10465.0,435.0
202211,TO,289.0,549.0,535.0,193.0,21.0
202212,AC,326.0,664.0,644.0,1.0,4.0
202212,AL,223.0,466.0,445.0,107.0,85.0
202212,AM,1.0,1.0,1.0,0.0,1.0
202212,AP,127.0,233.0,237.0,0.0,3.0
202212,BA,3974.0,4214.0,4048.0,561.0,101.0
202212,CE,764.0,1530.0,1333.0,377.0,73.0
202212,DF,4714.0,8972.0,8792.0,448.0,29.0
202212,ES,756.0,176.0,765.0,44.0,0.0
202212,GO,6536.0,10017.0,9930.0,2244.0,45.0
202212,MA,817.0,862.0,874.0,0.0,100.0
202212,MG,23295.0,43317.0,42549.0,5474.0,146.0
202212,MS,1972.0,2055.0,2750.0,1.0,9.0
202212,MT,530.0,672.0,585.0,0.0,227.0
202212,PB,234.0,402.0,344.0,27.0,77.0
202212,PE,1640.0,1796.0,1719.0,0.0,116.0
202212,PI,897.0,1160.0,1150.0,0.0,27.0
202212,PR,8593.0,18706.0,18028.0,2327.0,100.0
202212,RJ,1484.0,1484.0,1484.0,0.0,143.0
202212,RO,1560.0,3044.0,2961.0,1088.0,26.0
202212,RR,512.0,1057.0,856.0,431.0,16.0
202212,RS,152.0,351.0,328.0,88.0,168.0
202212,SC,17066.0,17066.0,17066.0,1483.0,50.0
202212,SE,60.0,59.0,60.0,0.0,6.0
202212,SP,16832.0,18474.0,25571.0,10374.0,408.0
202212,TO,320.0,588.0,571.0,210.0,14.0
202301,AC,237.0,485.0,470.0,0.0,2.0
202301,AL,274.0,546.0,522.0,114.0,79.0
202301,AM,30.0,34.0,34.0,0.0,34.0
202301,BA,4496.0,4650.0,4571.0,730.0,131.0
202301,CE,910.0,1862.0,1571.0,457.0,75.0
202301,DF,3837.0,7295.0,7158.0,358.0,14.0
202301,ES,3562.0,5022.0,5345.0,49.0,89.0
202301,GO,7246.0,10175.0,10431.0,2948.0,52.0
202301,MA,745.0,268.0,766.0,0.0,89.0
202301,MG,20100.0,37114.0,36396.0,4755.0,131.0
202301,MS,1657.0,1935.0,2364.0,0.0,8.0
202301,MT,503.0,615.0,592.0,0.0,77.0
202301,PB,202.0,380.0,318.0,9.0,58.0
202301,PE,1723.0,1857.0,1790.0,0.0,107.0
202301,PI,763.0,980.0,979.0,0.0,41.0
202301,PR,6522.0,14381.0,13798.0,1972.0,85.0
202301,RJ,1393.0,1393.0,1393.0,0.0,108.0
202301,RO,1246.0,2357.0,2294.0,868.0,31.0
202301,RR,470.0,929.0,749.0,375.0,13.0
202301,RS,121.0,306.0,280.0,83.0,142.0
202301,SC,15270.0,15269.0,15270.0,1472.0,62.0
202301,SE,118.0,19.0,118.0,0.0,0.0
202301,SP,14321.0,372.0,14340.0,0.0,372.0
202301,TO,242.0,482.0,470.0,167.0,27.0
202302,AC,250.0,526.0,490.0,0.0,0.0
202302,AL,298.0,743.0,609.0,98.0,51.0
202302,AM,26.0,28.0,27.0,0.0,28.0
202302,AP,1.0,0.0,1.0,0.0,0.0
202302,BA,4063.0,4192.0,4137.0,738.0,123.0
202302,CE,814.0,1640.0,1392.0,387.0,57.0
202302,DF,4125.0,8050.0,7879.0,427.0,18.0
202302,ES,3668.0,6294.0,6135.0,758.0,84.0
202302,GO,7055.0,9889.0,10171.0,2797.0,49.0
202302,MA,732.0,785.0,794.0,0.0,76.0
202302,MG,20315.0,38057.0,37356.0,5126.0,148.0
202302,MS,1680.0,1974.0,2383.0,0.0,7.0
202302,MT,474.0,561.0,542.0,0.0,58.0
202302,PB,224.0,365.0,317.0,17.0,53.0
202302,PE,1672.0,1802.0,1734.0,0.0,130.0
202302,PI,532.0,733.0,726.0,0.0,30.0
202302,PR,6691.0,14753.0,14223.0,1952.0,89.0
202302,RJ,1388.0,1389.0,1389.0,0.0,109.0
202302,RO,1339.0,2604.0,2541.0,1002.0,26.0
202302,RR,503.0,1022.0,810.0,431.0,16.0
202302,RS,103.0,283.0,236.0,68.0,114.0
202302,SC,15434.0,15434.0,15434.0,1494.0,42.0
202302,SE,95.0,4.0,95.0,0.0,0.0
202302,SP,14049.0,17756.0,22463.0,9009.0,370.0
202302,TO,296.0,530.0,522.0,197.0,12.0
202303,AC,293.0,544.0,549.0,0.0,1.0
202303,AL,313.0,760.0,633.0,91.0,65.0
202303,AM,17.0,17.0,17.0,0.0,17.0
202303,BA,4397.0,4528.0,4479.0,747.0,135.0
202303,CE,967.0,1978.0,1630.0,435.0,61.0
202303,DF,4937.0,9576.0,9394.0,469.0,17.0
202303,ES,4310.0,7204.0,7062.0,888.0,117.0
202303,GO,8245.0,11738.0,12061.0,3156.0,55.0
202303,MA,824.0,876.0,882.0,0.0,86.0
202303,MG,23883.0,44211.0,43491.0,5866.0,159.0
202303,MS,1986.0,2339.0,2821.0,0.0,9.0
202303,MT,503.0,614.0,582.0,0.0,73.0
202303,PB,210.0,305.0,276.0,16.0,49.0
202303,PE,1769.0,1909.0,1848.0,0.0,105.0
202303,PI,602.0,831.0,820.0,0.0,25.0
202303,PR,8661.0,19066.0,18418.0,2369.0,88.0
202303,RJ,1686.0,1686.0,1686.0,0.0,126.0
202303,RO,1563.0,3027.0,2960.0,1137.0,21.0
202303,RR,507.0,1007.0,807.0,401.0,21.0
202303,RS,150.0,309.0,295.0,49.0,162.0
202303,SC,17759.0,17758.0,17759.0,1776.0,56.0
202303,SE,109.0,90.0,109.0,0.0,8.0
202303,SP,16437.0,433.0,16463.0,0.0,433.0
202303,TO,364.0,630.0,617.0,214.0,11.0
202304,AC,242.0,61.0,271.0,0.0,3.0
202304,AL,315.0,951.0,670.0,103.0,62.0
202304,AM,2.0,2.0,2.0,0.0,2.0
202304,BA,4572.0,4728.0,4642.0,803.0,154.0
202304,CE,823.0,1681.0,1392.0,416.0,44.0
202304,DF,4395.0,8494.0,8328.0,473.0,20.0
202304,ES,3371.0,5524.0,5411.0,282.0,61.0
202304,GO,8176.0,11657.0,11916.0,3337.0,78.0
202304,MA,693.0,737.0,735.0,0.0,69.0
202304,MG,21734.0,41155.0,40399.0,5681.0,176.0
202304,MS,1510.0,2130.0,2367.0,0.0,12.0
202304,MT,43.0,46.0,46.0,0.0,46.0
202304,PB,229.0,359.0,334.0,37.0,50.0
202304,PE,1860.0,2026.0,1947.0,0.0,135.0
202304,PI,605.0,825.0,812.0,0.0,38.0
202304,PR,7670.0,17129.0,16491.0,2141.0,96.0
202304,RJ,1569.0,1567.0,1569.0,0.0,129.0
202304,RO,1457.0,2828.0,2751.0,1095.0,34.0
202304,RR,470.0,0.0,470.0,0.0,0.0
202304,RS,129.0,299.0,292.0,73.0,151.0
202304,SC,16147.0,16147.0,16147.0,1639.0,62.0
202304,SE,110.0,80.0,110.0,0.0,5.0
202304,SP,16352.0,408.0,16378.0,0.0,408.0
202304,TO,323.0,571.0,563.0,220.0,14.0
202305,AC,334.0,205.0,430.0,4.0,3.0
202305,AL,325.0,781.0,678.0,145.0,54.0
202305,AM,26.0,20.0,27.0,0.0,20.0
202305,BA,3876.0,4032.0,3966.0,597.0,79.0
202305,CE,926.0,1897.0,1634.0,462.0,66.0
202305,DF,5263.0,10253.0,10048.0,548.0,28.0
202305,ES,3922.0,6436.0,6309.0,575.0,77.0
202305,GO,8697.0,12576.0,12820.0,3723.0,91.0
202305,MA,873.0,922.0,934.0,0.0,85.0
202305,MG,24415.0,45800.0,44989.0,6283.0,156.0
202305,MS,1361.0,2695.0,2624.0,0.0,20.0
202305,MT,34.0,37.0,36.0,0.0,37.0
202305,PB,202.0,333.0,289.0,20.0,75.0
202305,PE,1790.0,1937.0,1859.0,0.0,134.0
202305,PI,547.0,724.0,707.0,0.0,34.0
202305,PR,7659.0,17144.0,16473.0,2183.0,111.0
202305,RJ,1.0,1.0,1.0,0.0,0.0
202305,RO,1580.0,3019.0,2950.0,1184.0,41.0
202305,RR,365.0,0.0,365.0,0.0,0.0
202305,RS,122.0,280.0,271.0,66.0,134.0
202305,SC,16741.0,16741.0,16741.0,1724.0,55.0
202305,SE,101.0,82.0,101.0,0.0,5.0
202305,SP,18569.0,411.0,18582.0,0.0,411.0
202305,TO,412.0,724.0,715.0,253.0,26.0
202306,AC,314.0,637.0,595.0,15.0,2.0
202306,AL,291.0,617.0,552.0,91.0,44.0
202306,AM,24.0,24.0,24.0,0.0,24.0
202306,BA,3466.0,3622.0,3557.0,326.0,101.0
202306,CE,1030.0,2118.0,1808.0,467.0,72.0
202306,DF,4671.0,9169.0,8979.0,531.0,22.0
202306,ES,3743.0,6086.0,5937.0,264.0,71.0
202306,GO,8817.0,12708.0,13081.0,6677.0,96.0
202306,MG,24183.0,44541.0,43782.0,6013.0,173.0
202306,MS,1686.0,3178.0,3101.0,0.0,26.0
202306,MT,47.0,48.0,48.0,0.0,48.0
202306,PB,195.0,293.0,271.0,19.0,64.0
202306,PE,1743.0,1894.0,1827.0,0.0,128.0
202306,PI,845.0,1053.0,1158.0,0.0,31.0
202306,PR,8769.0,19448.0,18752.0,2204.0,101.0
202306,RJ,1631.0,1631.0,1631.0,0.0,112.0
202306,RO,1614.0,3070.0,2998.0,1235.0,45.0
202306,RR,300.0,0.0,300.0,0.0,0.0
202306,RS,105.0,261.0,242.0,61.0,114.0
202306,SC,17092.0,17092.0,17092.0,1710.0,55.0
202306,SE,123.0,109.0,123.0,0.0,11.0
202306,SP,18889.0,447.0,18909.0,0.0,447.0
202306,TO,395.0,694.0,681.0,277.0,21.0
202307,AC,345.0,612.0,645.0,0.0,5.0
202307,AL,321.0,745.0,649.0,156.0,46.0
202307,BA,4332.0,4541.0,4420.0,396.0,114.0
202307,CE,1024.0,2085.0,1752.0,434.0,61.0
202307,DF,4771.0,9327.0,9162.0,551.0,28.0
202307,ES,3965.0,6385.0,6249.0,420.0,92.0
202307,GO,8663.0,12380.0,12757.0,8803.0,134.0
202307,MG,24473.0,38438.0,38432.0,6328.0,201.0
202307,MS,1949.0,3646.0,3564.0,0.0,30.0
202307,PB,206.0,334.0,288.0,23.0,58.0
202307,PE,1822.0,1959.0,1888.0,0.0,101.0
202307,PI,817.0,1121.0,1147.0,0.0,26.0
202307,PR,8089.0,17884.0,17310.0,2205.0,110.0
202307,RJ,1701.0,1701.0,1701.0,0.0,126.0
202307,RO,1714.0,3404.0,3304.0,1300.0,46.0
202307,RR,296.0,0.0,296.0,0.0,0.0
202307,RS,114.0,243.0,238.0,56.0,120.0
202307,SC,16184.0,16183.0,16184.0,1514.0,66.0
202307,SE,114.0,92.0,114.0,0.0,8.0
202307,SP,18783.0,456.0,18808.0,0.0,456.0
202307,TO,382.0,761.0,747.0,314.0,39.0
202308,AC,335.0,666.0,636.0,4.0,3.0
202308,AL,312.0,656.0,614.0,130.0,16.0
202308,AM,4.0,0.0,4.0,0.0,0.0
202308,BA,4776.0,4995.0,4877.0,687.0,104.0
202308,CE,1050.0,2178.0,1845.0,422.0,49.0
202308,DF,5950.0,11495.0,11230.0,616.0,16.0
202308,ES,3944.0,6246.0,6128.0,357.0,86.0
202308,GO,9108.0,13025.0,13420.0,9196.0,120.0
202308,MG,24906.0,39175.0,39101.0,6323.0,172.0
202308,MS,2138.0,4027.0,3934.0,0.0,26.0
202308,PB,185.0,327.0,289.0,22.0,48.0
202308,PE,1854.0,2009.0,1930.0,0.0,114.0
202308,PI,830.0,1029.0,1114.0,0.0,38.0
202308,PR,8601.0,18967.0,18403.0,2182.0,85.0
202308,RO,1692.0,3259.0,3179.0,1345.0,45.0
202308,RR,368.0,0.0,368.0,0.0,0.0
202308,RS,114.0,314.0,276.0,79.0,124.0
202308,SC,16968.0,16968.0,16968.0,1733.0,72.0
202308,SE,116.0,102.0,116.0,0.0,9.0
202308,SP,18002.0,449.0,18020.0,0.0,449.0
202308,TO,325.0,617.0,598.0,218.0,25.0
202309,AC,319.0,235.0,431.0,0.0,1.0
202309,AL,263.0,575.0,525.0,86.0,37.0
202309,AM,30.0,0.0,30.0,0.0,0.0
202309,BA,4998.0,5262.0,5099.0,699.0,107.0
202309,CE,920.0,1888.0,1677.0,372.0,47.0
202309,DF,4870.0,9479.0,9299.0,543.0,22.0
202309,ES,3657.0,5920.0,5780.0,285.0,84.0
202309,GO,8752.0,12708.0,13071.0,8928.0,102.0
202309,MG,23089.0,36192.0,36156.0,6021.0,181.0
202309,MS,2029.0,3768.0,3683.0,0.0,16.0
202309,PB,177.0,265.0,246.0,14.0,68.0
202309,PE,1836.0,1950.0,1903.0,0.0,101.0
202309,PI,815.0,1114.0,1100.0,0.0,28.0
202309,PR,8111.0,17796.0,17219.0,1978.0,97.0
202309,RJ,1847.0,1849.0,1849.0,0.0,119.0
202309,RO,1479.0,2894.0,2832.0,1156.0,44.0
202309,RR,326.0,0.0,326.0,0.0,0.0
202309,RS,91.0,211.0,202.0,47.0,102.0
202309,SC,16074.0,16074.0,16074.0,1573.0,62.0
202309,SE,68.0,60.0,68.0,0.0,6.0
202309,SP,17907.0,536.0,17934.0,0.0,536.0
202309,TO,321.0,615.0,604.0,228.0,29.0
202310,AC,345.0,705.0,684.0,0.0,3.0
202310,AL,269.0,595.0,528.0,107.0,54.0
202310,AM,33.0,3.0,33.0,0.0,3.0
202310,BA,5081.0,5354.0,5205.0,632.0,120.0
202310,CE,1033.0,2141.0,1894.0,399.0,44.0
202310,DF,4806.0,9271.0,9094.0,470.0,24.0
202310,ES,3672.0,5779.0,5665.0,196.0,65.0
202310,GO,8354.0,12101.0,12486.0,8406.0,90.0
202310,MG,24107.0,37284.0,37266.0,5817.0,177.0
202310,MS,1853.0,3454.0,3384.0,0.0,14.0
202310,PB,204.0,310.0,282.0,20.0,83.0
202310,PE,1828.0,1987.0,1912.0,0.0,105.0
202310,PI,889.0,1152.0,1173.0,0.0,30.0
202310,PR,8436.0,18487.0,17884.0,1941.0,90.0
202310,RJ,1749.0,1749.0,1749.0,0.0,131.0
202310,RO,1518.0,3005.0,2945.0,1164.0,15.0
202310,RR,327.0,737.0,604.0,206.0,21.0
202310,RS,106.0,259.0,251.0,58.0,118.0
202310,SC,15924.0,15923.0,15924.0,1426.0,59.0
202310,SE,129.0,119.0,129.0,0.0,8.0
202310,SP,18267.0,548.0,18306.0,0.0,548.0
202310,TO,328.0,621.0,611.0,210.0,15.0
202311,AC,58.0,109.0,105.0,0.0,0.0
202311,AL,285.0,622.0,558.0,123.0,53.0
202311,AM,22.0,20.0,22.0,0.0,20.0
202311,BA,5607.0,5910.0,5724.0,755.0,118.0
202311,CE,982.0,2017.0,1782.0,339.0,47.0
202311,DF,4739.0,9324.0,9136.0,451.0,20.0
202311,ES,3538.0,5620.0,5506.0,0.0,68.0
202311,GO,8288.0,12008.0,12419.0,8367.0,84.0
202311,MG,24192.0,37660.0,37631.0,5828.0,163.0
202311,MS,1916.0,3533.0,3488.0,0.0,13.0
202311,PB,189.0,284.0,257.0,13.0,67.0
202311,PE,1396.0,1519.0,1457.0,0.0,95.0
202311,PI,206.0,374.0,330.0,0.0,0.0
202311,PR,8874.0,19410.0,18808.0,2208.0,99.0
202311,RJ,1970.0,1969.0,1970.0,0.0,133.0
202311,RO,1537.0,2919.0,2869.0,1169.0,31.0
202311,RR,326.0,708.0,590.0,221.0,10.0
202311,RS,130.0,315.0,292.0,80.0,136.0
202311,SC,17474.0,17473.0,17474.0,1559.0,52.0
202311,SE,147.0,133.0,147.0,0.0,11.0
202311,SP,17327.0,469.0,17357.0,0.0,469.0
202311,TO,396.0,759.0,750.0,285.0,21.0
202312,AC,68.0,124.0,121.0,0.0,2.0
202312,AL,303.0,669.0,586.0,128.0,56.0
202312,AM,33.0,33.0,34.0,0.0,33.0
202312,BA,6202.0,6565.0,6331.0,795.0,130.0
202312,CE,1055.0,2140.0,1821.0,371.0,39.0
202312,DF,5036.0,9922.0,9728.0,269.0,22.0
202312,ES,4017.0,6334.0,6204.0,0.0,78.0
202312,GO,8981.0,12863.0,13314.0,9017.0,101.0
202312,MG,25906.0,40672.0,40599.0,6312.0,181.0
202312,MS,1982.0,3723.0,3671.0,0.0,15.0
202312,PB,210.0,329.0,298.0,19.0,64.0
202312,PE,1304.0,1424.0,1369.0,0.0,139.0
202312,PI,562.0,956.0,821.0,0.0,0.0
202312,PR,8475.0,19280.0,18572.0,2305.0,95.0
202312,RJ,1925.0,1859.0,1925.0,0.0,70.0
202312,RO,1351.0,2697.0,2621.0,1030.0,44.0
202312,RR,323.0,690.0,582.0,180.0,16.0
202312,RS,146.0,362.0,348.0,105.0,154.0
202312,SC,18620.0,18620.0,18620.0,1670.0,53.0
202312,SE,142.0,114.0,142.0,0.0,12.0
202312,SP,18725.0,566.0,18753.0,0.0,566.0
202312,TO,424.0,791.0,780.0,296.0,44.0
202401,AC,300.0,575.0,554.0,3.0,5.0
202401,AL,325.0,808.0,684.0,189.0,41.0
202401,AM,36.0,35.0,36.0,0.0,35.0
202401,BA,3927.0,3982.0,3982.0,632.0,169.0
202401,CE,954.0,1980.0,1818.0,291.0,43.0
202401,DF,3868.0,7362.0,7207.0,217.0,10.0
202401,ES,2847.0,4404.0,4330.0,0.0,54.0
202401,GO,7758.0,11363.0,11698.0,7871.0,79.0
202401,MG,21373.0,33096.0,33139.0,4889.0,128.0
202401,MS,1730.0,3218.0,3158.0,0.0,26.0
202401,MT,315.0,316.0,317.0,24.0,56.0
202401,PB,214.0,344.0,304.0,16.0,65.0
202401,PE,1254.0,1397.0,1328.0,0.0,153.0
202401,PI,934.0,1569.0,1384.0,0.0,6.0
202401,PR,7010.0,15493.0,14970.0,1821.0,90.0
202401,RJ,1707.0,1702.0,1707.0,0.0,126.0
202401,RO,1105.0,2118.0,2071.0,780.0,34.0
202401,RR,262.0,543.0,451.0,176.0,11.0
202401,RS,122.0,310.0,305.0,93.0,132.0
202401,SC,16421.0,16421.0,16421.0,1479.0,42.0
202401,SE,136.0,116.0,136.0,0.0,6.0
202401,SP,15419.0,421.0,15452.0,0.0,421.0
202401,TO,402.0,742.0,729.0,291.0,18.0
202402,AC,288.0,562.0,545.0,2.0,1.0
202402,AL,318.0,652.0,601.0,108.0,66.0
202402,AM,27.0,28.0,29.0,0.0,28.0
202402,BA,3787.0,3856.0,3850.0,715.0,134.0
202402,CE,874.0,1781.0,1549.0,285.0,43.0
202402,DF,4295.0,8260.0,8089.0,234.0,16.0
202402,ES,2866.0,4438.0,4329.0,0.0,59.0
202402,GO,7651.0,11145.0,11476.0,7722.0,83.0
202402,MG,21632.0,33795.0,33682.0,5012.0,148.0
202402,MS,1729.0,3261.0,3211.0,0.0,11.0
202402,MT,434.0,437.0,439.0,0.0,63.0
202402,PB,226.0,350.0,306.0,18.0,72.0
202402,PE,1140.0,1260.0,1198.0,0.0,91.0
202402,PI,833.0,1373.0,1306.0,0.0,8.0
202402,PR,7888.0,17402.0,16780.0,2001.0,85.0
202402,RJ,1719.0,1716.0,1719.0,0.0,132.0
202402,RO,1291.0,2469.0,2417.0,921.0,22.0
202402,RR,284.0,589.0,465.0,231.0,4.0
202402,RS,114.0,268.0,262.0,56.0,119.0
202402,SC,16544.0,16544.0,16544.0,1576.0,63.0
202402,SE,125.0,111.0,125.0,0.0,5.0
202402,SP,14593.0,416.0,14614.0,0.0,416.0
202402,TO,442.0,812.0,804.0,304.0,20.0
202403,AC,372.0,702.0,682.0,5.0,1.0
202403,AL,317.0,769.0,607.0,111.0,77.0
202403,AM,29.0,27.0,30.0,0.0,27.0
202403,BA,4141.0,4213.0,4211.0,920.0,150.0
202403,CE,980.0,1954.0,1738.0,363.0,44.0
202403,DF,5498.0,10697.0,10478.0,293.0,24.0
202403,ES,3427.0,5304.0,5192.0,0.0,84.0
202403,GO,9079.0,13234.0,13631.0,9185.0,102.0
202403,MG,24585.0,38502.0,38445.0,5571.0,168.0
202403,MS,2095.0,3945.0,3877.0,0.0,24.0
202403,MT,342.0,344.0,348.0,29.0,66.0
202403,PB,246.0,403.0,407.0,46.0,62.0
202403,PE,1321.0,1442.0,1386.0,0.0,119.0
202403,PI,976.0,1600.0,1565.0,0.0,7.0
202403,PR,8991.0,19865.0,19197.0,2253.0,83.0
202403,RJ,940.0,1.0,940.0,0.0,0.0
202403,RO,1428.0,2824.0,2764.0,1033.0,33.0
202403,RR,328.0,715.0,589.0,235.0,10.0
202403,RS,143.0,351.0,326.0,93.0,150.0
202403,SC,18360.0,18358.0,18360.0,1685.0,58.0
202403,SE,118.0,95.0,118.0,0.0,8.0
202403,SP,17237.0,513.0,17259.0,0.0,513.0
202403,TO,487.0,872.0,862.0,325.0,14.0
202404,AC,316.0,613.0,585.0,0.0,5.0
202404,AL,338.0,737.0,635.0,134.0,58.0
202404,AM,7.0,6.0,8.0,0.0,6.0
202404,BA,4200.0,4242.0,4239.0,746.0,123.0
202404,CE,1081.0,2104.0,1770.0,344.0,41.0
202404,DF,5764.0,11227.0,10965.0,298.0,15.0
202404,ES,3451.0,5344.0,5212.0,0.0,84.0
202404,GO,9151.0,13417.0,13783.0,9248.0,94.0
202404,MG,24930.0,39165.0,39112.0,5900.0,172.0
202404,MS,1983.0,3739.0,3677.0,0.0,11.0
202404,MT,374.0,376.0,378.0,43.0,64.0
202404,PB,206.0,336.0,332.0,46.0,50.0
202404,PE,1252.0,1375.0,1317.0,0.0,129.0
202404,PI,1101.0,1792.0,1732.0,0.0,4.0
202404,PR,9058.0,20111.0,19419.0,2263.0,99.0
202404,RO,1435.0,2829.0,2755.0,1047.0,29.0
202404,RR,339.0,725.0,579.0,275.0,20.0
202404,RS,123.0,277.0,274.0,64.0,133.0
202404,SC,18099.0,18099.0,18099.0,1603.0,56.0
202404,SE,118.0,96.0,118.0,0.0,11.0
202404,SP,16667.0,532.0,16696.0,0.0,532.0
202404,TO,477.0,899.0,888.0,284.0,25.0
202405,AC,371.0,735.0,702.0,0.0,1.0
202405,AL,299.0,675.0,583.0,86.0,65.0
202405,AM,32.0,29.0,34.0,0.0,29.0
202405,BA,4189.0,4272.0,4267.0,813.0,141.0
202405,CE,987.0,1943.0,1600.0,312.0,47.0
202405,DF,5697.0,11239.0,10992.0,332.0,22.0
202405,ES,3631.0,5611.0,5496.0,0.0,112.0
202405,GO,9744.0,14262.0,14741.0,9802.0,97.0
202405,MG,25522.0,40105.0,40023.0,6280.0,155.0
202405,MS,2022.0,3873.0,3816.0,0.0,13.0
202405,MT,389.0,388.0,390.0,0.0,78.0
202405,PB,239.0,384.0,385.0,48.0,71.0
202405,PE,1197.0,1331.0,1265.0,0.0,154.0
202405,PI,947.0,1565.0,1500.0,0.0,3.0
202405,PR,9132.0,20215.0,19558.0,2373.0,99.0
202405,RJ,1666.0,1.0,1666.0,0.0,0.0
202405,RO,1450.0,2867.0,2794.0,1090.0,42.0
202405,RR,308.0,651.0,536.0,235.0,11.0
202405,RS,117.0,305.0,300.0,88.0,133.0
202405,SE,125.0,106.0,125.0,0.0,5.0
202405,SP,17649.0,563.0,17673.0,0.0,563.0
202405,TO,536.0,1035.0,1013.0,360.0,34.0
202406,AC,373.0,701.0,674.0,0.0,8.0
202406,AL,319.0,729.0,640.0,103.0,69.0
202406,AM,37.0,0.0,37.0,0.0,0.0
202406,BA,4087.0,4173.0,4170.0,771.0,162.0
202406,CE,918.0,1799.0,1469.0,295.0,41.0
202406,DF,6019.0,11802.0,11537.0,303.0,23.0
202406,ES,3468.0,5426.0,5276.0,0.0,84.0
202406,GO,9534.0,13883.0,14340.0,9533.0,102.0
202406,MG,25693.0,40543.0,40495.0,6417.0,186.0
202406,MS,2030.0,3987.0,3910.0,0.0,17.0
202406,MT,423.0,422.0,427.0,0.0,65.0
202406,PB,249.0,403.0,408.0,50.0,79.0
202406,PE,1080.0,1168.0,1135.0,0.0,106.0
202406,PI,878.0,1471.0,1417.0,0.0,7.0
202406,PR,9347.0,20682.0,19968.0,2562.0,108.0
202406,RJ,1719.0,1719.0,1719.0,0.0,158.0
202406,RO,1534.0,3037.0,2971.0,1207.0,54.0
202406,RR,325.0,0.0,325.0,0.0,0.0
202406,RS,140.0,329.0,324.0,72.0,159.0
202406,SE,164.0,136.0,164.0,0.0,11.0
202406,SP,17495.0,557.0,17529.0,0.0,557.0
202406,TO,538.0,1026.0,1018.0,360.0,36.0
202407,AC,377.0,794.0,758.0,0.0,3.0
202407,AL,286.0,633.0,560.0,106.0,55.0
202407,BA,4046.0,4132.0,4126.0,784.0,153.0
202407,CE,939.0,1897.0,1569.0,451.0,51.0
202407,DF,4423.0,8637.0,8446.0,250.0,14.0
202407,ES,4588.0,6138.0,6075.0,0.0,89.0
202407,GO,9173.0,13431.0,13833.0,9243.0,93.0
202407,MG,25457.0,40055.0,39940.0,6307.0,184.0
202407,MS,1940.0,3686.0,3637.0,0.0,14.0
202407,MT,421.0,426.0,428.0,0.0,106.0
202407,PB,272.0,435.0,432.0,48.0,57.0
202407,PE,1099.0,1211.0,1153.0,0.0,125.0
202407,PI,876.0,1486.0,1439.0,0.0,3.0
202407,PR,9264.0,20266.0,19602.0,2238.0,97.0
202407,RJ,1581.0,1581.0,1581.0,0.0,125.0
202407,RO,1554.0,3092.0,2994.0,1116.0,45.0
202407,RR,337.0,0.0,337.0,0.0,0.0
202407,RS,134.0,311.0,309.0,69.0,152.0
202407,SE,119.0,100.0,119.0,0.0,7.0
202407,SP,16218.0,525.0,16250.0,0.0,525.0
202407,TO,497.0,931.0,918.0,298.0,32.0
202408,AC,405.0,814.0,774.0,0.0,11.0
202408,AL,260.0,595.0,533.0,66.0,66.0
202408,AM,2.0,1.0,2.0,0.0,1.0
202408,BA,3822.0,3822.0,3822.0,803.0,119.0
202408,CE,1078.0,2244.0,1915.0,576.0,49.0
202408,DF,2223.0,4477.0,4355.0,171.0,21.0
202408,ES,4517.0,5965.0,5919.0,0.0,80.0
202408,GO,9544.0,13909.0,14375.0,9590.0,82.0
202408,MG,25940.0,40996.0,40946.0,6435.0,206.0
202408,MS,1912.0,3671.0,3604.0,0.0,20.0
202408,MT,421.0,426.0,429.0,0.0,98.0
202408,PB,276.0,441.0,433.0,50.0,84.0
202408,PE,1199.0,1315.0,1258.0,0.0,131.0
202408,PI,921.0,1488.0,1432.0,0.0,7.0
202408,PR,9543.0,21106.0,20393.0,2423.0,101.0
202408,RJ,1679.0,1678.0,1679.0,0.0,125.0
202408,RO,1503.0,2967.0,2889.0,1088.0,33.0
202408,RR,393.0,0.0,393.0,0.0,0.0
202408,RS,134.0,301.0,301.0,76.0,139.0
202408,SC,18121.0,18119.0,18121.0,1589.0,67.0
202408,SE,76.0,64.0,76.0,0.0,8.0
202408,SP,16833.0,498.0,16860.0,0.0,498.0
202408,TO,493.0,956.0,937.0,353.0,30.0
202409,AC,370.0,743.0,715.0,0.0,6.0
202409,AL,254.0,666.0,523.0,83.0,59.0
202409,AM,35.0,1.0,35.0,0.0,1.0
202409,BA,4298.0,4472.0,4407.0,964.0,172.0
202409,CE,1119.0,2291.0,2054.0,577.0,43.0
202409,DF,1850.0,3772.0,3685.0,152.0,22.0
202409,ES,4576.0,6072.0,6011.0,0.0,96.0
202409,GO,9660.0,14047.0,14532.0,9713.0,100.0
202409,MG,25502.0,39988.0,39917.0,6326.0,193.0
202409,MS,1937.0,3632.0,3570.0,0.0,11.0
202409,MT,377.0,379.0,379.0,0.0,83.0
202409,PB,266.0,442.0,435.0,45.0,77.0
202409,PE,1212.0,1337.0,1279.0,0.0,129.0
202409,PI,779.0,1249.0,1214.0,0.0,2.0
202409,PR,9188.0,20335.0,19687.0,2331.0,101.0
202409,RJ,1714.0,1714.0,1714.0,0.0,128.0
202409,RO,1386.0,2668.0,2607.0,1066.0,32.0
202409,RR,372.0,0.0,372.0,0.0,0.0
202409,RS,127.0,278.0,274.0,63.0,137.0
202409,SC,17664.0,17664.0,17664.0,1571.0,69.0
202409,SE,19.0,16.0,19.0,0.0,4.0
202409,SP,16832.0,572.0,16859.0,0.0,572.0
202409,TO,480.0,928.0,910.0,314.0,25.0
202410,AC,412.0,778.0,755.0,0.0,5.0
202410,AL,350.0,773.0,659.0,117.0,76.0
202410,AM,40.0,41.0,41.0,0.0,41.0
202410,BA,4364.0,4364.0,4364.0,894.0,126.0
202410,CE,1186.0,2467.0,2198.0,593.0,47.0
202410,DF,1975.0,3896.0,3814.0,139.0,23.0
202410,ES,4907.0,6529.0,6410.0,0.0,75.0
202410,GO,9484.0,13634.0,14072.0,9553.0,78.0
202410,MG,26704.0,41159.0,41100.0,6072.0,202.0
202410,MS,2014.0,3848.0,3779.0,0.0,15.0
202410,MT,401.0,406.0,412.0,0.0,90.0
202410,PB,257.0,404.0,407.0,39.0,83.0
202410,PE,1226.0,1377.0,1275.0,0.0,150.0
202410,PI,1085.0,1825.0,1768.0,0.0,90.0
202410,PR,9910.0,21745.0,21068.0,2403.0,94.0
202410,RJ,1721.0,1721.0,1721.0,0.0,116.0
202410,RO,1592.0,3204.0,3124.0,1154.0,50.0
202410,RR,409.0,0.0,409.0,0.0,0.0
202410,RS,125.0,270.0,268.0,50.0,131.0
202410,SC,19677.0,19677.0,19677.0,1567.0,55.0
202410,SE,151.0,149.0,151.0,0.0,13.0
202410,SP,17093.0,601.0,17116.0,0.0,601.0
202410,TO,472.0,919.0,903.0,317.0,17.0
202411,AC,377.0,666.0,683.0,0.0,3.0
202411,AL,201.0,443.0,380.0,96.0,95.0
202411,AM,2.0,2.0,2.0,0.0,2.0
202411,BA,4322.0,4309.0,4322.0,824.0,157.0
202411,CE,1086.0,2192.0,1931.0,516.0,57.0
202411,DF,3469.0,6774.0,6625.0,186.0,15.0
202411,ES,4474.0,6116.0,6032.0,0.0,63.0
202411,GO,8730.0,12713.0,13150.0,8774.0,73.0
202411,MG,24939.0,38642.0,38604.0,5288.0,184.0
202411,MS,2007.0,3876.0,3817.0,0.0,20.0
202411,MT,369.0,372.0,374.0,0.0,88.0
202411,PB,250.0,392.0,388.0,20.0,76.0
202411,PE,1038.0,1158.0,1078.0,0.0,145.0
202411,PI,924.0,1553.0,1502.0,0.0,60.0
202411,PR,9346.0,20795.0,20142.0,2220.0,85.0
202411,RJ,1643.0,1643.0,1643.0,0.0,118.0
202411,RO,1477.0,2936.0,2867.0,1070.0,31.0
202411,RR,378.0,806.0,637.0,257.0,12.0
202411,RS,118.0,258.0,255.0,59.0,127.0
202411,SC,18958.0,18957.0,18958.0,1487.0,72.0
202411,SE,148.0,129.0,148.0,0.0,12.0
202411,SP,15954.0,490.0,15970.0,0.0,490.0
202411,TO,413.0,792.0,780.0,286.0,22.0
202412,AC,385.0,672.0,696.0,0.0,4.0
202412,AL,250.0,504.0,481.0,146.0,69.0
202412,AM,26.0,26.0,28.0,0.0,26.0
202412,BA,4635.0,4635.0,4635.0,970.0,156.0
202412,CE,1148.0,2407.0,2067.0,628.0,51.0
202412,DF,2902.0,5690.0,5577.0,154.0,17.0
202412,ES,4438.0,6356.0,6285.0,0.0,88.0
202412,GO,8887.0,12930.0,13374.0,8956.0,89.0
202412,MG,26364.0,40816.0,40743.0,5582.0,184.0
202412,MS,1919.0,3683.0,3627.0,0.0,16.0
202412,MT,304.0,317.0,317.0,0.0,103.0
202412,PB,274.0,444.0,438.0,51.0,81.0
202412,PE,970.0,1109.0,1019.0,0.0,170.0
202412,PI,912.0,1549.0,1503.0,0.0,73.0
202412,PR,8965.0,19918.0,19305.0,2232.0,83.0
202412,RJ,93.0,93.0,93.0,0.0,5.0
202412,RO,1559.0,3143.0,3061.0,1120.0,41.0
202412,RR,369.0,798.0,656.0,271.0,15.0
202412,RS,114.0,299.0,278.0,76.0,132.0
202412,SC,18597.0,18595.0,18597.0,1427.0,64.0
202412,SE,164.0,143.0,164.0,0.0,16.0
202412,SP,15257.0,533.0,15273.0,0.0,533.0
202412,TO,453.0,862.0,846.0,290.0,30.0
202501,AC,344.0,683.0,654.0,0.0,3.0
202501,AL,167.0,352.0,334.0,104.0,63.0
202501,AP,52.0,52.0,67.0,26.0,0.0
202501,BA,4329.0,4803.0,4804.0,1182.0,16.0
202501,CE,894.0,1821.0,1556.0,401.0,33.0
202501,DF,4181.0,7983.0,7887.0,53.0,10.0
202501,ES,5549.0,7616.0,7418.0,0.0,49.0
202501,GO,7817.0,11392.0,11751.0,7926.0,56.0
202501,MG,22436.0,34896.0,34863.0,5069.0,149.0
202501,MS,1717.0,3313.0,3258.0,0.0,12.0
202501,MT,233.0,255.0,253.0,0.0,70.0
202501,PB,204.0,324.0,322.0,27.0,69.0
202501,PE,738.0,833.0,788.0,0.0,118.0
202501,PI,808.0,1624.0,1335.0,0.0,68.0
202501,PR,7793.0,17131.0,16563.0,1943.0,65.0
202501,RJ,1227.0,1227.0,1227.0,0.0,109.0
202501,RO,1126.0,2256.0,2185.0,825.0,29.0
202501,RR,275.0,578.0,470.0,151.0,18.0
202501,RS,119.0,279.0,278.0,86.0,125.0
202501,SC,16547.0,16547.0,16547.0,1334.0,53.0
202501,SE,125.0,111.0,125.0,0.0,15.0
202501,SP,13132.0,466.0,13152.0,0.0,466.0
202501,TO,345.0,656.0,646.0,230.0,19.0
202502,AC,301.0,537.0,536.0,1.0,3.0
202502,AL,159.0,307.0,298.0,75.0,57.0
202502,AP,69.0,1.0,69.0,1.0,0.0
202502,BA,5613.0,6311.0,6192.0,1456.0,14.0
202502,CE,896.0,1827.0,1571.0,462.0,35.0
202502,DF,5066.0,9793.0,9670.0,81.0,20.0
202502,ES,3490.0,4717.0,4583.0,0.0,64.0
202502,GO,8523.0,12620.0,13032.0,8639.0,67.0
202502,MG,24267.0,38001.0,37939.0,5498.0,151.0
202502,MS,1863.0,3508.0,3467.0,0.0,13.0
202502,MT,335.0,378.0,374.0,0.0,63.0
202502,PB,185.0,297.0,299.0,24.0,48.0
202502,PE,753.0,862.0,799.0,0.0,118.0
202502,PI,892.0,1469.0,1405.0,0.0,17.0
202502,PR,8717.0,19161.0,18562.0,1988.0,71.0
202502,RJ,1560.0,1560.0,1560.0,0.0,116.0
202502,RO,1349.0,2653.0,2582.0,934.0,24.0
202502,RR,272.0,602.0,495.0,153.0,7.0
202502,RS,120.0,281.0,280.0,71.0,137.0
202502,SC,18541.0,29958.0,29385.0,2711.0,108.0
202502,SE,141.0,129.0,141.0,0.0,6.0
202502,SP,13613.0,424.0,13638.0,0.0,424.0
202502,TO,432.0,835.0,811.0,277.0,10.0
202503,AC,339.0,553.0,567.0,0.0,1.0
202503,AL,168.0,265.0,275.0,69.0,66.0
202503,AP,96.0,0.0,96.0,0.0,0.0
202503,BA,1007.0,1513.0,1448.0,507.0,17.0
202503,CE,931.0,1861.0,1583.0,448.0,50.0
202503,DF,5608.0,10816.0,10691.0,68.0,23.0
202503,ES,4001.0,6436.0,6121.0,0.0,104.0
202503,GO,9042.0,13432.0,13842.0,9178.0,89.0
202503,MG,25476.0,40128.0,39999.0,5970.0,147.0
202503,MS,1949.0,3752.0,3705.0,0.0,19.0
202503,MT,350.0,359.0,357.0,0.0,0.0
202503,PB,221.0,346.0,342.0,23.0,70.0
202503,PE,783.0,906.0,845.0,0.0,115.0
202503,PI,927.0,1544.0,1484.0,0.0,46.0
202503,PR,9890.0,21872.0,21200.0,2418.0,112.0
202503,RJ,1927.0,1927.0,1927.0,0.0,140.0
202503,RO,1412.0,2762.0,2705.0,999.0,33.0
202503,RR,299.0,641.0,523.0,153.0,17.0
202503,RS,144.0,347.0,333.0,83.0,159.0
202503,SC,20046.0,32243.0,31620.0,2920.0,88.0
202503,SE,163.0,142.0,163.0,0.0,17.0
202503,SP,14756.0,489.0,14780.0,0.0,489.0
202503,TO,461.0,903.0,878.0,297.0,33.0
202504,AC,382.0,727.0,703.0,110.0,5.0
202504,AL,142.0,271.0,263.0,77.0,47.0
202504,AP,32.0,8.0,34.0,5.0,0.0
202504,BA,825.0,1074.0,1007.0,518.0,30.0
202504,CE,1061.0,2131.0,1797.0,498.0,37.0
202504,DF,6188.0,11838.0,11680.0,178.0,26.0
202504,ES,3523.0,5102.0,4893.0,0.0,80.0
202504,GO,8720.0,12834.0,13234.0,8827.0,71.0
202504,MG,25355.0,39682.0,39543.0,5704.0,177.0
202504,MS,1896.0,3720.0,3642.0,0.0,9.0
202504,MT,343.0,348.0,348.0,0.0,0.0
202504,PB,200.0,324.0,327.0,29.0,59.0
202504,PE,791.0,900.0,852.0,0.0,129.0
202504,PI,1005.0,1372.0,1389.0,0.0,25.0
202504,PR,9473.0,20809.0,20145.0,2221.0,69.0
202504,RJ,1707.0,1707.0,1707.0,0.0,142.0
202504,RO,1490.0,3040.0,2924.0,1099.0,33.0
202504,RR,268.0,550.0,453.0,138.0,13.0
202504,RS,130.0,345.0,325.0,103.0,145.0
202504,SC,18128.0,29519.0,28922.0,2741.0,119.0
202504,SE,130.0,111.0,130.0,0.0,10.0
202504,SP,15331.0,462.0,15348.0,0.0,462.0
202504,TO,442.0,832.0,822.0,281.0,29.0
202505,AC,411.0,771.0,751.0,96.0,17.0
202505,AL,141.0,34.0,154.0,10.0,0.0
202505,AP,44.0,1.0,44.0,0.0,0.0
202505,BA,830.0,1082.0,1004.0,469.0,24.0
202505,CE,1210.0,2400.0,1994.0,461.0,59.0
202505,DF,6214.0,12043.0,11886.0,47.0,36.0
202505,ES,3453.0,4996.0,4804.0,0.0,93.0
202505,GO,9314.0,13576.0,14011.0,9484.0,72.0
202505,MG,26684.0,42086.0,41925.0,6281.0,199.0
202505,MS,2130.0,4179.0,4110.0,0.0,14.0
202505,MT,346.0,356.0,354.0,0.0,0.0
202505,PB,278.0,446.0,448.0,38.0,81.0
202505,PE,852.0,949.0,901.0,0.0,158.0
202505,PI,1063.0,1742.0,1689.0,0.0,51.0
202505,PR,10167.0,22667.0,21864.0,2533.0,107.0
202505,RJ,1840.0,1840.0,1840.0,0.0,141.0
202505,RO,1586.0,3131.0,3073.0,1123.0,42.0
202505,RR,301.0,630.0,511.0,148.0,6.0
202505,RS,127.0,292.0,291.0,69.0,142.0
202505,SC,19645.0,31839.0,31314.0,2775.0,145.0
202505,SE,147.0,119.0,147.0,0.0,5.0
202505,SP,16821.0,574.0,16857.0,0.0,574.0
202505,TO,508.0,1001.0,980.0,314.0,24.0
202506,AC,293.0,578.0,563.0,138.0,7.0
202506,AL,155.0,284.0,277.0,62.0,51.0
202506,AP,142.0,31.0,153.0,19.0,0.0
202506,BA,873.0,1196.0,1075.0,488.0,32.0
202506,CE,1136.0,2285.0,1885.0,509.0,43.0
202506,DF,5940.0,11549.0,11427.0,28.0,17.0
202506,ES,3249.0,4633.0,4463.0,0.0,84.0
202506,GO,8678.0,12633.0,13085.0,8706.0,78.0
202506,MG,26511.0,41985.0,41903.0,6161.0,187.0
202506,MS,1835.0,3589.0,3529.0,0.0,19.0
202506,MT,403.0,775.0,729.0,0.0,89.0
202506,PB,208.0,344.0,339.0,27.0,66.0
202506,PE,751.0,833.0,803.0,0.0,118.0
202506,PI,1058.0,1743.0,1699.0,0.0,58.0
202506,PR,9766.0,21513.0,20783.0,2232.0,100.0
202506,RJ,1893.0,1893.0,1893.0,0.0,148.0
202506,RO,1539.0,3100.0,3013.0,1128.0,45.0
202506,RR,299.0,644.0,522.0,167.0,13.0
202506,RS,112.0,266.0,261.0,65.0,119.0
202506,SC,19207.0,30951.0,30355.0,2493.0,112.0
202506,SE,138.0,113.0,138.0,0.0,8.0
202506,SP,16097.0,488.0,16123.0,0.0,488.0
202506,TO,473.0,925.0,904.0,335.0,20.0
202507,AL,133.0,239.0,235.0,48.0,49.0
202507,AP,185.0,16.0,192.0,9.0,0.0
202507,BA,487.0,674.0,613.0,131.0,12.0
202507,CE,1096.0,2223.0,1886.0,480.0,57.0
202507,DF,5670.0,10846.0,10758.0,26.0,15.0
202507,ES,3795.0,5401.0,5192.0,0.0,95.0
202507,GO,8474.0,12537.0,12929.0,8569.0,82.0
202507,MG,26731.0,42153.0,42059.0,6096.0,200.0
202507,MS,2116.0,4169.0,4103.0,0.0,27.0
202507,MT,377.0,678.0,661.0,0.0,95.0
202507,PB,231.0,405.0,390.0,41.0,79.0
202507,PE,731.0,824.0,775.0,0.0,116.0
202507,PI,1123.0,1837.0,1775.0,0.0,69.0
202507,PR,9842.0,21650.0,20913.0,2330.0,108.0
202507,RJ,2009.0,2009.0,2009.0,0.0,159.0
202507,RO,1651.0,3268.0,3196.0,1263.0,41.0
202507,RR,308.0,636.0,501.0,141.0,16.0
202507,RS,132.0,295.0,295.0,73.0,142.0
202507,SC,19821.0,32142.0,31534.0,2818.0,124.0
202507,SE,121.0,103.0,121.0,0.0,10.0
202507,SP,16372.0,476.0,16389.0,0.0,476.0
202507,TO,509.0,995.0,965.0,310.0,32.0
202508,AC,6.0,10.0,11.0,1.0,0.0
202508,AL,155.0,188.0,230.0,29.0,38.0
202508,AP,105.0,0.0,105.0,0.0,0.0
202508,BA,688.0,829.0,799.0,544.0,14.0
202508,CE,993.0,1991.0,1651.0,387.0,45.0
202508,DF,3384.0,7036.0,6984.0,101.0,19.0
202508,ES,3381.0,4808.0,4615.0,0.0,89.0
202508,GO,8863.0,12935.0,13425.0,8899.0,81.0
202508,MG,27444.0,43321.0,43192.0,6464.0,224.0
202508,MS,2085.0,4185.0,4098.0,0.0,21.0
202508,MT,359.0,459.0,445.0,0.0,114.0
202508,PB,229.0,359.0,358.0,38.0,83.0
202508,PE,827.0,931.0,883.0,0.0,131.0
202508,PI,1183.0,1921.0,1871.0,0.0,69.0
202508,PR,10130.0,22274.0,21462.0,2435.0,121.0
202508,RJ,1992.0,1992.0,1992.0,0.0,169.0
202508,RO,1582.0,3211.0,3139.0,1278.0,44.0
202508,RR,323.0,677.0,531.0,128.0,19.0
202508,RS,123.0,284.0,274.0,74.0,133.0
202508,SC,19094.0,30830.0,30228.0,2532.0,100.0
202508,SE,135.0,114.0,135.0,0.0,5.0
202508,SP,17024.0,505.0,17051.0,0.0,505.0
202508,TO,505.0,962.0,950.0,359.0,35.0
202509,AC,226.0,423.0,409.0,98.0,3.0
202509,AL,151.0,331.0,328.0,7.0,33.0
202509,AP,79.0,0.0,79.0,0.0,0.0
202509,BA,710.0,815.0,791.0,565.0,23.0
202509,CE,1020.0,2101.0,1822.0,487.0,37.0
202509,DF,2743.0,5732.0,5733.0,76.0,22.0
202509,ES,3091.0,4352.0,4187.0,0.0,83.0
202509,GO,8852.0,12847.0,13331.0,8884.0,74.0
202509,MG,26737.0,42221.0,42124.0,6132.0,185.0
202509,MS,2221.0,4493.0,4408.0,0.0,22.0
202509,MT,411.0,742.0,723.0,641.0,83.0
202509,PB,236.0,391.0,382.0,40.0,55.0
202509,PE,886.0,995.0,940.0,0.0,134.0
202509,PI,1163.0,1847.0,1797.0,0.0,0.0
202509,PR,10228.0,22595.0,21775.0,2355.0,80.0
202509,RJ,2049.0,2049.0,2049.0,0.0,176.0
202509,RO,1594.0,3143.0,3053.0,1171.0,43.0
202509,RR,301.0,634.0,500.0,131.0,19.0
202509,RS,122.0,282.0,277.0,62.0,130.0
202509,SC,19209.0,30863.0,30280.0,2682.0,97.0
202509,SE,15.0,15.0,15.0,0.0,3.0
202509,SP,16905.0,459.0,16926.0,0.0,459.0
202509,TO,441.0,865.0,848.0,301.0,29.0
202510,AC,280.0,549.0,529.0,108.0,0.0
202510,AP,168.0,0.0,168.0,0.0,0.0
202510,BA,793.0,927.0,876.0,602.0,27.0
202510,CE,1319.0,2718.0,2414.0,761.0,51.0
202510,DF,2701.0,5875.0,5771.0,16.0,23.0
202510,ES,3283.0,4737.0,4532.0,0.0,100.0
202510,GO,8990.0,13048.0,13487.0,8997.0,77.0
202510,MG,26941.0,42264.0,42218.0,6103.0,200.0
202510,MS,2181.0,4223.0,4134.0,0.0,25.0
202510,MT,402.0,741.0,727.0,637.0,88.0
202510,PB,204.0,328.0,324.0,36.0,72.0
202510,PE,807.0,920.0,860.0,0.0,137.0
202510,PI,1314.0,2164.0,2087.0,0.0,1.0
202510,PR,10657.0,23353.0,22567.0,2383.0,89.0
202510,RJ,1985.0,1985.0,1985.0,0.0,155.0
202510,RO,1636.0,3324.0,3196.0,1237.0,40.0
202510,RS,106.0,247.0,244.0,52.0,115.0
202510,SC,20019.0,32239.0,31660.0,2699.0,101.0
202510,SE,158.0,147.0,158.0,0.0,12.0
202510,SP,16526.0,435.0,16544.0,0.0,435.0
202510,TO,436.0,859.0,835.0,305.0,26.0
202511,AC,282.0,545.0,525.0,142.0,2.0
202511,AL,1.0,2.0,2.0,0.0,1.0
202511,AP,30.0,0.0,30.0,0.0,0.0
202511,BA,736.0,838.0,799.0,513.0,30.0
202511,CE,1250.0,2640.0,2348.0,714.0,63.0
202511,DF,2790.0,6093.0,5970.0,2.0,28.0
202511,ES,3021.0,4483.0,4239.0,0.0,95.0
202511,GO,9156.0,13252.0,13668.0,9311.0,84.0
202511,MG,25889.0,40634.0,40671.0,5873.0,203.0
202511,MS,2215.0,4298.0,4232.0,0.0,18.0
202511,MT,344.0,645.0,632.0,541.0,89.0
202511,PB,235.0,397.0,378.0,40.0,93.0
202511,PE,844.0,955.0,908.0,0.0,135.0
202511,PI,1213.0,2032.0,1947.0,0.0,0.0
202511,PR,10260.0,22676.0,21906.0,2303.0,105.0
202511,RJ,1871.0,1871.0,1871.0,0.0,145.0
202511,RO,1503.0,2965.0,2883.0,1086.0,45.0
202511,RS,11.0,24.0,24.0,6.0,12.0
202511,SC,18987.0,30765.0,30177.0,2667.0,97.0
202511,SE,143.0,130.0,143.0,0.0,7.0
202512,AC,264.0,488.0,478.0,63.0,0.0
202512,AL,48.0,113.0,106.0,0.0,6.0
202512,AP,2.0,0.0,2.0,0.0,0.0
202512,BA,724.0,818.0,783.0,502.0,20.0
202512,CE,1353.0,2825.0,2527.0,805.0,60.0
202512,DF,2599.0,5516.0,5453.0,37.0,19.0
202512,ES,3274.0,4683.0,4498.0,0.0,108.0
202512,GO,8944.0,13031.0,13453.0,9077.0,99.0
202512,MG,27572.0,43080.0,43081.0,6028.0,198.0
202512,MS,2156.0,4241.0,4173.0,0.0,24.0
202512,MT,333.0,613.0,600.0,518.0,81.0
202512,PB,214.0,346.0,338.0,35.0,76.0
202512,PE,863.0,1010.0,944.0,0.0,152.0
202512,PI,1953.0,3042.0,2936.0,0.0,0.0
202512,PR,10185.0,22392.0,21640.0,2243.0,111.0
202512,RJ,2155.0,2155.0,2155.0,0.0,189.0
202512,RO,1503.0,3041.0,2914.0,1118.0,31.0
202512,SC,19936.0,32337.0,31658.0,2854.0,115.0
202512,SE,159.0,144.0,159.0,0.0,18.0
202512,SP,16800.0,558.0,16841.0,0.0,558.0
202601,AC,240.0,2.0,241.0,0.0,0.0
202601,BA,356.0,354.0,356.0,147.0,13.0
202601,CE,1153.0,2418.0,2172.0,644.0,41.0
202601,DF,1842.0,3915.0,3901.0,6.0,11.0
202601,ES,4636.0,6830.0,6459.0,0.0,80.0
202601,GO,8005.0,11670.0,12009.0,8128.0,62.0
202601,MG,23674.0,36755.0,36784.0,4898.0,139.0
202601,MS,1860.0,3679.0,3597.0,0.0,20.0
202601,MT,307.0,578.0,557.0,475.0,81.0
202601,PB,241.0,399.0,389.0,38.0,80.0
202601,PE,775.0,877.0,834.0,0.0,142.0
202601,PI,845.0,1399.0,1358.0,0.0,0.0
202601,PR,8422.0,18427.0,17838.0,2001.0,92.0
202601,RJ,1563.0,1563.0,1563.0,0.0,148.0
202601,RO,1263.0,2510.0,2439.0,968.0,29.0
202601,SC,18421.0,29279.0,28750.0,2501.0,107.0
202601,SE,141.0,134.0,141.0,0.0,13.0
202601,SP,13088.0,417.0,13110.0,0.0,417.0
202602,AC,2.0,0.0,2.0,0.0,0.0
202602,BA,285.0,285.0,285.0,125.0,7.0
202602,CE,1052.0,2201.0,1963.0,620.0,45.0
202602,DF,1790.0,3953.0,3904.0,5.0,15.0
202602,ES,2173.0,2553.0,2532.0,0.0,90.0
202602,GO,7880.0,11563.0,11886.0,7963.0,70.0
202602,MG,23789.0,36981.0,36875.0,4999.0,166.0
202602,MS,1942.0,3768.0,3704.0,0.0,16.0
202602,MT,306.0,565.0,536.0,446.0,92.0
202602,PB,198.0,319.0,319.0,34.0,67.0
202602,PE,726.0,814.0,785.0,0.0,128.0
202602,PI,835.0,1349.0,1320.0,0.0,0.0
202602,PR,9226.0,20163.0,19559.0,2094.0,86.0
202602,RJ,1682.0,1682.0,1682.0,0.0,153.0
202602,RO,1375.0,2796.0,2678.0,973.0,25.0
202602,SC,18283.0,29296.0,28739.0,2522.0,97.0
202602,SE,86.0,69.0,86.0,0.0,5.0
202602,SP,11960.0,375.0,11975.0,0.0,375.0
202603,AC,1.0,0.0,1.0,0.0,0.0
202603,BA,344.0,351.0,347.0,146.0,12.0
202603,CE,1204.0,2504.0,2248.0,739.0,55.0
202603,DF,2910.0,6544.0,6387.0,0.0,13.0
202603,ES,3618.0,5386.0,5078.0,0.0,76.0
202603,GO,9640.0,14117.0,14510.0,9725.0,76.0
202603,MG,28227.0,43702.0,43626.0,5743.0,164.0
202603,MS,2412.0,4611.0,4525.0,0.0,22.0
202603,MT,311.0,594.0,571.0,502.0,67.0
202603,PB,132.0,201.0,201.0,10.0,53.0
202603,PE,866.0,986.0,934.0,0.0,148.0
202603,PI,1075.0,1821.0,1747.0,0.0,0.0
202603,PR,11159.0,24415.0,23636.0,2607.0,112.0
202603,RJ,2123.0,2123.0,2123.0,0.0,177.0
202603,RO,1580.0,3140.0,3048.0,1165.0,23.0
202603,SC,21500.0,34532.0,33862.0,3018.0,119.0
202603,SE,114.0,100.0,114.0,0.0,9.0
202603,SP,14439.0,508.0,14464.0,0.0,508.0
202604,AC,5.0,0.0,5.0,0.0,0.0
202604,BA,329.0,336.0,333.0,137.0,24.0
202604,CE,1220.0,2520.0,2276.0,727.0,39.0
202604,DF,2618.0,5817.0,5717.0,1.0,17.0
202604,ES,3497.0,5385.0,5074.0,0.0,95.0
202604,GO,9125.0,13418.0,13834.0,9219.0,68.0
202604,MG,26023.0,40879.0,40815.0,5941.0,194.0
202604,MS,2211.0,4166.0,4092.0,0.0,16.0
202604,MT,77.0,85.0,84.0,0.0,85.0
202604,PI,235.0,489.0,470.0,0.0,0.0
202604,RJ,2064.0,2064.0,2064.0,0.0,176.0
202604,SC,20132.0,32286.0,31685.0,2833.0,133.0
202604,SE,106.0,93.0,106.0,0.0,8.0
202604,SP,13505.0,509.0,13523.0,0.0,509.0
