empresa_id,codigo_susep,razao_social_susep,cnpj,nome_fantasia,nome_consumidor_gov,nome_reclame_aqui,url_reclame_aqui,data_abertura,situacao_cadastral,mapping_status,mapping_confidence,nome_fantasia_receita,data_situacao_cadastral,cnae_principal,municipio,uf_receita,grupo_cnpj_id
1,01007,SABEMI SEGURADORA S.A.,87.163.234/0001-38,SABEMI,,Sabemi Seguradora,https://www.reclameaqui.com.br/empresa/sabemi-seguradora/,1973-09-26,ATIVA,confirmado_cnpj_receita,nome_score_1,SABEMI,2005-11-03,Sociedade seguradora de seguros vida,PORTO ALEGRE,RS,
2,01015,ALLIANZ BRASIL SEGURADORA S.A,61.573.796/0001-66,,,Allianz Seguros,https://www.reclameaqui.com.br/empresa/allianz-seguros/,1929-10-29,ATIVA,confirmado_cnpj_receita,nome_score_1,,2005-11-03,Sociedade seguradora de seguros não vida,SAO PAULO,SP,G08
3,01091,SUIÇA SEGURADORA,46.411.471/0001-93,SUICA SEGURADORA S.A,,Suiça Seguradora,https://www.reclameaqui.com.br/empresa/suica-seguradora/,2022-05-16,ATIVA,confirmado_cnpj_receita,nome_score_1,SUICA SEGURADORA S.A,2022-05-16,Sociedade seguradora de seguros não vida,ORLEANS,SC,
4,01121,YOUSE SEGURADORA S.A.,34.020.354/0001-10,CAIXA SEGURADORA,,Youse Seguros,https://www.reclameaqui.com.br/empresa/youse-seguros/,1973-01-22,ATIVA,confirmado_cnpj_receita,nome_score_1,CAIXA SEGURADORA,2005-11-03,Sociedade seguradora de seguros não vida,BRASILIA,DF,G05
5,01155,SPLIT RISK SEGURADORA S.A.,43.505.273/0001-09,,,SPLIT RISK SEGURADORA S.A.,https://www.reclameaqui.com.br/empresa/split-risk-seguradora-s-a/,2021-09-13,ATIVA,confirmado_cnpj_receita,nome_score_1,,2021-09-13,Sociedade seguradora de seguros não vida,UBERLANDIA,MG,
6,01279,SOMBRERO SEGUROS S.A.,37.960.905/0001-13,SOMBRERO SEGURADORA,,Sombrero Seguros,https://www.reclameaqui.com.br/empresa/sombrero-seguros/,2020-08-04,ATIVA,confirmado_codigo_susep,alta_codigo_exato,SOMBRERO SEGURADORA,2020-08-04,Sociedade seguradora de seguros não vida,SAO PAULO,SP,
7,01431,XL SEGUROS BRASIL S.A.,,,,,,,,pendente,,,,,,,
8,01481,HDI SEGUROS DO BRASIL S.A.,29.980.158/0001-57,,,HDI Seguros,https://www.reclameaqui.com.br/empresa/hdi-seguros/,1978-04-18,ATIVA,confirmado_cnpj_receita,nome_score_1,,2005-11-03,Sociedade seguradora de seguros não vida,SAO PAULO,SP,G04
9,01490,ESSOR SEGUROS S.A,14.525.684/0001-50,,,Essor Seguros,https://www.reclameaqui.com.br/empresa/essor/,2011-10-25,ATIVA,confirmado_cnpj_receita,nome_score_1,,2011-10-25,Sociedade seguradora de seguros não vida,RIO DE JANEIRO,RJ,
10,01546,BP SEGURADORA S.A.,50.180.527/0001-13,,,BP SEGURADORA,https://www.reclameaqui.com.br/empresa/bp-seguradora/,2023-04-03,ATIVA,confirmado_cnpj_receita,nome_score_1,,2023-04-03,Sociedade seguradora de seguros não vida,BELO HORIZONTE,MG,
11,01571,HDI GLOBAL SEGUROS S.A,29.980.158/0001-57,,,HDI Seguros,https://www.reclameaqui.com.br/empresa/hdi-seguros/,1978-04-18,ATIVA,confirmado_cnpj_receita,nome_score_0.5,,2005-11-03,Sociedade seguradora de seguros não vida,SAO PAULO,SP,G04
12,01589,SANTANDER AUTO S.A.,30.617.319/0001-21,,,Santander Auto ,https://www.reclameaqui.com.br/empresa/santander-auto/,2018-06-05,ATIVA,confirmado_cnpj_receita,nome_score_1,,2018-06-05,Sociedade seguradora de seguros não vida,SAO PAULO,SP,
13,01619,DAYPREV VIDA E PREVIDÊNCIA S.A.,08.872.199/0001-50,,,,,2007-06-05,ATIVA,confirmado_codigo_susep,alta_codigo_exato,,2007-06-05,Sociedade seguradora de seguros vida,SAO PAULO,SP,
14,01627,SAFRA SEGUROS GERAIS S.A.,06.109.373/0001-81,,,,,2004-01-27,ATIVA,confirmado_codigo_susep,alta_codigo_exato,,2004-10-23,Sociedade seguradora de seguros não vida,SAO PAULO,SP,
15,01741,DAYCOVAL SEGUROS S.A.,62.232.889/0001-90,,,Banco Daycoval,https://www.reclameaqui.com.br/empresa/banco-daycoval/,1968-11-19,ATIVA,confirmado_cnpj_receita,nome_score_1,,2005-11-03,"Bancos múltiplos, com carteira comercial",SAO PAULO,SP,
16,01805,OXXY SEGURADORA S/A,42.518.229/0001-62,OXXY SEGURADORA,,OXXY SEGURADORA,https://www.reclameaqui.com.br/empresa/oxxy-seguradora/,2021-06-29,ATIVA,confirmado_cnpj_receita,nome_score_1,OXXY SEGURADORA,2021-06-29,Sociedade seguradora de seguros vida,FLORIANOPOLIS,SC,
17,01937,COMPREV VIDA E PREVIDÊNCIA S.A.,33.634.999/0001-80,,,Comprev Vida e Previdência,https://www.reclameaqui.com.br/empresa/comprev-vida-e-previdencia/,1967-01-30,ATIVA,confirmado_cnpj_receita,nome_score_1,,2005-11-03,Sociedade seguradora de seguros vida,RIO DE JANEIRO,RJ,
18,02101,MONGERAL AEGON SEGUROS E PREVIDÊNCIA S. A.,33.608.308/0001-73,MAG SEGUROS,,,,1966-11-16,ATIVA,confirmado_codigo_susep,alta_codigo_exato,MAG SEGUROS,2005-11-03,Sociedade seguradora de seguros vida,RIO DE JANEIRO,RJ,
19,02119,ARUANA SEGURADORA S. A.,07.017.295/0001-58,ARUANA SEGUROS,,Aruana Seguradora,https://www.reclameaqui.com.br/empresa/aruana-seguros/,2004-08-16,ATIVA,confirmado_cnpj_receita,nome_score_1,ARUANA SEGUROS,,Sociedade seguradora de seguros vida,RIO DE JANEIRO,RJ,
20,02143,ASSURANT SEGURADORA SA,03.823.704/0001-52,,,Assurant Seguradora,https://www.reclameaqui.com.br/empresa/assurant-seguradora/,2000-05-22,ATIVA,confirmado_cnpj_receita,nome_score_1,,2001-02-25,Sociedade seguradora de seguros não vida,BARUERI,SP,
21,02241,JUSTOS SEGUROS S.A.,40.317.530/0001-82,,,Justos ,https://www.reclameaqui.com.br/empresa/justos-consultoria/,2021-01-08,ATIVA,confirmado_cnpj_receita,nome_score_1,,2021-01-08,"Atividades auxiliares dos seguros, da previdência complementar e dos planos de saúde não especificadas anteriormente",BARUERI,SP,
22,02461,AUSTRAL SEGURADORA S.A.,11.521.976/0001-26,,,Seguradora Austral,https://www.reclameaqui.com.br/empresa/seguradora-austral/,2010-01-15,ATIVA,confirmado_codigo_susep,alta_codigo_exato,,2010-01-15,Sociedade seguradora de seguros não vida,RIO DE JANEIRO,RJ,
23,02542,OMINT SEGUROS SA,20.646.890/0001-10,,,Omint Seguros ,https://www.reclameaqui.com.br/empresa/omint-seguros-s-a/,2014-07-15,ATIVA,confirmado_cnpj_receita,nome_score_1,,2014-07-15,Sociedade seguradora de seguros vida,SAO PAULO,SP,
24,02682,BTG PACTUAL VIDA E PREVIDÊNCIA S.A.,19.449.767/0001-20,,,,,2013-12-27,ATIVA,confirmado_codigo_susep,alta_codigo_exato,,2013-12-27,Previdência complementar aberta,SAO PAULO,SP,
25,02798,AKAD SEGUROS S.A.,14.868.712/0001-31,,,Akad Seguros,https://www.reclameaqui.com.br/empresa/akad-seguros/,2011-12-27,ATIVA,confirmado_cnpj_receita,nome_score_1,,2011-12-27,Sociedade seguradora de seguros não vida,SAO PAULO,SP,
26,02801,UNIÃO SEGURADORA S.A. - VIDA E PREVIDÊNCIA,95.611.141/0001-57,UNIAO SEGURADORA S.A.,,,,1967-01-03,ATIVA,confirmado_codigo_susep,alta_codigo_exato,UNIAO SEGURADORA S.A.,2003-05-24,Sociedade seguradora de seguros vida,PORTO ALEGRE,RS,
27,02852,AXA SEGUROS S.A.,19.323.190/0001-06,,,AXA Seguros,https://www.reclameaqui.com.br/empresa/axa-seguros/,2013-11-26,ATIVA,confirmado_cnpj_receita,nome_score_1,,2013-11-26,Sociedade seguradora de seguros não vida,SAO PAULO,SP,
28,02879,COMPREV SEGURADORA S.A.,14.333.631/0001-37,,,,,2011-09-21,ATIVA,confirmado_codigo_susep,alta_codigo_exato,,2011-09-21,Sociedade seguradora de seguros vida,RIO DE JANEIRO,RJ,
29,02895,ALFA PREVIDÊNCIA E VIDA S.A.,02.713.530/0001-02,,,,,1998-08-31,ATIVA,confirmado_codigo_susep,alta_codigo_exato,,2001-11-17,Sociedade seguradora de seguros vida,SAO PAULO,SP,
30,02925,VOLTS SEGURADORA S.A.,61.563.788/0001-39,VOLTS SEGURADORA,,Volts Seguradora S.a,https://www.reclameaqui.com.br/empresa/volts-seguradora-s-a/,2025-07-02,ATIVA,confirmado_cnpj_receita,nome_score_1,VOLTS SEGURADORA,2025-07-02,Sociedade seguradora de seguros não vida,BELO HORIZONTE,MG,
31,02933,CARDIF DO BRASIL SEGUROS E GARANTIAS S.A.,08.279.191/0001-84,,,Cardif Seguros,https://www.reclameaqui.com.br/empresa/cardif-seguros/,2006-08-30,ATIVA,confirmado_cnpj_receita,nome_score_0.5,,2006-08-30,Sociedade seguradora de seguros não vida,SAO PAULO,SP,
32,02950,SANCOR SEGUROS DO BRASIL S.A.,17.643.407/0001-30,SANCOR SEGUROS,,SANCOR SEGUROS DO BRASIL S.A.,https://www.reclameaqui.com.br/empresa/sancor-seguros-do-brasil-s-a/,2013-02-15,ATIVA,confirmado_cnpj_receita,nome_score_1,SANCOR SEGUROS,2013-02-15,Sociedade seguradora de seguros não vida,MARINGA,PR,G03
33,02968,GAZIN SEGUROS S.A.,77.941.490/0001-55,GAZIN S.A.,,Gazin Seguros,https://www.reclameaqui.com.br/empresa/gazin-seguros/,1994-02-25,ATIVA,confirmado_cnpj_receita,nome_score_1,GAZIN S.A.,2005-11-03,Comércio varejista especializado de eletrodomésticos e equipamentos de áudio e vídeo,DOURADINA,PR,
34,03069,POTTENCIAL SEGURADORA S.A.,11.699.534/0001-74,,,POTTENCIAL SEGURADORA,https://www.reclameaqui.com.br/empresa/pottencial-seguradora/,2010-03-16,ATIVA,confirmado_cnpj_receita,nome_score_1,,2010-03-16,Sociedade seguradora de seguros não vida,BELO HORIZONTE,MG,
35,03093,CONSÓRCIO DO SEGURO DPVAT,09.315.871/0001-79,,,,,2008-01-18,ATIVA,confirmado_codigo_susep,alta_codigo_exato,,2008-01-18,Atividades associativas não especificadas anteriormente,RIO DE JANEIRO,RJ,
36,03140,PREVIMIL VIDA E PREVIDÊNCIA S.A.,95.619.003/0001-14,PREVIMIL S.A.,,Previmil Vida e Previdência S-A,https://www.reclameaqui.com.br/empresa/previmil-previdencia-privada/,1967-10-31,ATIVA,confirmado_codigo_susep,alta_codigo_exato,PREVIMIL S.A.,2005-11-03,Sociedade seguradora de seguros vida,RIO DE JANEIRO,RJ,
37,03182,ITAU SEGUROS DE AUTO E RESIDÊNCIA S.A.,60.701.190/0001-04,ITAU UNIBANCO,,Itaú Seguros Auto e Residência,https://www.reclameaqui.com.br/empresa/itau-seguros-auto-e-residencia/,1944-08-22,ATIVA,confirmado_cnpj_receita,nome_score_1,ITAU UNIBANCO,2005-11-03,Bancos comerciais,SAO PAULO,SP,G06
38,03263,PIER SEGURADORA S.A.,39.380.513/0001-00,,,Pier Seguradora,https://www.reclameaqui.com.br/empresa/pier-digital/,2020-10-09,ATIVA,confirmado_cnpj_receita,nome_score_1,,2020-10-09,Sociedade seguradora de seguros não vida,SAO PAULO,SP,
39,03271,SEGURADORA LÍDER DO CONSÓRCIO DO SEGURO DPVAT S.A.,09.248.608/0001-04,,,,,2007-12-10,ATIVA,confirmado_codigo_susep,alta_codigo_exato,,2007-12-10,Sociedade seguradora de seguros não vida,RIO DE JANEIRO,RJ,
40,03298,MAPFRE PREVIDÊNCIA S.A.,61.074.175/0001-38,,,Mapfre,https://www.reclameaqui.com.br/empresa/mapfre-1/,1966-07-08,ATIVA,confirmado_cnpj_receita,nome_score_1,,2005-11-03,Sociedade seguradora de seguros não vida,SAO PAULO,SP,G07
41,03387,ANGELUS SEGUROS S.A.,18.133.809/0001-57,,,Angelus Seguros,https://www.reclameaqui.com.br/empresa/angelus-seguros/,2013-04-18,ATIVA,confirmado_cnpj_receita,nome_score_1,,2013-04-18,Sociedade seguradora de seguros vida,MARINGA,PR,
42,03417,BMG SEGURADORA S.A.,26.136.748/0001-00,MG SEGUROS,,Bmg Seguradora,https://www.reclameaqui.com.br/empresa/mg-seguros-vida-e-previdencia/,2016-09-09,ATIVA,confirmado_cnpj_receita,nome_score_1,MG SEGUROS,2016-09-09,Sociedade seguradora de seguros vida,SAO PAULO,SP,
43,03646,EZZE SEGUROS S.A.,31.534.848/0001-24,,,EZZE SEGUROS,https://www.reclameaqui.com.br/empresa/ezze-seguros/,2018-09-18,ATIVA,confirmado_cnpj_receita,nome_score_1,,2018-09-18,Sociedade seguradora de seguros não vida,SAO PAULO,SP,
44,03671,USEBENS SEGUROS S.A.,09.180.505/0001-50,,,Usebens Seguros,https://www.reclameaqui.com.br/empresa/usebens-seguradora/,2007-10-11,ATIVA,confirmado_cnpj_receita,nome_score_1,,2007-10-11,Sociedade seguradora de seguros não vida,SAO JOSE DO RIO PRETO,SP,
45,03727,FAIRWAY SEGUROS S.A.,09.064.453/0001-56,FAIRWAY SEGUROS,,,,2007-08-28,ATIVA,confirmado_codigo_susep,alta_codigo_exato,FAIRWAY SEGUROS,2007-08-28,Sociedade seguradora de seguros não vida,SAO PAULO,SP,
46,03786,ARCA SEGURADORA S.A,50.428.904/0001-90,ARCA SEGURADORA,,Arca Seguradora S.a,https://www.reclameaqui.com.br/empresa/arca-seguradora-s-a/,2023-04-24,ATIVA,confirmado_cnpj_receita,nome_score_1,ARCA SEGURADORA,2023-04-24,Sociedade seguradora de seguros vida,VITORIA,ES,
47,03794,BS2 SEGUROS S.A.,07.163.211/0001-94,,,BS2 SEGUROS,https://www.reclameaqui.com.br/empresa/bs2-seguros/,2004-12-29,ATIVA,confirmado_cnpj_receita,nome_score_1,,2004-12-29,Sociedade seguradora de seguros vida,SAO PAULO,SP,
48,04111,JNS SEGURADORA S.A.,30.862.594/0001-00,,,,,2018-06-26,ATIVA,confirmado_codigo_susep,alta_codigo_exato,,2018-06-26,Sociedade seguradora de seguros não vida,CURITIBA,PR,
49,04251,CAPEMISA SEGURADORA DE VIDA E PREVIDÊNCIA S/A,08.602.745/0001-32,,,,,2006-11-24,ATIVA,confirmado_codigo_susep,alta_codigo_exato,,2006-11-24,Previdência complementar aberta,RIO DE JANEIRO,RJ,
50,04537,DARWIN SEGUROS S.A.,44.187.990/0001-94,,,Darwin Seguros,https://www.reclameaqui.com.br/empresa/darwin-seguros/,2021-11-10,ATIVA,confirmado_cnpj_receita,nome_score_1,,2021-11-10,Sociedade seguradora de seguros não vida,SAO PAULO,SP,
51,04600,BVIX SEGURADORA SA,55.006.797/0001-26,,,BVIX SEGURADORA S.A.,https://www.reclameaqui.com.br/empresa/bvix-seguradora-s-a/,2024-05-06,ATIVA,confirmado_cnpj_receita,nome_score_1,,2024-05-06,Sociedade seguradora de seguros não vida,SAO PAULO,SP,
52,04669,FAIRFAX BRASIL SEGUROS CORPORATIVOS S.A,10.793.428/0001-92,,,,,2009-04-29,ATIVA,confirmado_codigo_susep,alta_codigo_exato,,2009-04-29,Sociedade seguradora de seguros não vida,SAO PAULO,SP,
53,04928,STARR INTERNATIONAL BRASIL SEGURADORA S.A.,17.341.270/0001-69,,,,,2012-11-22,ATIVA,confirmado_codigo_susep,alta_codigo_exato,,2012-11-22,Sociedade seguradora de seguros não vida,SAO PAULO,SP,
54,04952,SUHAI SEGURADORA S.A.,16.825.255/0001-23,,,Suhai Seguradora,https://www.reclameaqui.com.br/empresa/suhai-seguradora/,2012-08-21,ATIVA,confirmado_cnpj_receita,nome_score_1,,2012-08-21,Sociedade seguradora de seguros não vida,SAO PAULO,SP,
55,05011,CHUBB DO BRASIL CIA DE SEGUROS,03.502.099/0001-18,,,Chubb Seguros Brasil,https://www.reclameaqui.com.br/empresa/chubb-seguros-brasil/,1999-11-12,ATIVA,confirmado_cnpj_receita,nome_score_1,,2005-05-21,Sociedade seguradora de seguros não vida,SAO PAULO,SP,G01
56,05045,COMPANHIA DE SEGUROS ALIANÇA DA BAHIA,15.144.017/0001-90,ALBA SEGURADORA,,,,1958-09-19,ATIVA,confirmado_codigo_susep,alta_codigo_exato,ALBA SEGURADORA,2005-11-03,Sociedade seguradora de seguros não vida,SALVADOR,BA,
57,05070,ZURICH SANTANDER BRASIL SEGUROS E PREVIDÊNCIA S.A.,87.376.109/0001-06,,,"zurich santander brasil seguros e previdência,",https://www.reclameaqui.com.br/empresa/zurich-santander-brasil-seguros-e-previdencia/,1975-09-23,ATIVA,confirmado_codigo_susep,alta_codigo_exato,,2005-11-03,Sociedade seguradora de seguros vida,SAO PAULO,SP,
58,05118,TRADITIO COMPANHIA DE SEGUROS,33.041.062/0001-09,SALIC,,,,1966-08-04,ATIVA,confirmado_codigo_susep,alta_codigo_exato,SALIC,2005-11-03,Sociedade seguradora de seguros não vida,RIO DE JANEIRO,RJ,
59,05142,ICATU SEGUROS S.A,42.283.770/0001-39,ICATU SEGUROS,,Icatu Seguros,https://www.reclameaqui.com.br/empresa/icatu-seguros-1/,1973-12-06,ATIVA,confirmado_cnpj_receita,nome_score_1,ICATU SEGUROS,2005-11-03,Sociedade seguradora de seguros vida,RIO DE JANEIRO,RJ,
60,05177,ALLIANZ SEGUROS S.A.,61.573.796/0001-66,,,Allianz Seguros,https://www.reclameaqui.com.br/empresa/allianz-seguros/,1929-10-29,ATIVA,confirmado_cnpj_receita,nome_score_1,,2005-11-03,Sociedade seguradora de seguros não vida,SAO PAULO,SP,G08
61,05185,YELUM SEGUROS S.A.,61.550.141/0001-72,YELUM SEGURADORA,,Yelum Seguradora,https://www.reclameaqui.com.br/empresa/yelum-seguradora/,1966-08-09,ATIVA,confirmado_cnpj_receita,nome_score_1,YELUM SEGURADORA,2005-11-03,Sociedade seguradora de seguros não vida,SAO PAULO,SP,
62,05193,COMPANHIA DE SEGUROS PREVIDÊNCIA DO SUL - PREVISUL,92.751.213/0001-73,PREVISUL,,,,1966-08-05,ATIVA,confirmado_codigo_susep,alta_codigo_exato,PREVISUL,2005-11-03,Sociedade seguradora de seguros vida,SAO PAULO,SP,
63,05274,BANESTES SEGUROS S.A.,27.053.230/0001-75,BANSEG,,Banestes Seguros,https://www.reclameaqui.com.br/empresa/banestes-seguros/,1971-09-27,ATIVA,confirmado_cnpj_receita,nome_score_1,BANSEG,2005-11-03,Sociedade seguradora de seguros não vida,VITORIA,ES,
64,05312,BRADESCO AUTO/RE COMPANHIA DE SEGUROS,92.682.038/0001-00,,,"Bradesco Seguros – Auto, Residencial e Patrimonial",https://www.reclameaqui.com.br/empresa/bradesco-seguros/,1966-09-08,ATIVA,confirmado_codigo_susep,alta_codigo_exato,,2005-11-03,Sociedade seguradora de seguros não vida,RIO DE JANEIRO,RJ,G09
65,05321,ITAU SEGUROS S.A.,60.701.190/0001-04,ITAU UNIBANCO,,Itaú Seguros e Capitalização,https://www.reclameaqui.com.br/empresa/itau-seguros-e-capitalizacao/,1944-08-22,ATIVA,confirmado_cnpj_receita,nome_score_1,ITAU UNIBANCO,2005-11-03,Bancos comerciais,SAO PAULO,SP,G06
66,05355,AZUL COMPANHIA DE SEGUROS GERAIS,33.448.150/0001-11,AZUL COMPANHIA DE SEGUROS GERAIS,,Azul Seguros,https://www.reclameaqui.com.br/empresa/azul-seguros/,1966-09-19,ATIVA,confirmado_cnpj_receita,nome_score_1,AZUL COMPANHIA DE SEGUROS GERAIS,2005-11-03,Sociedade seguradora de seguros não vida,RIO DE JANEIRO,RJ,
67,05401,PQ SEGUROS S.A.,,,,,,,,pendente,,,,,,,
68,05436,JUNTO SEGUROS S.A.,84.948.157/0001-33,,,JUNTO SEGUROS,https://www.reclameaqui.com.br/empresa/junto-seguros/,1992-01-24,ATIVA,confirmado_cnpj_receita,nome_score_1,,2005-11-03,Sociedade seguradora de seguros não vida,CURITIBA,PR,
69,05444,BRADESCO SEGUROS S.A,92.682.038/0001-00,,,"Bradesco Seguros – Auto, Residencial e Patrimonial",https://www.reclameaqui.com.br/empresa/bradesco-seguros/,1966-09-08,ATIVA,confirmado_cnpj_receita,nome_score_1,,2005-11-03,Sociedade seguradora de seguros não vida,RIO DE JANEIRO,RJ,G09
70,05495,ZURICH MINAS BRASIL SEGUROS S.A.,17.197.385/0001-21,ZURICH SEGUROS,,Seguradora Zurich,https://www.reclameaqui.com.br/empresa/zurich-seguros/,1938-12-09,ATIVA,confirmado_cnpj_receita,nome_score_0.5,ZURICH SEGUROS,2005-11-03,Sociedade seguradora de seguros vida,BELO HORIZONTE,MG,G02
71,05533,ATLÂNTICA COMPANHIA DE SEGUROS,,,,,,,,pendente,,,,,,,
72,05631,CAIXA SEGURADORA S.A.,34.020.354/0001-10,CAIXA SEGURADORA,,Caixa Seguradora,https://www.reclameaqui.com.br/empresa/caixa-seguradora/,1973-01-22,ATIVA,confirmado_cnpj_receita,nome_score_1,CAIXA SEGURADORA,2005-11-03,Sociedade seguradora de seguros não vida,BRASILIA,DF,G05
73,05657,VANGUARDA COMPANHIA DE SEGUROS GERAIS,42.582.049/0001-40,TANGUA,,,,1976-09-01,ATIVA,confirmado_codigo_susep,alta_codigo_exato,TANGUA,2005-11-03,Sociedade seguradora de seguros vida,RIO DE JANEIRO,RJ,
74,05665,MAPFRE VIDA S.A.,54.484.753/0001-49,,,,,1985-05-29,ATIVA,confirmado_codigo_susep,alta_codigo_exato,,2005-11-03,Sociedade seguradora de seguros vida,SAO PAULO,SP,
75,05690,COMPANHIA EXCELSIOR DE SEGUROS,33.054.826/0001-92,EXCELSIOR DE SEGUROS,,Excelsior seguros,https://www.reclameaqui.com.br/empresa/excelsior-seguros/,1966-08-08,ATIVA,confirmado_cnpj_receita,nome_score_1,EXCELSIOR DE SEGUROS,2005-11-03,Sociedade seguradora de seguros vida,RECIFE,PE,
76,05720,SOMPO SEGUROS S.A.,61.383.493/0001-80,,,Sompo,https://www.reclameaqui.com.br/empresa/sompo-seguros-yasuda-maritima-seguros/,1966-07-28,ATIVA,confirmado_cnpj_receita,nome_score_1,,2005-11-03,Sociedade seguradora de seguros não vida,SAO PAULO,SP,
77,05754,NOBRE SEGURADORA DO BRASIL S.A.,,,,,,,,pendente,,,,,,,
78,05819,ALLSEG SEGURADORA S.A.,67.865.360/0001-27,,,Allseg Seguradora S.A ,https://www.reclameaqui.com.br/empresa/allseg-seguradora-sa-seguros1/,1992-05-19,ATIVA,confirmado_cnpj_receita,nome_score_1,,2005-02-26,Sociedade seguradora de seguros vida,SAO PAULO,SP,
79,05843,INDIANA SEGUROS S.A.,17.643.407/0001-30,SANCOR SEGUROS,,Indiana Seguros,https://www.reclameaqui.com.br/empresa/indiana-seguros/,2013-02-15,ATIVA,confirmado_cnpj_receita,nome_score_1,SANCOR SEGUROS,2013-02-15,Sociedade seguradora de seguros não vida,MARINGA,PR,G03
80,05886,PORTO SEGURO COMPANHIA DE SEGUROS GERAIS,61.198.164/0001-60,,,Porto Seguro,https://www.reclameaqui.com.br/empresa/porto-seguro/,1966-02-09,ATIVA,confirmado_cnpj_receita,nome_score_1,,2005-11-03,Sociedade seguradora de seguros não vida,SAO PAULO,SP,
81,05908,GENERALI  BRASIL  SEGUROS S.A.,33.072.307/0001-57,,,Generali Seguros,https://www.reclameaqui.com.br/empresa/generali-seguros/,1966-03-31,ATIVA,confirmado_cnpj_receita,nome_score_1,,2005-11-03,Sociedade seguradora de seguros vida,RIO DE JANEIRO,RJ,
82,05941,ZURICH BRASIL COMPANHIA DE SEGUROS,17.197.385/0001-21,ZURICH SEGUROS,,Seguradora Zurich,https://www.reclameaqui.com.br/empresa/zurich-seguros/,1938-12-09,ATIVA,confirmado_cnpj_receita,nome_score_1,ZURICH SEGUROS,2005-11-03,Sociedade seguradora de seguros vida,BELO HORIZONTE,MG,G02
83,05991,SWISS RE CORPORATE SOLUTIONS BRASIL SEGUROS S.A.,72.145.931/0001-99,,,SWISS RE CORPORATE SOLUTIONS BRASIL SEGUROS,https://www.reclameaqui.com.br/empresa/swiss-re-corporate-solutions-brasil-seguros/,1993-04-22,ATIVA,confirmado_cnpj_receita,nome_score_1,,2005-11-03,Sociedade seguradora de seguros não vida,SAO PAULO,SP,
84,06017,CENTAURO VIDA E PREVIDÊNCIA S. A.,06.347.409/0001-65,,,Centauro,https://www.reclameaqui.com.br/empresa/centauro-loja-fisica/,2004-06-23,ATIVA,confirmado_cnpj_receita,nome_score_1,,,Comércio varejista de artigos esportivos,SAO PAULO,SP,
85,06033,PORTO SEGURO VIDA E PREVIDÊNCIA S/A.,58.768.284/0001-40,,,Porto Seguro Previdência,https://www.reclameaqui.com.br/empresa/porto-seguro-vida-e-previdencia/,1988-04-08,ATIVA,confirmado_cnpj_receita,nome_score_1,,2005-11-03,Previdência complementar aberta,SAO PAULO,SP,
86,06084,MBM SEGURADORA S.A.,87.883.807/0001-06,,,,,1974-03-21,ATIVA,confirmado_codigo_susep,alta_codigo_exato,,2005-09-24,Sociedade seguradora de seguros vida,PORTO ALEGRE,RS,
87,06106,KIRTON SEGUROS S.A.,,,,,,,,pendente,,,,,,,
88,06122,FATOR SEGURADORA S/A,33.061.862/0001-83,,,FATOR SEGURADORA,https://www.reclameaqui.com.br/empresa/fator-seguradora/,1966-08-01,ATIVA,confirmado_cnpj_receita,nome_score_1,,2005-11-03,Sociedade seguradora de seguros não vida,SAO PAULO,SP,
89,06157,ZURICH BRASIL VIDA E PREVIDÊNCIA S.A.,17.197.385/0001-21,ZURICH SEGUROS,,Seguradora Zurich,https://www.reclameaqui.com.br/empresa/zurich-seguros/,1938-12-09,ATIVA,confirmado_cnpj_receita,nome_score_1,ZURICH SEGUROS,2005-11-03,Sociedade seguradora de seguros vida,BELO HORIZONTE,MG,G02
90,06173,KOVR PREVIDÊNCIA S.A,17.479.056/0001-73,,,,,1982-07-22,ATIVA,confirmado_codigo_susep,alta_codigo_exato,,2005-11-03,Previdência complementar aberta,SAO PAULO,SP,
91,06181,BRASILVEÍCULOS COMPANHIA DE SEGUROS,01.356.570/0033-69,,,BRASILVEICULOS COMPANHIA DE SEGUROS,https://www.reclameaqui.com.br/empresa/brasilveiculos-companhia-de-seguros/,2017-09-26,BAIXADA,confirmado_cnpj_receita,nome_score_1,,2019-11-06,Sociedade seguradora de seguros não vida,PALMAS,TO,
92,06190,TOKIO MARINE SEGURADORA S.A.,33.164.021/0001-00,,,Tokio Marine Seguradora,https://www.reclameaqui.com.br/empresa/tokio-marine-seguradora/,1973-05-31,ATIVA,confirmado_cnpj_receita,nome_score_1,,2005-11-03,Sociedade seguradora de seguros não vida,SAO PAULO,SP,
93,06211,ALIANÇA DO BRASIL SEGUROS S.A,01.378.407/0001-10,ALIANCA DO BRASIL SEGUROS S/A.,,ALIANCA DO BRASIL SEGUROS S/A.,https://www.reclameaqui.com.br/empresa/alianca-do-brasil-seguros-s-a/,1996-08-20,ATIVA,confirmado_cnpj_receita,nome_score_1,ALIANCA DO BRASIL SEGUROS S/A.,2004-02-27,Sociedade seguradora de seguros não vida,SAO PAULO,SP,
94,06238,MAPFRE SEGUROS GERAIS S.A.,61.074.175/0001-38,,,Mapfre,https://www.reclameaqui.com.br/empresa/mapfre-1/,1966-07-08,ATIVA,confirmado_cnpj_receita,nome_score_1,,2005-11-03,Sociedade seguradora de seguros não vida,SAO PAULO,SP,G07
95,06301,RIO GRANDE SEGUROS E PREVIDÊNCIA S.A.,01.582.075/0001-90,,,Rio Grande Seguros e Previdência,https://www.reclameaqui.com.br/empresa/rio-grande-seguros-e-previdencia/,1996-08-15,ATIVA,confirmado_codigo_susep,alta_codigo_exato,,2001-02-25,Previdência complementar aberta,PORTO ALEGRE,RS,
96,06335,SEGURADORA BRASILEIRA DE CRÉDITO À EXPORTAÇÃO S.A.,,,,,,,,pendente,,,,,,,
97,06467,ALFA SEGURADORA S.A.,02.713.529/0001-88,,,Alfa Seguradora,https://www.reclameaqui.com.br/empresa/alfa-seguradora/,1998-08-31,ATIVA,confirmado_cnpj_receita,nome_score_1,,2005-11-03,Sociedade seguradora de seguros não vida,SAO PAULO,SP,
98,06513,CHUBB SEGUROS BRASIL S.A.,03.502.099/0001-18,,,Chubb Seguros Brasil,https://www.reclameaqui.com.br/empresa/chubb-seguros-brasil/,1999-11-12,ATIVA,confirmado_cnpj_receita,nome_score_1,,2005-05-21,Sociedade seguradora de seguros não vida,SAO PAULO,SP,G01
99,06530,VIRGINIA SURETY COMPANHIA DE SEGUROS DO BRASIL,,,,,,,,pendente,,,,,,,
100,06548,CARDIF DO BRASIL VIDA E PREVIDÊNCIA S/A,03.546.261/0001-08,,,CARDIF DO BRASIL VIDA E PREVIDENCIA,https://www.reclameaqui.com.br/empresa/cardif-do-brasil-vida-e-previdencia/,1999-12-07,ATIVA,confirmado_cnpj_receita,nome_score_1,,2004-12-11,Sociedade seguradora de seguros vida,SAO PAULO,SP,
101,06564,ZURICH SANTANDER BRASIL SEGUROS S.A.,06.136.920/0001-18,,,"zurich santander brasil seguros e previdência,",https://www.reclameaqui.com.br/empresa/zurich-santander-brasil-seguros-e-previdencia/,2004-01-06,ATIVA,confirmado_codigo_susep,alta_codigo_exato,,2004-10-23,Sociedade seguradora de seguros não vida,SAO PAULO,SP,
102,06572,HDI SEGUROS S.A.,29.980.158/0001-57,,,HDI Seguros,https://www.reclameaqui.com.br/empresa/hdi-seguros/,1978-04-18,ATIVA,confirmado_cnpj_receita,nome_score_1,,2005-11-03,Sociedade seguradora de seguros não vida,SAO PAULO,SP,G04
103,06602,MITSUI SUMITOMO SEGUROS S.A.,33.016.221/0001-07,,,Mitsui Sumitomo Seguros,https://www.reclameaqui.com.br/empresa/mitsui-sumitomo-seguros/,1972-02-25,ATIVA,confirmado_cnpj_receita,nome_score_1,,2005-11-03,Sociedade seguradora de seguros não vida,SAO PAULO,SP,
104,06653,TOO SEGUROS S.A.,33.245.762/0001-07,,,Too Seguros,https://www.reclameaqui.com.br/empresa/pan-seguros/,1973-05-10,ATIVA,confirmado_cnpj_receita,nome_score_1,,2005-11-03,Sociedade seguradora de seguros não vida,SAO PAULO,SP,
105,06688,COMPANHIA DE SEGUROS DO ESTADO DE SÃO PAULO - COSESP,,,,,,,,pendente,,,,,,,
106,06696,AXA XL SEGUROS S.A.,,,,,,,,pendente,,,,,,,
107,06751,SEGUROS SURA S.A.,33.065.699/0001-27,,,Seguros SURA,https://www.reclameaqui.com.br/empresa/seguros-sura/,1973-08-31,ATIVA,confirmado_cnpj_receita,nome_score_1,,2005-11-03,Sociedade seguradora de seguros não vida,SAO PAULO,SP,
108,06785,BRASILSEG COMPANHIA DE SEGUROS,28.196.889/0001-43,BRASILSEG,,,,1984-01-05,ATIVA,confirmado_codigo_susep,alta_codigo_exato,BRASILSEG,2005-11-03,Sociedade seguradora de seguros vida,SAO PAULO,SP,
109,06793,GENTE SEGURADORA S.A.,90.180.605/0001-02,GENTE SEGURADORA,,Gente Seguradora,https://www.reclameaqui.com.br/empresa/gente-seguradora/,1984-12-04,ATIVA,confirmado_cnpj_receita,nome_score_1,GENTE SEGURADORA,2005-11-03,Sociedade seguradora de seguros não vida,PORTO ALEGRE,RS,
110,06831,SINAF SEGUROS S.A.,44.019.198/0001-20,SINAF SEGUROS,,SINAF Seguros,https://www.reclameaqui.com.br/empresa/sinaf-seguros/,1974-02-22,ATIVA,confirmado_cnpj_receita,nome_score_1,SINAF SEGUROS,2005-11-03,Sociedade seguradora de seguros vida,RIO DE JANEIRO,RJ,
111,06866,BRADESCO VIDA E PREVIDÊNCIA S.A.,51.990.695/0001-37,,,Bradesco Vida e Previdência,https://www.reclameaqui.com.br/empresa/bradesco-vida-e-previdencia/,1980-01-29,ATIVA,confirmado_cnpj_receita,nome_score_1,,2005-11-03,Previdência complementar aberta,SAO PAULO,SP,
112,06912,ITAUSEG SEGURADORA S.A.,,,,,,,,pendente,,,,,,,
113,06921,KOVR SEGURADORA S.A.,42.366.302/0001-28,,,,,1974-09-09,ATIVA,confirmado_codigo_susep,alta_codigo_exato,,2005-11-03,Sociedade seguradora de seguros não vida,SAO PAULO,SP,
114,06947,UNIMED SEGURADORA S.A.,92.863.505/0001-06,,,Seguros Unimed,https://www.reclameaqui.com.br/empresa/unimed-seguradora/,1970-12-11,ATIVA,confirmado_cnpj_receita,nome_score_1,,2005-11-03,Sociedade seguradora de seguros vida,SAO PAULO,SP,
115,06998,CESCEBRASIL SEGUROS DE GARANTIAS E CRÉDITO S.A.,29.959.459/0001-07,CESCE BRASIL SEGUROS.,,,,1977-12-29,ATIVA,confirmado_codigo_susep,alta_codigo_exato,CESCE BRASIL SEGUROS.,2005-11-03,Sociedade seguradora de seguros não vida,SAO PAULO,SP,
116,08737,AIG SEGUROS BRASIL S.A.,33.040.981/0001-50,AIG SEGUROS BRASIL,,AIG Seguros Brasil,https://www.reclameaqui.com.br/empresa/aig-seguros-brasil/,1966-01-28,ATIVA,confirmado_cnpj_receita,nome_score_1,AIG SEGUROS BRASIL,2005-11-03,Sociedade seguradora de seguros não vida,SAO PAULO,SP,
117,09938,SAFRA VIDA E PREVIDÊNCIA S.A.,30.902.142/0001-05,,,,,1980-06-24,ATIVA,confirmado_codigo_susep,alta_codigo_exato,,2005-11-03,Sociedade seguradora de seguros vida,SAO PAULO,SP,
