ano_mes,emplacamentos_novos_AUTOMOVEIS,emplacamentos_novos_CAMINHOES,emplacamentos_novos_COMERCIAIS_LEVES,emplacamentos_novos_IMPLEMENTOS_RODOVIARIOS,emplacamentos_novos_MOTOCICLETAS,emplacamentos_novos_ONIBUS,emplacamentos_novos_total,ipca_numero_indice_nacional,trends_nacional_corretora_de_seguros,trends_nacional_cotação_seguro_auto,trends_nacional_seguro_auto,trends_nacional_seguro_de_carro,trends_nacional_seguros
201601,131272.0,4348.0,18427.0,1719.0,96243.0,1253.0,253262.0,4550.23,7.0,1.0,10.0,6.0,89.0
201602,122702.0,3823.0,19366.0,1881.0,86643.0,892.0,235307.0,4591.18,7.0,1.0,9.0,5.0,90.0
201603,147655.0,4820.0,25620.0,2625.0,103280.0,1199.0,285199.0,4610.92,7.0,1.0,8.0,5.0,86.0
201604,132032.0,4191.0,25547.0,1996.0,93475.0,1145.0,258386.0,4639.05,7.0,1.0,9.0,5.0,86.0
201605,137448.0,4084.0,24722.0,2274.0,86489.0,1255.0,256272.0,4675.23,8.0,1.0,9.0,4.0,83.0
201606,139559.0,4188.0,26851.0,2255.0,80955.0,1194.0,255002.0,4691.59,8.0,1.0,8.0,5.0,86.0
201607,146590.0,4676.0,28202.0,2087.0,79111.0,1948.0,262614.0,4715.99,7.0,1.0,8.0,5.0,84.0
201608,148888.0,4385.0,29215.0,1965.0,80359.0,1413.0,266225.0,4736.74,7.0,,9.0,4.0,80.0
201609,130854.0,4154.0,24122.0,1872.0,69652.0,828.0,231482.0,4740.53,7.0,,8.0,5.0,85.0
201610,132230.0,3417.0,22645.0,1669.0,64751.0,757.0,225469.0,4752.86,7.0,,10.0,5.0,84.0
201611,148687.0,3779.0,24874.0,1455.0,73343.0,801.0,252939.0,4761.42,7.0,1.0,10.0,5.0,89.0
201612,169990.0,4446.0,29023.0,1846.0,83661.0,927.0,289893.0,4775.7,7.0,1.0,11.0,6.0,90.0
201701,121399.0,2940.0,22181.0,1526.0,67605.0,707.0,216358.0,4793.85,8.0,1.0,10.0,7.0,93.0
201702,112383.0,2611.0,20022.0,1333.0,60497.0,647.0,197493.0,4809.67,8.0,1.0,9.0,6.0,90.0
201703,158084.0,4124.0,25766.0,2201.0,82886.0,1169.0,274230.0,4821.69,8.0,1.0,10.0,6.0,96.0
201704,131516.0,3488.0,20867.0,1753.0,64955.0,1062.0,223641.0,4828.44,7.0,1.0,9.0,5.0,89.0
201705,163294.0,4119.0,26837.0,2095.0,79556.0,1318.0,277219.0,4843.41,8.0,1.0,9.0,6.0,96.0
201706,161199.0,4180.0,28030.0,2199.0,71783.0,1562.0,268953.0,4832.27,7.0,1.0,10.0,5.0,93.0
201707,151703.0,4525.0,27144.0,2151.0,70344.0,1466.0,257333.0,4843.87,8.0,1.0,11.0,6.0,99.0
201708,180888.0,4819.0,28983.0,2437.0,76357.0,1844.0,295328.0,4853.07,8.0,1.0,10.0,5.0,100.0
201709,168016.0,4542.0,25564.0,2097.0,66237.0,1105.0,267561.0,4860.83,7.0,1.0,11.0,6.0,91.0
201710,166834.0,5055.0,29801.0,2717.0,68235.0,1170.0,273812.0,4881.25,7.0,1.0,10.0,5.0,93.0
201711,168875.0,5495.0,28372.0,2521.0,65294.0,1446.0,272003.0,4894.92,7.0,1.0,9.0,6.0,93.0
201712,171988.0,6174.0,32864.0,2541.0,77458.0,1603.0,292628.0,4916.46,7.0,1.0,11.0,6.0,92.0
201801,148898.0,4594.0,26656.0,2526.0,77031.0,1115.0,260820.0,4930.72,8.0,1.0,10.0,7.0,98.0
201802,129739.0,4106.0,21952.0,2917.0,63013.0,1109.0,222836.0,4946.5,7.0,1.0,10.0,6.0,92.0
201803,172739.0,5969.0,27362.0,3630.0,79363.0,1309.0,290372.0,4950.95,7.0,1.0,9.0,6.0,94.0
201804,178699.0,6223.0,31296.0,3562.0,82152.0,1141.0,303073.0,4961.84,7.0,1.0,9.0,6.0,94.0
201805,164426.0,5717.0,30496.0,3608.0,81271.0,1241.0,286759.0,4981.69,7.0,1.0,8.0,5.0,93.0
201806,163508.0,5732.0,31546.0,3776.0,74084.0,1190.0,279836.0,5044.46,7.0,1.0,8.0,5.0,82.0
201807,176067.0,6666.0,32484.0,4077.0,76247.0,2289.0,297830.0,5061.11,7.0,1.0,9.0,6.0,88.0
201808,203926.0,7439.0,35319.0,4805.0,88936.0,1954.0,342379.0,5056.56,8.0,1.0,9.0,6.0,91.0
201809,173193.0,6704.0,31540.0,3694.0,74068.0,1913.0,291112.0,5080.83,6.0,1.0,8.0,5.0,78.0
201810,208814.0,7920.0,35926.0,4190.0,83331.0,2072.0,342253.0,5103.69,7.0,,8.0,5.0,83.0
201811,192146.0,7758.0,29171.0,4587.0,76839.0,1863.0,312364.0,5092.97,6.0,1.0,10.0,5.0,86.0
201812,189411.0,7607.0,35590.0,4102.0,84066.0,1949.0,322725.0,5100.61,7.0,1.0,11.0,7.0,86.0
201901,163796.0,6932.0,26956.0,4391.0,90722.0,2113.0,294910.0,5116.93,7.0,1.0,10.0,7.0,94.0
201902,162537.0,6816.0,27313.0,4494.0,84182.0,1987.0,287329.0,5138.93,7.0,1.0,9.0,5.0,91.0
201903,170483.0,7628.0,29067.0,5085.0,83828.0,2005.0,298096.0,5177.47,7.0,1.0,9.0,5.0,84.0
201904,189097.0,8489.0,32224.0,5551.0,93387.0,2142.0,330890.0,5206.98,8.0,1.0,9.0,6.0,90.0
201905,198779.0,9197.0,35394.0,6070.0,98018.0,2096.0,349554.0,5213.75,7.0,1.0,9.0,5.0,90.0
201906,181291.0,7804.0,32147.0,5248.0,80040.0,1971.0,308501.0,5214.27,7.0,1.0,9.0,5.0,88.0
201907,195854.0,9001.0,36389.0,5930.0,90057.0,2396.0,339627.0,5224.18,7.0,1.0,9.0,5.0,93.0
201908,195927.0,9580.0,34791.0,5742.0,88654.0,2709.0,337403.0,5229.93,7.0,1.0,8.0,5.0,91.0
201909,187816.0,9301.0,35424.0,5215.0,87744.0,2323.0,327823.0,5227.84,8.0,1.0,8.0,5.0,92.0
201910,204523.0,9497.0,36652.0,5490.0,98407.0,2700.0,357269.0,5233.07,7.0,1.0,8.0,5.0,92.0
201911,196769.0,9162.0,34154.0,5246.0,88426.0,2229.0,335986.0,5259.76,6.0,,8.0,5.0,86.0
201912,215348.0,8329.0,36625.0,4987.0,94109.0,2434.0,361832.0,5320.25,6.0,1.0,9.0,6.0,89.0
202001,154572.0,7186.0,29553.0,4632.0,91689.0,2153.0,289785.0,5331.42,8.0,1.0,10.0,7.0,94.0
202002,165140.0,6508.0,27499.0,4375.0,79782.0,1840.0,285144.0,5344.75,7.0,1.0,9.0,6.0,88.0
202003,131249.0,6483.0,24561.0,4109.0,75356.0,1295.0,243053.0,5348.49,6.0,,7.0,4.0,83.0
202004,,,,,,,,5331.91,4.0,,5.0,3.0,61.0
202005,,,,,,,,5311.65,5.0,,5.0,4.0,66.0
202006,,,,,,,,5325.46,5.0,,6.0,4.0,71.0
202007,134944.0,9522.0,28139.0,7208.0,85166.0,1893.0,266872.0,5344.63,6.0,,7.0,5.0,82.0
202008,142046.0,8072.0,31498.0,6525.0,95998.0,1777.0,285916.0,5357.46,5.0,,7.0,5.0,72.0
202009,161086.0,7393.0,37699.0,6425.0,99621.0,1536.0,313760.0,5391.75,5.0,,7.0,5.0,75.0
202010,168464.0,7967.0,36780.0,6750.0,96159.0,1842.0,317962.0,5438.12,5.0,,8.0,5.0,70.0
202011,177565.0,9021.0,36700.0,6405.0,89440.0,1744.0,320875.0,5486.52,5.0,,7.0,5.0,69.0
202012,194679.0,9639.0,38135.0,7354.0,98831.0,1551.0,350189.0,5560.59,4.0,,7.0,5.0,70.0
202101,130800.0,7262.0,31767.0,6726.0,85839.0,1324.0,263718.0,5574.49,5.0,,8.0,6.0,72.0
202102,128099.0,7719.0,30138.0,6596.0,57428.0,1428.0,231408.0,5622.43,5.0,,7.0,5.0,71.0
202103,141938.0,10796.0,35171.0,7983.0,62290.0,1500.0,259678.0,5674.72,5.0,,6.0,4.0,69.0
202104,127453.0,9818.0,36449.0,7474.0,94696.0,1400.0,277290.0,5692.31,5.0,,6.0,4.0,64.0
202105,142673.0,11358.0,32732.0,7998.0,110417.0,1897.0,307075.0,5739.56,5.0,,6.0,4.0,67.0
202106,133318.0,11102.0,36271.0,8102.0,106717.0,1765.0,297275.0,5769.98,5.0,,7.0,4.0,68.0
202107,123579.0,11488.0,38825.0,8426.0,112586.0,1562.0,296466.0,5825.37,5.0,,7.0,5.0,68.0
202108,119813.0,12658.0,38701.0,8145.0,102711.0,1624.0,283652.0,5876.05,5.0,,6.0,5.0,67.0
202109,109077.0,11566.0,33277.0,6830.0,108848.0,1163.0,270761.0,5944.21,5.0,,7.0,5.0,73.0
202110,119315.0,11087.0,30764.0,6940.0,97023.0,1199.0,266328.0,6018.51,5.0,,6.0,4.0,70.0
202111,125974.0,10559.0,35053.0,7007.0,106500.0,1371.0,286464.0,6075.69,5.0,,6.0,5.0,66.0
202112,156146.0,11986.0,37409.0,8154.0,112403.0,1538.0,327636.0,6120.04,5.0,,7.0,5.0,69.0
202201,92212.0,8517.0,24389.0,6724.0,89685.0,1368.0,222895.0,6153.09,5.0,1.0,8.0,6.0,73.0
202202,97590.0,7961.0,22602.0,5937.0,74065.0,1123.0,209278.0,6215.24,5.0,1.0,7.0,5.0,75.0
202203,108244.0,10133.0,26660.0,6796.0,110083.0,1779.0,263695.0,6315.93,5.0,1.0,7.0,5.0,72.0
202204,109684.0,9375.0,26657.0,6572.0,107737.0,1521.0,261546.0,6382.88,5.0,,6.0,5.0,67.0
202205,139472.0,10319.0,35342.0,7215.0,133372.0,1936.0,327656.0,6412.88,5.0,1.0,6.0,5.0,74.0
202206,133587.0,10862.0,31883.0,6937.0,120869.0,1731.0,305869.0,6455.85,5.0,1.0,7.0,5.0,73.0
202207,135522.0,11328.0,33571.0,7306.0,107619.0,1561.0,296907.0,6411.95,6.0,1.0,7.0,5.0,70.0
202208,155095.0,12301.0,39047.0,7776.0,118549.0,2050.0,334818.0,6388.87,6.0,1.0,6.0,6.0,70.0
202209,143210.0,11091.0,37214.0,7357.0,123645.0,2436.0,324953.0,6370.34,5.0,1.0,6.0,5.0,73.0
202210,137003.0,10582.0,31471.0,6349.0,120251.0,1828.0,307484.0,6407.93,5.0,1.0,6.0,5.0,64.0
202211,158766.0,9935.0,33178.0,6203.0,123206.0,2115.0,333403.0,6434.2,5.0,1.0,6.0,5.0,64.0
202212,164169.0,12064.0,38007.0,7891.0,132129.0,2680.0,356940.0,6474.09,5.0,1.0,7.0,6.0,68.0
202301,103872.0,10215.0,26588.0,6539.0,110493.0,2152.0,259859.0,6508.4,6.0,1.0,8.0,6.0,76.0
202302,95809.0,7825.0,23946.0,5923.0,100549.0,2288.0,236340.0,6563.07,6.0,1.0,7.0,6.0,74.0
202303,,,,,,,,6609.67,6.0,1.0,6.0,5.0,79.0
202304,118127.0,7294.0,33594.0,6207.0,120908.0,1669.0,287799.0,6649.99,5.0,,7.0,5.0,68.0
202305,127482.0,7893.0,38879.0,7677.0,161433.0,2237.0,345601.0,6665.28,6.0,1.0,7.0,5.0,73.0
202306,142017.0,7722.0,37674.0,7323.0,140312.0,2115.0,337163.0,6659.95,6.0,,7.0,6.0,71.0
202307,176742.0,8109.0,38969.0,7316.0,123051.0,1783.0,355970.0,6667.94,6.0,,6.0,6.0,70.0
202308,153478.0,8968.0,43400.0,8541.0,142714.0,1871.0,358972.0,6683.28,6.0,,7.0,6.0,69.0
202309,,,,,,,,6700.66,5.0,,6.0,6.0,70.0
202310,163134.0,9157.0,43535.0,8964.0,137606.0,1919.0,364315.0,6716.74,6.0,,6.0,6.0,66.0
202311,160693.0,9050.0,40956.0,7606.0,130469.0,1944.0,350718.0,6735.55,5.0,,6.0,6.0,66.0
202312,187751.0,10068.0,48846.0,7874.0,132752.0,1877.0,389168.0,6773.27,5.0,,7.0,8.0,70.0
202401,,,,,,,,6801.72,6.0,,7.0,8.0,73.0
202402,120315.0,8200.0,34968.0,7474.0,136285.0,1723.0,308965.0,6858.17,6.0,,6.0,7.0,74.0
202403,137889.0,9701.0,38093.0,7559.0,152670.0,2046.0,347958.0,6869.14,6.0,,6.0,7.0,71.0
202404,,,,,,,,6895.24,6.0,,6.0,7.0,77.0
202405,144027.0,9360.0,39187.0,6808.0,164502.0,1683.0,365567.0,6926.96,6.0,,6.0,7.0,74.0
202406,163808.0,9663.0,38666.0,7699.0,165855.0,2152.0,387843.0,6941.51,7.0,,6.0,7.0,73.0
202407,178047.0,11082.0,49253.0,7858.0,156893.0,2960.0,406093.0,6967.89,7.0,,6.0,7.0,75.0
202408,170995.0,11303.0,52201.0,7685.0,163882.0,2885.0,408951.0,6966.5,6.0,,6.0,7.0,72.0
202409,171658.0,11218.0,51028.0,7238.0,156607.0,2449.0,400198.0,6997.15,6.0,,5.0,7.0,72.0
202410,195201.0,11901.0,54695.0,7687.0,166722.0,3139.0,439345.0,7036.33,6.0,,5.0,7.0,73.0
202411,193730.0,10002.0,47461.0,6682.0,147018.0,2309.0,407202.0,7063.77,6.0,,5.0,8.0,71.0
202412,189862.0,11159.0,53829.0,6820.0,151925.0,2594.0,416189.0,7100.5,5.0,,6.0,9.0,69.0
202501,123359.0,9170.0,36487.0,6203.0,151954.0,2191.0,329364.0,7111.86,7.0,,6.0,9.0,79.0
202502,134772.0,8751.0,39037.0,6194.0,155954.0,2375.0,347083.0,7205.03,7.0,,5.0,8.0,74.0
202503,141542.0,9201.0,42504.0,6026.0,166010.0,2230.0,367513.0,7245.38,6.0,,5.0,8.0,70.0
202504,152267.0,9037.0,44786.0,5970.0,182673.0,2546.0,397279.0,7276.54,6.0,,5.0,8.0,71.0
202505,167540.0,8887.0,46817.0,5916.0,193348.0,2415.0,424923.0,7295.46,6.0,,5.0,8.0,68.0
202506,159128.0,8374.0,43036.0,5536.0,179357.0,2359.0,397790.0,7312.97,6.0,,5.0,8.0,69.0
202507,181787.0,10523.0,48161.0,6274.0,193165.0,2754.0,442664.0,7331.98,7.0,,5.0,9.0,73.0
202508,172280.0,8805.0,42210.0,5642.0,185454.0,2053.0,416444.0,7323.91,6.0,,5.0,9.0,72.0
202509,178548.0,9579.0,52822.0,5934.0,205862.0,2316.0,455061.0,7359.06,7.0,,6.0,8.0,71.0
202510,192752.0,10462.0,55125.0,6470.0,209768.0,2419.0,476996.0,7365.68,7.0,,6.0,9.0,74.0
202511,182044.0,8790.0,45130.0,5464.0,180601.0,2642.0,424671.0,7378.94,6.0,,5.0,10.0,66.0
202512,210732.0,9765.0,56385.0,5398.0,193163.0,2543.0,477986.0,7403.29,6.0,,6.0,10.0,67.0
202601,125136.0,6379.0,37348.0,4344.0,178537.0,1675.0,353419.0,7427.72,6.0,,6.0,11.0,71.0
202602,140548.0,6611.0,36249.0,5008.0,171508.0,1742.0,361666.0,7479.71,6.0,,6.0,10.0,70.0
202603,206375.0,8766.0,51848.0,6392.0,221573.0,2474.0,497428.0,7545.53,7.0,,7.0,9.0,70.0
202604,187313.0,8661.0,49943.0,5545.0,210649.0,2436.0,464547.0,7596.09,6.0,,7.0,10.0,68.0
202605,214300.0,8200.0,49743.0,5173.0,197685.0,2074.0,477175.0,7640.15,6.0,,7.0,10.0,67.0
202606,212902.0,9419.0,47565.0,6072.0,194200.0,2580.0,472738.0,7652.37,7.0,,6.0,10.0,71.0
202607,212691.0,11192.0,53004.0,7956.0,199181.0,2691.0,486715.0,7657.73,6.0,,6.0,10.0,74.0
202608,212876.0,9603.0,50178.0,6567.0,205190.0,2437.0,486851.0,,6.0,,6.0,11.0,71.0
