semestre_ref,regiao,regiao_descricao,uf_aproximada,exposicao1,premio1,freq_sin1_roubo_furto,indeniz1_roubo_furto,freq_sin2_colisao_parcial,indeniz2_colisao_parcial,freq_sin3_colisao_perda_total,indeniz3_colisao_perda_total,freq_sin4_incendio,indeniz4_incendio,freq_sin9_outras,indeniz9_outras
2016S1,,,,3663.1286496422254,4192179.4221295724,12.0,262444.0,206.0,847038.0,35.0,1611887.0,1.0,23807.0,1449.0,268508.0
2016S1,.,,,0.747945189476013,3050.85498046875,0.0,0.0,0.0,0.0,0.0,0.0,0.0,0.0,0.0,0.0
2016S1,0,,,948.8164542261512,689464.2929899098,0.0,0.0,0.0,0.0,0.0,0.0,0.0,0.0,371.0,3392509.0
2016S1,00,,,7017.572413767222,9225679.640355935,379.0,20744234.0,1960.0,18749454.0,378.0,21376964.0,22.0,1943615.0,1282.0,4884865.0
2016S1,01,RS - Met. Porto Alegre e Caxias do Sul,RS,298335.4242862272,390104154.2231812,4440.0,129148502.0,19750.0,97082212.0,2408.0,79762038.0,58.0,1556936.0,38378.0,43117100.0
2016S1,02,RS - Demais regiões,RS,290860.4116520132,334625961.951359,1094.0,38051583.0,18926.0,93843653.0,2455.0,86198989.0,72.0,2348837.0,25881.0,34227525.0
2016S1,03,SC - Met. Florianópolis e Sul,SC,138826.69919065526,166028307.03495434,595.0,17310795.0,9899.0,45814729.0,963.0,36439206.0,19.0,506476.0,21703.0,18893428.0
2016S1,04,SC - Oeste,SC,77726.96730910568,99955259.16584408,265.0,13074053.0,5841.0,34466623.0,734.0,33122882.0,24.0,1284985.0,7753.0,10576830.0
2016S1,05,SC - Blumenau e demais regiões,SC,186637.77431812417,223774455.27234408,1509.0,44150824.0,12805.0,64920820.0,1554.0,59410845.0,56.0,1644276.0,23511.0,30375520.0
2016S1,06,PR - F.Iguaþu-Medianeira-Cascavel-Toledo,PR,64569.186863236595,84296390.1439902,672.0,22331944.0,5069.0,29161355.0,701.0,26526231.0,29.0,1567032.0,7071.0,7356920.0
2016S1,07,PR - Met. Curitiba,PR,287323.57596218446,382941454.7231663,3189.0,95168731.0,19592.0,109604318.0,2245.0,86466705.0,64.0,2479083.0,37123.0,39715012.0
2016S1,08,PR - Demais regiões,PR,201434.48091740254,253184939.66258338,1691.0,50860066.0,14432.0,76674062.0,1657.0,64720919.0,55.0,3319801.0,25160.0,27759288.0
2016S1,09,SP - Vale do Paraíba e Ribeira,SP,208168.575606063,264103231.04328147,2519.0,67534750.0,10022.0,46109362.0,1535.0,42552766.0,51.0,1097027.0,70926.0,33867827.0
2016S1,10,SP - Litoral Norte e Baixada Santista,SP,59961.57566479221,80407147.22626266,789.0,19494614.0,3306.0,16450061.0,431.0,11792090.0,27.0,600511.0,24063.0,11912525.0
2016S1,11,SP - Met. de São Paulo,SP,1492933.5755275856,2254828391.2722,23629.0,660599167.0,56892.0,297384494.0,7939.0,247555155.0,355.0,7658561.0,648777.0,241582953.0
2016S1,12,SP - Grande Campinas,SP,262051.656466024,343004841.18674153,2724.0,75559204.0,15101.0,67433451.0,2145.0,61360295.0,54.0,1338043.0,54882.0,51255811.0
2016S1,13,SP - Ribeirão Preto e Demais Mun. de Campinas,SP,933497.428254311,1106062785.3888369,5778.0,183398287.0,61983.0,269062580.0,6158.0,212748565.0,298.0,10428198.0,142479.0,117184742.0
2016S1,14,MG - Triângulo mineiro,MG,154821.19479619758,205029023.2037198,1108.0,36833575.0,13104.0,56206215.0,1175.0,41484020.0,42.0,1230601.0,22313.0,20596818.0
2016S1,15,MG - Sul,MG,111822.8425995605,135348731.1449695,522.0,17734317.0,6088.0,28631689.0,818.0,27046245.0,36.0,1434695.0,13816.0,22447774.0
2016S1,16,MG - Met.BH-Centro Oeste-Zona Mata-C. Vertentes,MG,467397.99846145837,623628508.7357428,5123.0,132562043.0,48494.0,156273711.0,3511.0,122042693.0,122.0,4070956.0,70989.0,75895635.0
2016S1,17,MG - Vale do Aço-Norte-Vale Jequitinhonha,MG,45623.38191480376,61272386.25211846,144.0,4321928.0,3616.0,17958482.0,427.0,16719122.0,12.0,300649.0,5406.0,6103146.0
2016S1,18,RJ - Met. do Rio de Janeiro,RJ,520920.7843280169,821604921.6887126,9523.0,306711128.0,26088.0,142710331.0,4593.0,152909954.0,163.0,4463741.0,178562.0,134150550.0
2016S1,19,RJ - Interior,RJ,153321.28735050932,216503454.80752835,1011.0,36133158.0,7895.0,38996717.0,1487.0,52033852.0,55.0,1748593.0,27293.0,32982362.0
2016S1,20,ES - Espírito Santo,ES,139535.23033175897,199138972.72257376,639.0,24101348.0,8961.0,51110940.0,1079.0,41381137.0,40.0,1237368.0,20127.0,17599608.0
2016S1,21,BA - Bahia,BA,272963.22117972886,404991872.64673895,3115.0,101693462.0,18426.0,98007929.0,2804.0,108444439.0,126.0,6356278.0,62583.0,49786772.0
2016S1,22,SE - Sergipe,SE,44454.5792695852,62151134.17842682,357.0,11419637.0,4652.0,16311516.0,344.0,15632647.0,15.0,465249.0,5686.0,4256824.0
2016S1,23,PE - Pernambuco,PE,174695.10613453807,226220344.69185054,2247.0,63649588.0,13423.0,64640944.0,1766.0,66553650.0,74.0,1748883.0,43357.0,47116395.0
2016S1,24,PB - Paraíba,PB,56160.64198414236,71704397.66025037,286.0,7864880.0,5598.0,25748270.0,498.0,19224601.0,8.0,428671.0,12498.0,7527970.0
2016S1,25,RN - Rio Grande do Norte,RN,62852.858071890194,85100384.6237899,726.0,22453823.0,4712.0,21002191.0,448.0,18606854.0,17.0,696106.0,13841.0,10062340.0
2016S1,26,AL - Alagoas,AL,44002.25054784212,62546490.45304444,329.0,10483305.0,3742.0,17780630.0,443.0,17066436.0,18.0,575838.0,6785.0,5116653.0
2016S1,27,CE - Ceará,CE,123820.01768571418,179047039.2657545,1160.0,34584214.0,10774.0,54038877.0,1149.0,50634519.0,26.0,997350.0,21170.0,19430215.0
2016S1,28,PI - Piaui,PI,31785.95234281756,54576920.23672943,161.0,5426896.0,3593.0,20018378.0,367.0,16496803.0,6.0,216449.0,4666.0,5565487.0
2016S1,29,MA - Maranhão,MA,41951.20687608048,75007881.4593182,267.0,8923762.0,4429.0,24119149.0,465.0,24354704.0,16.0,438797.0,4875.0,5632377.0
2016S1,30,PA - Pará,PA,67401.95121168206,117625992.90164012,574.0,15238100.0,5303.0,27354210.0,583.0,27563800.0,21.0,832388.0,11225.0,16952806.0
2016S1,31,AM - Amazonas,AM,27127.52240781672,42989730.66057885,120.0,2673181.0,2626.0,12980507.0,189.0,7845056.0,12.0,286861.0,2593.0,2120783.0
2016S1,32,AP - Amapá,AP,3127.4629003158766,5636755.017631354,18.0,563377.0,249.0,1286081.0,41.0,1902663.0,0.0,0.0,218.0,192066.0
2016S1,33,RO - Rondônia,RO,579.6410806654021,721980.5710281135,1.0,7215.0,31.0,162191.0,7.0,325186.0,0.0,0.0,143.0,17440.0
2016S1,34,RR - Roraima,RR,3645.6492045954797,6418871.536674404,13.0,92123.0,306.0,1726026.0,35.0,1610192.0,2.0,91223.0,341.0,698002.0
2016S1,35,AC - Acre,AC,6473.879247943871,11926468.395037236,39.0,874515.0,543.0,2597149.0,38.0,2136960.0,1.0,64967.0,491.0,1587636.0
2016S1,36,MT - Mato Grosso,MT,91885.68749185512,169928869.18512076,821.0,32053045.0,11067.0,55294372.0,936.0,43336564.0,40.0,1973494.0,11586.0,11983147.0
2016S1,37,MS - Mato Grosso do Sul,MS,81011.32865430322,121553872.26338324,227.0,7579227.0,9055.0,43291094.0,736.0,30355691.0,20.0,977436.0,11785.0,9591152.0
2016S1,38,DF - Brasília,DF,179382.8179241391,250481682.86679694,1572.0,38057483.0,17897.0,85390091.0,1346.0,46053524.0,30.0,677031.0,30539.0,22230015.0
2016S1,39,GO - Goiás,GO,205621.6890644231,330107981.53339803,2385.0,96514822.0,20761.0,112384232.0,2171.0,84975672.0,68.0,2906408.0,37604.0,32877339.0
2016S1,40,TO - Tocantins,TO,23001.456816160586,41586872.264714785,95.0,3460173.0,2371.0,14072767.0,302.0,15169266.0,6.0,101330.0,2253.0,3825067.0
2016S1,41,GO - Sudeste de Goiás,GO,27178.442963513546,41248530.063408315,189.0,8619956.0,2826.0,12843207.0,260.0,11973742.0,11.0,431780.0,4069.0,3627559.0
2016S1,45,,,1.621917814016342,1749.250686645508,0.0,0.0,0.0,0.0,0.0,0.0,0.0,0.0,0.0,0.0
2016S1,47,,,65.70958613045512,71011.23408126833,0.0,0.0,0.0,0.0,0.0,0.0,0.0,0.0,0.0,0.0
2016S1,48,,,96.09040675032882,97533.06863737108,0.0,0.0,0.0,0.0,0.0,0.0,0.0,0.0,0.0,0.0
2016S1,50,,,1.4849314093589778,1359.95639038086,0.0,0.0,0.0,0.0,0.0,0.0,0.0,0.0,0.0,0.0
2016S1,51,,,26.03561528585851,25131.338619709022,0.0,0.0,0.0,0.0,0.0,0.0,0.0,0.0,0.0,0.0
2016S1,52,,,8.380821498110889,8711.727462768558,0.0,0.0,0.0,0.0,0.0,0.0,0.0,0.0,0.0,0.0
2016S1,53,,,8.295890113338826,7614.501426696778,0.0,0.0,0.0,0.0,0.0,0.0,0.0,0.0,0.0,0.0
2016S1,54,,,8.216438080184158,7858.956019401553,0.0,0.0,0.0,0.0,0.0,0.0,0.0,0.0,0.0,0.0
2016S1,55,,,25.928766250610344,28795.51516914369,0.0,0.0,0.0,0.0,0.0,0.0,0.0,0.0,0.0,0.0
2016S1,61,,,6.2191777750849715,8000.027404785161,0.0,0.0,0.0,0.0,0.0,0.0,0.0,0.0,0.0,0.0
2016S1,62,,,0.846575304865836,1246.778717041016,0.0,0.0,0.0,0.0,0.0,0.0,0.0,0.0,0.0,0.0
2016S1,64,,,0.912328720092773,859.245330810547,0.0,0.0,0.0,0.0,0.0,0.0,0.0,0.0,0.0,0.0
2016S1,65,,,123.67944780876857,133857.02023911482,0.0,0.0,0.0,0.0,0.0,0.0,0.0,0.0,0.0,0.0
2016S1,66,,,18.435615509748455,26499.496342658993,0.0,0.0,0.0,0.0,0.0,0.0,0.0,0.0,0.0,0.0
2016S1,67,,,18.92054731957614,18125.129684448246,0.0,0.0,0.0,0.0,0.0,0.0,0.0,0.0,0.0,0.0
2016S1,68,,,1.158904016017913,803.918815612794,0.0,0.0,0.0,0.0,0.0,0.0,0.0,0.0,0.0,0.0
2016S2,,,,4209.709473665338,5169545.341471002,30.0,636281.0,244.0,1115590.0,36.0,1135409.0,1.0,47009.0,1546.0,325500.0
2016S2,*,,,25.536986257415265,10522.236661434174,0.0,0.0,0.0,0.0,0.0,0.0,0.0,0.0,0.0,0.0
2016S2,.,,,2.01643840968609,1820.56997680664,0.0,0.0,0.0,0.0,0.0,0.0,0.0,0.0,0.0,0.0
2016S2,00,,,19146.046203454956,29870044.582645953,299.0,17411772.0,1624.0,15398325.0,255.0,15180521.0,17.0,942584.0,948.0,538433.0
2016S2,01,RS - Met. Porto Alegre e Caxias do Sul,RS,320420.566876458,406325935.58415765,4102.0,127013014.0,22943.0,120253471.0,2768.0,90537744.0,56.0,2356910.0,38454.0,26249924.0
2016S2,02,RS - Demais regiões,RS,308397.1122633149,353838509.6709014,923.0,35138047.0,21185.0,106191834.0,2639.0,91800299.0,72.0,2820946.0,24813.0,20925101.0
2016S2,03,SC - Met. Florianópolis e Sul,SC,146684.80152117228,176274537.5372257,447.0,17733492.0,11001.0,54846984.0,1069.0,39958031.0,29.0,764453.0,21273.0,14404309.0
2016S2,04,SC - Oeste,SC,87333.90731812548,110977368.02987964,169.0,11090607.0,5937.0,40968626.0,829.0,38023358.0,13.0,941580.0,7818.0,9722574.0
2016S2,05,SC - Blumenau e demais regiões,SC,212089.31228593178,251659287.95382684,1235.0,49598073.0,13277.0,72520373.0,1983.0,69751102.0,52.0,1586155.0,22855.0,18129595.0
2016S2,06,PR - F.Iguaþu-Medianeira-Cascavel-Toledo,PR,73254.04190523922,97711858.04462789,398.0,19043970.0,5358.0,30756586.0,874.0,29619839.0,23.0,903168.0,7072.0,4365104.0
2016S2,07,PR - Met. Curitiba,PR,314477.4738458912,413968894.2892532,2692.0,95505289.0,20628.0,115988164.0,2851.0,99846008.0,66.0,3027246.0,35349.0,23157200.0
2016S2,08,PR - Demais regiões,PR,220728.77502248203,275985394.35787165,1473.0,60065559.0,15127.0,82079017.0,2126.0,74381619.0,59.0,1638539.0,23361.0,14361501.0
2016S2,09,SP - Vale do Paraíba e Ribeira,SP,228162.6651380225,276648991.86003333,2474.0,66796817.0,10802.0,53788944.0,1592.0,45129662.0,59.0,1195637.0,68911.0,19331947.0
2016S2,1,,,0.0,0.0,1.0,26098.0,6.0,22721.0,0.0,0.0,0.0,0.0,0.0,0.0
2016S2,10,SP - Litoral Norte e Baixada Santista,SP,63746.6584828021,82034519.15340437,770.0,18774255.0,3390.0,16300417.0,422.0,12328458.0,20.0,388971.0,22658.0,6740222.0
2016S2,11,SP - Met. de São Paulo,SP,1636770.645188827,2259723499.266438,23904.0,658072830.0,60602.0,347756888.0,7829.0,249518859.0,306.0,7200399.0,625627.0,148419664.0
2016S2,12,SP - Grande Campinas,SP,316627.31862881733,422183674.0115911,2651.0,74260625.0,35502.0,86680901.0,2094.0,59643515.0,57.0,1333369.0,53226.0,23118788.0
2016S2,13,SP - Ribeirão Preto e Demais Mun. de Campinas,SP,966334.7598963766,1128120872.0774481,5242.0,173720267.0,65682.0,299267377.0,6604.0,227613865.0,338.0,15093287.0,135771.0,57619759.0
2016S2,14,MG - Triângulo mineiro,MG,157978.96851768112,205486728.57078934,1279.0,43936681.0,14884.0,70066197.0,1341.0,49376779.0,75.0,2509916.0,21467.0,12738438.0
2016S2,15,MG - Sul,MG,117402.85162863508,141793790.94613972,533.0,20281690.0,7589.0,37350485.0,996.0,35136958.0,39.0,1156540.0,12855.0,9093403.0
2016S2,16,MG - Met.BH-Centro Oeste-Zona Mata-C. Vertentes,MG,463243.32424096623,596699367.074683,4579.0,135269896.0,32879.0,169955934.0,3864.0,133774017.0,120.0,3656421.0,69713.0,39700054.0
2016S2,17,MG - Vale do Aço-Norte-Vale Jequitinhonha,MG,46331.445286142174,60732638.63146834,152.0,5241733.0,3772.0,19546006.0,507.0,18621253.0,24.0,631628.0,5435.0,3800686.0
2016S2,18,RJ - Met. do Rio de Janeiro,RJ,595828.9820553116,835591815.3571614,9960.0,324498417.0,26669.0,142235080.0,4385.0,152764735.0,193.0,5328198.0,155837.0,75479780.0
2016S2,19,RJ - Interior,RJ,158204.82304343442,214897480.12848917,1153.0,43070695.0,8725.0,48885129.0,1559.0,57067211.0,46.0,1187035.0,25249.0,20578271.0
2016S2,20,ES - Espírito Santo,ES,141828.2344216169,194440723.97658783,738.0,27644642.0,9424.0,54555818.0,1317.0,56041101.0,59.0,2100264.0,20493.0,14011185.0
2016S2,21,BA - Bahia,BA,285108.8776270421,407668043.13467777,3116.0,104729371.0,19112.0,102023587.0,2793.0,114558482.0,76.0,2703345.0,61147.0,30176935.0
2016S2,22,SE - Sergipe,SE,44986.837128508836,61198932.08160457,376.0,14297338.0,4902.0,17820207.0,336.0,16340044.0,20.0,1067751.0,5732.0,2191555.0
2016S2,23,PE - Pernambuco,PE,211183.13954532193,274892447.179175,2513.0,77511112.0,14468.0,69656630.0,1740.0,64294170.0,75.0,2027964.0,41628.0,17624050.0
2016S2,24,PB - Paraíba,PB,62074.335337395314,78318314.43402983,316.0,10964766.0,5999.0,30119057.0,544.0,20688302.0,13.0,782075.0,12445.0,4392757.0
2016S2,25,RN - Rio Grande do Norte,RN,67112.75433389051,90039569.71779549,753.0,24268612.0,5479.0,26771515.0,532.0,21419505.0,34.0,1669422.0,13876.0,4117601.0
2016S2,26,AL - Alagoas,AL,45698.116601426154,64728114.786336385,361.0,12693345.0,4152.0,18074939.0,488.0,19390017.0,7.0,477520.0,6779.0,2847222.0
2016S2,27,CE - Ceará,CE,125161.4844588167,179235734.27446705,1110.0,39480829.0,11712.0,62196101.0,1246.0,54703124.0,50.0,1703814.0,20034.0,7859632.0
2016S2,28,PI - Piaui,PI,31360.03752363939,53260512.550787546,148.0,5947149.0,4007.0,23946943.0,395.0,18902633.0,17.0,649622.0,4376.0,2109064.0
2016S2,29,MA - Maranhão,MA,41919.54687230615,71715801.79713653,208.0,8687712.0,5059.0,26037636.0,512.0,26123567.0,14.0,337257.0,4838.0,2705156.0
2016S2,30,PA - Pará,PA,67726.50782654854,116261273.3247981,562.0,18533163.0,6043.0,34188537.0,607.0,30464134.0,19.0,700763.0,10266.0,5387333.0
2016S2,31,AM - Amazonas,AM,26580.152720953807,41444383.86022407,127.0,3458495.0,2717.0,13918297.0,219.0,8874618.0,6.0,218787.0,2689.0,1342966.0
2016S2,32,AP - Amapá,AP,2825.3259468623437,5123186.1558650825,5.0,104641.0,244.0,1282342.0,33.0,1504612.0,0.0,0.0,213.0,117049.0
2016S2,33,RO - Rondônia,RO,586.0082024550067,659087.128426403,1.0,1747.0,44.0,178344.0,1.0,52792.0,2.0,77611.0,116.0,160763.0
2016S2,34,RR - Roraima,RR,3575.8546988740563,6241190.387827577,10.0,214523.0,378.0,2049409.0,34.0,1508780.0,1.0,33147.0,323.0,238714.0
2016S2,35,AC - Acre,AC,6220.914908457548,11598950.042574631,30.0,856327.0,652.0,4006117.0,46.0,2368763.0,3.0,79796.0,376.0,196679.0
2016S2,36,MT - Mato Grosso,MT,99409.5701089846,176461415.50352657,636.0,31557339.0,12367.0,56648584.0,1046.0,50655617.0,44.0,1740650.0,12001.0,8092983.0
2016S2,37,MS - Mato Grosso do Sul,MS,85016.68268363457,128044827.90692998,164.0,8570631.0,9621.0,46648650.0,817.0,34209137.0,28.0,2001439.0,11030.0,5140023.0
2016S2,38,DF - Brasília,DF,195825.47403531335,257560597.5888161,1307.0,34038590.0,18796.0,90877540.0,1510.0,54911014.0,35.0,1016325.0,31674.0,12465901.0
2016S2,39,GO - Goiás,GO,223919.79978113342,346597056.5556529,2014.0,92859860.0,21992.0,120531569.0,2211.0,90687473.0,82.0,3056697.0,35811.0,18274962.0
2016S2,40,TO - Tocantins,TO,22479.26248938497,40822938.43862963,98.0,5295321.0,2662.0,15588660.0,320.0,16328375.0,10.0,223591.0,2053.0,1393546.0
2016S2,41,GO - Sudeste de Goiás,GO,28648.456793067046,42758430.34784871,211.0,10654440.0,3040.0,13405666.0,239.0,10120588.0,19.0,1936676.0,3954.0,2527655.0
2016S2,42,,,37.95342351682484,41491.39722061158,0.0,0.0,0.0,0.0,0.0,0.0,0.0,0.0,0.0,0.0
2016S2,43,,,294.1479354333133,310066.87087559706,0.0,0.0,0.0,0.0,0.0,0.0,0.0,0.0,0.0,0.0
2016S2,44,,,223.60273303370926,196853.84682059294,0.0,0.0,0.0,0.0,0.0,0.0,0.0,0.0,0.0,0.0
2016S2,45,,,2.682191725820303,3281.1169891357467,0.0,0.0,0.0,0.0,0.0,0.0,0.0,0.0,0.0,0.0
2016S2,46,,,35.64657418895514,45718.21910381319,0.0,0.0,0.0,0.0,0.0,0.0,0.0,0.0,0.0,0.0
2016S2,47,,,30.942465267144147,34112.8493230343,0.0,0.0,0.0,0.0,0.0,0.0,0.0,0.0,0.0,0.0
2016S2,48,,,81.25205241236837,91498.62601637843,0.0,0.0,0.0,0.0,0.0,0.0,0.0,0.0,0.0,0.0
2016S2,49,,,4.663013517856598,5081.3571949005145,0.0,0.0,0.0,0.0,0.0,0.0,0.0,0.0,0.0,0.0
2016S2,50,,,95.19725751038642,107253.78541183473,0.0,0.0,0.0,0.0,0.0,0.0,0.0,0.0,0.0,0.0
2016S2,51,,,29.31506793620065,27029.148135662086,1.0,20176.0,0.0,0.0,0.0,0.0,0.0,0.0,0.0,0.0
2016S2,52,,,48.47945041675121,65345.53356552127,0.0,0.0,0.0,0.0,0.0,0.0,0.0,0.0,0.0,0.0
2016S2,53,,,5.243835473433136,6286.2446174621555,0.0,0.0,0.0,0.0,0.0,0.0,0.0,0.0,0.0,0.0
2016S2,54,,,40.78630042960868,46584.50142359735,0.0,0.0,0.0,0.0,0.0,0.0,0.0,0.0,0.0,0.0
2016S2,55,,,90.76438095374033,118988.54007697107,0.0,0.0,0.0,0.0,0.0,0.0,0.0,0.0,0.0,0.0
2016S2,56,,,47.6958887949586,47892.56529903411,0.0,0.0,0.0,0.0,0.0,0.0,0.0,0.0,0.0,0.0
2016S2,57,,,54.76164217106999,73631.03262138368,0.0,0.0,0.0,0.0,0.0,0.0,0.0,0.0,0.0,0.0
2016S2,58,,,72.32054573204368,82552.74340057375,0.0,0.0,0.0,0.0,0.0,0.0,0.0,0.0,0.0,0.0
2016S2,59,,,41.1808206178248,53720.52345657353,0.0,0.0,0.0,0.0,0.0,0.0,0.0,0.0,0.0,0.0
2016S2,60,,,33.75890323240311,36658.57563114168,0.0,0.0,0.0,0.0,0.0,0.0,0.0,0.0,0.0,0.0
2016S2,61,,,6.767123123630883,5372.538339614869,0.0,0.0,0.0,0.0,0.0,0.0,0.0,0.0,0.0,0.0
2016S2,62,,,1.5671232417225844,2119.4559478759793,0.0,0.0,0.0,0.0,0.0,0.0,0.0,0.0,0.0,0.0
2016S2,63,,,6.983561328146609,7065.22111558914,0.0,0.0,0.0,0.0,0.0,0.0,0.0,0.0,0.0,0.0
2016S2,64,,,5.92054779827595,9384.622894287113,0.0,0.0,0.0,0.0,0.0,0.0,0.0,0.0,0.0,0.0
2016S2,65,,,37.9534244867973,39250.91140532494,0.0,0.0,0.0,0.0,0.0,0.0,0.0,0.0,0.0,0.0
2016S2,66,,,14.391780575737359,23860.210336685195,0.0,0.0,0.0,0.0,0.0,0.0,0.0,0.0,0.0,0.0
2016S2,67,,,5.635616414248944,5757.550390243531,0.0,0.0,0.0,0.0,0.0,0.0,0.0,0.0,0.0,0.0
2016S2,68,,,3.035616345703601,3106.7220954895033,0.0,0.0,0.0,0.0,0.0,0.0,0.0,0.0,0.0,0.0
2016S2,71,,,1.008219122886658,301.13661193847713,0.0,0.0,0.0,0.0,0.0,0.0,0.0,0.0,0.0,0.0
2016S2,74,,,0.504109561443329,89.4863357543945,0.0,0.0,0.0,0.0,0.0,0.0,0.0,0.0,0.0,0.0
2016S2,75,,,0.0054794522002339,3.0382513999939,0.0,0.0,0.0,0.0,0.0,0.0,0.0,0.0,0.0,0.0
2016S2,9,,,0.0,0.0,1.0,67730.0,0.0,0.0,0.0,0.0,0.0,0.0,0.0,0.0
2017S1,,,,5530.005462409464,6930205.978851677,28.0,568684.0,286.0,1370679.0,40.0,1232780.0,0.0,0.0,1788.0,344454.0
2017S1,.,,,0.986301362514496,247.046890258789,0.0,0.0,0.0,0.0,0.0,0.0,0.0,0.0,0.0,0.0
2017S1,0,,,5351.136977298651,9821829.17466176,14.0,799416.0,191.0,1949342.0,39.0,1979455.0,3.0,241105.0,0.0,0.0
2017S1,00,,,22590.383501702458,36676278.627221175,147.0,6625905.0,1175.0,8234979.0,242.0,8781235.0,11.0,349500.0,1954.0,1654880.0
2017S1,01,RS - Met. Porto Alegre e Caxias do Sul,RS,301993.63464981643,413317990.0997877,3943.0,122673577.0,18505.0,91092324.0,2783.0,86721664.0,71.0,2066952.0,52173.0,34415428.0
2017S1,02,RS - Demais regiões,RS,304300.2264267956,359982783.20058393,969.0,39568964.0,20053.0,102278835.0,2816.0,98659559.0,82.0,2328902.0,30982.0,24610820.0
2017S1,03,SC - Met. Florianópolis e Sul,SC,142977.96941664442,178811780.16539773,412.0,15702582.0,9679.0,46883598.0,1024.0,40305331.0,28.0,702554.0,25800.0,14479460.0
2017S1,04,SC - Oeste,SC,87159.5339781493,112059834.2303581,176.0,12852774.0,5568.0,33009011.0,817.0,34337001.0,31.0,1467661.0,9182.0,7062018.0
2017S1,05,SC - Blumenau e demais regiões,SC,208191.91442132182,256284189.40963233,993.0,42348677.0,12379.0,66846834.0,2051.0,69709196.0,39.0,1316931.0,29015.0,21181099.0
2017S1,06,PR - F.Iguaþu-Medianeira-Cascavel-Toledo,PR,70309.47922366578,97408524.9593106,357.0,19806182.0,5106.0,30899885.0,979.0,31230314.0,21.0,785332.0,7318.0,4354703.0
2017S1,07,PR - Met. Curitiba,PR,302047.18539916025,418920963.7815022,2282.0,88966588.0,18432.0,99627000.0,2962.0,101710664.0,59.0,2972186.0,43621.0,24520573.0
2017S1,08,PR - Demais regiões,PR,212676.59659398207,276768916.0120798,1353.0,62622776.0,13523.0,73095046.0,2215.0,75427721.0,54.0,1955476.0,26295.0,16511377.0
2017S1,09,SP - Vale do Paraíba e Ribeira,SP,209267.81579310074,271822590.3925986,2564.0,72068687.0,9952.0,47913761.0,1600.0,47437751.0,56.0,1482337.0,76324.0,24863993.0
2017S1,10,SP - Litoral Norte e Baixada Santista,SP,58144.27104696864,79573475.36699034,787.0,20945666.0,3187.0,15651718.0,414.0,13026551.0,22.0,451541.0,28633.0,9709972.0
2017S1,11,SP - Met. de São Paulo,SP,1448834.519176072,2201182440.0378466,22248.0,646405812.0,54465.0,304350838.0,7587.0,244334973.0,313.0,7826440.0,716684.0,194049202.0
2017S1,12,SP - Grande Campinas,SP,300653.3797818208,415889526.7754364,3016.0,92706871.0,42869.0,102886069.0,2666.0,83120302.0,71.0,1595913.0,62753.0,28445033.0
2017S1,13,SP - Ribeirão Preto e Demais Mun. de Campinas,SP,920674.5012010364,1097529029.6319666,5186.0,179432123.0,60912.0,271569305.0,6779.0,232948628.0,290.0,10365837.0,145576.0,66994275.0
2017S1,14,MG - Triângulo mineiro,MG,151736.61869773967,204570704.5387296,1079.0,41734739.0,13506.0,61710270.0,1366.0,50980393.0,59.0,1878235.0,21164.0,11915156.0
2017S1,15,MG - Sul,MG,117269.8708631685,145435202.57143176,464.0,16652002.0,6672.0,32138703.0,994.0,34273907.0,30.0,1006714.0,14774.0,11519333.0
2017S1,16,MG - Met.BH-Centro Oeste-Zona Mata-C. Vertentes,MG,435955.2068170537,585618972.9071143,3872.0,118869426.0,28736.0,142536902.0,3838.0,141478613.0,128.0,4411514.0,73595.0,38316740.0
2017S1,17,MG - Vale do Aço-Norte-Vale Jequitinhonha,MG,44317.52041777084,59334763.15890823,149.0,6564139.0,3351.0,16459446.0,477.0,18440371.0,15.0,613702.0,5537.0,3681277.0
2017S1,18,RJ - Met. do Rio de Janeiro,RJ,497661.1656030095,827238819.7737799,11261.0,380848991.0,21893.0,122384020.0,4173.0,148728013.0,183.0,4654377.0,182242.0,92438486.0
2017S1,19,RJ - Interior,RJ,150133.32009679964,211336442.14388892,1165.0,41748170.0,7912.0,40471468.0,1552.0,55959756.0,51.0,1627948.0,29857.0,20408747.0
2017S1,20,ES - Espírito Santo,ES,136003.91463845596,191133545.88589668,1328.0,47709504.0,8871.0,49831879.0,1166.0,45320450.0,45.0,1575379.0,24737.0,14520212.0
2017S1,21,BA - Bahia,BA,267843.28959704796,401489376.58977884,2983.0,103890614.0,17525.0,88335474.0,2801.0,114111635.0,107.0,3957247.0,69242.0,33444625.0
2017S1,22,SE - Sergipe,SE,43548.169726995286,59987922.84642983,318.0,11773285.0,4870.0,18742059.0,406.0,21015650.0,22.0,1003713.0,6132.0,3547482.0
2017S1,23,PE - Pernambuco,PE,201795.70347495237,274211435.20211166,2870.0,92247719.0,13608.0,63445146.0,1812.0,69938247.0,89.0,2468665.0,42805.0,22411861.0
2017S1,24,PB - Paraíba,PB,59624.04913144699,77272060.37392387,281.0,7796130.0,5479.0,26020200.0,495.0,21651323.0,13.0,316318.0,11660.0,5543510.0
2017S1,25,RN - Rio Grande do Norte,RN,64966.41349298321,90062632.24494429,876.0,30008884.0,5086.0,23537586.0,525.0,22065091.0,16.0,559500.0,13581.0,5615336.0
2017S1,26,AL - Alagoas,AL,43546.46013822034,63724140.44333649,287.0,9623510.0,3806.0,15780800.0,498.0,20792748.0,17.0,750368.0,6830.0,3135726.0
2017S1,27,CE - Ceará,CE,120031.48455181159,177940498.81811398,1146.0,39833420.0,10182.0,54076540.0,1159.0,52591406.0,22.0,936795.0,20262.0,11163593.0
2017S1,28,PI - Piaui,PI,30210.482097743545,52962040.60874136,100.0,3358696.0,3637.0,20583223.0,408.0,20148613.0,13.0,325483.0,4479.0,4530293.0
2017S1,29,MA - Maranhão,MA,39219.67659227736,68395378.23510699,202.0,8173666.0,4512.0,22233562.0,480.0,26316242.0,15.0,1049482.0,4685.0,3281810.0
2017S1,30,PA - Pará,PA,62533.76967282221,109270425.38583831,518.0,19563660.0,5402.0,29011374.0,601.0,31403392.0,14.0,681986.0,9713.0,5936898.0
2017S1,31,AM - Amazonas,AM,24879.70951800887,39424109.067639135,132.0,3509750.0,2463.0,13124238.0,197.0,8763370.0,4.0,180340.0,2594.0,1111578.0
2017S1,32,AP - Amapá,AP,2526.2273891083905,4737839.015550242,3.0,85835.0,213.0,1244173.0,24.0,931159.0,0.0,0.0,210.0,106148.0
2017S1,33,RO - Rondônia,RO,661.0136976712387,655217.8763592244,0.0,0.0,34.0,105094.0,2.0,246977.0,0.0,0.0,118.0,67745.0
2017S1,34,RR - Roraima,RR,3351.3397177876914,5873286.904227706,3.0,134156.0,344.0,1996646.0,27.0,1001684.0,2.0,39113.0,261.0,244228.0
2017S1,35,AC - Acre,AC,5710.7150514205005,10883994.751263889,39.0,1334595.0,518.0,2378412.0,36.0,1866229.0,0.0,0.0,383.0,298949.0
2017S1,36,MT - Mato Grosso,MT,92132.16411809949,169207946.41374165,527.0,24912028.0,11878.0,54066954.0,1024.0,49569050.0,41.0,2002936.0,10885.0,7381371.0
2017S1,37,MS - Mato Grosso do Sul,MS,80198.180582901,122635144.6432932,172.0,9191610.0,8691.0,44053124.0,745.0,32855419.0,21.0,1363569.0,10656.0,5277474.0
2017S1,38,DF - Brasília,DF,178174.23780235136,247091892.55463764,1141.0,31271807.0,16736.0,81135279.0,1311.0,48902459.0,28.0,799932.0,31775.0,13599909.0
2017S1,39,GO - Goiás,GO,201875.75282244803,328204242.039218,1740.0,77648142.0,19528.0,104261971.0,2089.0,90252811.0,73.0,2931441.0,34442.0,19944873.0
2017S1,40,TO - Tocantins,TO,20841.794456583917,37723860.61273149,68.0,3666663.0,2490.0,14683432.0,299.0,15795555.0,13.0,601780.0,2189.0,1703581.0
2017S1,41,GO - Sudeste de Goiás,GO,26675.602656178646,40452001.6876525,178.0,9146376.0,2724.0,12144468.0,293.0,12134034.0,14.0,238947.0,4048.0,2751212.0
2017S1,43,,,0.6438356190919879,466.33879089355503,0.0,0.0,0.0,0.0,0.0,0.0,0.0,0.0,0.0,0.0
2017S1,44,,,0.495890408754349,545.47265625,0.0,0.0,0.0,0.0,0.0,0.0,0.0,0.0,0.0,0.0
2017S1,47,,,0.493150696158409,568.5901641845701,0.0,0.0,0.0,0.0,0.0,0.0,0.0,0.0,0.0,0.0
2017S1,48,,,0.709589028730989,612.5163755416872,0.0,0.0,0.0,0.0,0.0,0.0,0.0,0.0,0.0,0.0
2017S1,49,,,0.0986301377415657,143.40983581543,0.0,0.0,0.0,0.0,0.0,0.0,0.0,0.0,0.0,0.0
2017S1,51,,,16.241095816716555,13943.657181739807,0.0,0.0,0.0,0.0,0.0,0.0,0.0,0.0,0.0,0.0
2017S1,54,,,0.3479452058672901,390.18306350707985,0.0,0.0,0.0,0.0,0.0,0.0,0.0,0.0,0.0,0.0
2017S1,61,,,2.5205479217693205,2231.7396068573007,0.0,0.0,0.0,0.0,0.0,0.0,0.0,0.0,0.0,0.0
2017S1,62,,,1.057534225285054,1708.1775817871076,0.0,0.0,0.0,0.0,0.0,0.0,0.0,0.0,0.0,0.0
2017S1,65,,,0.120547942817211,123.464477539063,0.0,0.0,0.0,0.0,0.0,0.0,0.0,0.0,0.0,0.0
2017S1,71,,,0.39178082160651684,348.99221420288086,0.0,0.0,0.0,0.0,0.0,0.0,0.0,0.0,0.0,0.0
2017S1,75,,,1.076712317764759,724.855201721191,0.0,0.0,0.0,0.0,0.0,0.0,0.0,0.0,0.0,0.0
2017S1,81,,,0.709589056670666,1330.4699325561492,0.0,0.0,0.0,0.0,0.0,0.0,0.0,0.0,0.0,0.0
2017S1,84,,,0.0986301377415657,102.786888122559,0.0,0.0,0.0,0.0,0.0,0.0,0.0,0.0,0.0,0.0
2017S1,85,,,0.0849315077066422,154.830596923828,0.0,0.0,0.0,0.0,0.0,0.0,0.0,0.0,0.0,0.0
2017S2,,,,7617.668275989593,9967233.43771273,37.0,851666.0,385.0,1905704.0,64.0,2307580.0,2.0,33721.0,2000.0,464232.0
2017S2,.,,,2.01643824577332,14574.7099609375,0.0,0.0,0.0,0.0,0.0,0.0,0.0,0.0,0.0,0.0
2017S2,0,,,12587.33939919621,24363368.0185245,45.0,3175287.0,387.0,4216401.0,93.0,5181581.0,13.0,714698.0,0.0,0.0
2017S2,00,,,14783.495621298905,22985202.867418718,92.0,4831074.0,869.0,6478458.0,207.0,7690828.0,8.0,252776.0,1545.0,1381927.0
2017S2,01,RS - Met. Porto Alegre e Caxias do Sul,RS,317500.5148569769,451390462.1186564,3145.0,100341370.0,18280.0,91519192.0,2804.0,96320653.0,57.0,1531309.0,49116.0,33646251.0
2017S2,02,RS - Demais regiões,RS,311181.1177113913,386858212.0755263,831.0,32393761.0,19835.0,102391593.0,3020.0,111793447.0,78.0,2570160.0,29440.0,25519568.0
2017S2,03,SC - Met. Florianópolis e Sul,SC,143786.66197569482,188422407.00808504,388.0,16099780.0,9265.0,46416078.0,1057.0,41994120.0,25.0,942506.0,24354.0,15364766.0
2017S2,04,SC - Oeste,SC,87071.96486358346,116602252.1501331,127.0,8750711.0,5404.0,35245791.0,905.0,40121950.0,23.0,1379893.0,8767.0,8177498.0
2017S2,05,SC - Blumenau e demais regiões,SC,212694.51512659295,275798981.487547,851.0,38276106.0,12031.0,66294736.0,2209.0,81629493.0,47.0,1834726.0,26358.0,19000785.0
2017S2,06,PR - F.Iguaþu-Medianeira-Cascavel-Toledo,PR,72457.82274260325,105559050.39518858,322.0,19696923.0,4932.0,30969320.0,987.0,37283409.0,31.0,1150589.0,6774.0,4403223.0
2017S2,07,PR - Met. Curitiba,PR,306066.2771497173,447074701.8542474,1891.0,74302628.0,17859.0,98577560.0,3030.0,112593060.0,85.0,3181114.0,40809.0,23932036.0
2017S2,08,PR - Demais regiões,PR,218681.54507184494,300972551.691593,1011.0,50127354.0,13604.0,75347248.0,2456.0,90390319.0,68.0,2728656.0,25031.0,16088890.0
2017S2,09,SP - Vale do Paraíba e Ribeira,SP,216737.03778715618,293307860.30163455,2515.0,75123352.0,9671.0,47033915.0,1707.0,54008139.0,69.0,2182704.0,70010.0,23380624.0
2017S2,1,,,204.30136396596208,105306.00846219064,1.0,20029.0,0.0,0.0,0.0,0.0,0.0,0.0,0.0,0.0
2017S2,10,SP - Litoral Norte e Baixada Santista,SP,60867.15439286316,87203056.49536651,648.0,18259304.0,2911.0,14687420.0,443.0,15860898.0,11.0,229771.0,24643.0,8482223.0
2017S2,11,SP - Met. de São Paulo,SP,1504328.0922492808,2333871896.1186266,20470.0,605837874.0,51355.0,286044284.0,8032.0,280540123.0,328.0,9122468.0,633694.0,169226518.0
2017S2,12,SP - Grande Campinas,SP,277682.5375665743,382636482.76890475,2592.0,83018047.0,20358.0,80548802.0,2540.0,85968371.0,73.0,1778078.0,56996.0,31219722.0
2017S2,13,SP - Ribeirão Preto e Demais Mun. de Campinas,SP,952462.8505211696,1184332922.099293,4741.0,172030822.0,58543.0,270721279.0,7284.0,269749336.0,372.0,15560387.0,136033.0,61989578.0
2017S2,14,MG - Triângulo mineiro,MG,155188.44520699885,219281194.53717422,933.0,36289428.0,12781.0,60435886.0,1470.0,54506935.0,59.0,2012516.0,18919.0,10941746.0
2017S2,15,MG - Sul,MG,118317.39132693922,152940695.0562942,399.0,17867208.0,6478.0,31490713.0,1152.0,42559390.0,47.0,1490522.0,13511.0,9367826.0
2017S2,16,MG - Met.BH-Centro Oeste-Zona Mata-C. Vertentes,MG,492567.07516407873,719339615.2503299,3560.0,117694788.0,54129.0,162386278.0,4161.0,155472032.0,132.0,3975774.0,67211.0,45670318.0
2017S2,17,MG - Vale do Aço-Norte-Vale Jequitinhonha,MG,45553.516544321086,63268720.08137488,114.0,5100914.0,3262.0,17215841.0,489.0,20433361.0,13.0,326971.0,5179.0,4197113.0
2017S2,18,RJ - Met. do Rio de Janeiro,RJ,494265.51991429785,865981001.3885779,10010.0,354549617.0,20522.0,114536885.0,4042.0,149847935.0,164.0,4488869.0,152092.0,85039406.0
2017S2,19,RJ - Interior,RJ,154630.5847776411,226191309.59868416,1140.0,43726895.0,7571.0,39390187.0,1626.0,61563348.0,59.0,1492849.0,28597.0,21256428.0
2017S2,2,,,7.4684929773211435,4020.613805770875,0.0,0.0,0.0,0.0,0.0,0.0,0.0,0.0,0.0,0.0
2017S2,20,ES - Espírito Santo,ES,139460.05632971274,202049705.9806669,944.0,36810012.0,8442.0,48105728.0,1234.0,51892121.0,42.0,943517.0,23462.0,15360360.0
2017S2,21,BA - Bahia,BA,273859.8558116215,429539205.70145744,2754.0,99673676.0,16936.0,87033001.0,2828.0,123324383.0,95.0,4176749.0,67140.0,35582376.0
2017S2,22,SE - Sergipe,SE,44560.07550642127,63916581.00298074,307.0,11215438.0,4584.0,17008740.0,367.0,18804392.0,12.0,226315.0,6198.0,2951158.0
2017S2,23,PE - Pernambuco,PE,207973.31219991017,294870065.5625308,2498.0,77232467.0,13496.0,62149238.0,1784.0,70560404.0,57.0,1350470.0,40197.0,19977081.0
2017S2,24,PB - Paraíba,PB,61370.56277349265,82682786.48788841,305.0,11113883.0,5331.0,24523365.0,534.0,23356095.0,18.0,334417.0,10550.0,4191880.0
2017S2,25,RN - Rio Grande do Norte,RN,66612.61735409917,95809891.5819796,843.0,30609681.0,4749.0,21188882.0,527.0,23299442.0,13.0,357811.0,12199.0,4503242.0
2017S2,26,AL - Alagoas,AL,42703.357782630716,63822966.46770259,246.0,8648905.0,3642.0,15481463.0,436.0,18814406.0,12.0,380480.0,6452.0,2644367.0
2017S2,27,CE - Ceará,CE,120292.98044357914,184813022.29653966,1047.0,37865303.0,9703.0,50111142.0,1153.0,54393806.0,22.0,612199.0,17354.0,7772718.0
2017S2,28,PI - Piaui,PI,30152.18823668454,55072435.70713411,113.0,4013548.0,3616.0,19276981.0,375.0,17993294.0,11.0,715648.0,4007.0,2476775.0
2017S2,29,MA - Maranhão,MA,39529.697589594405,71526748.60802144,170.0,6880234.0,4561.0,24271206.0,540.0,29146800.0,14.0,609810.0,4327.0,2286431.0
2017S2,3,,,7.794520316645503,3238.981032371522,0.0,0.0,0.0,0.0,0.0,0.0,0.0,0.0,0.0,0.0
2017S2,30,PA - Pará,PA,62848.875079764985,114215423.15095496,582.0,20127759.0,5346.0,30393352.0,630.0,33687335.0,18.0,527273.0,9130.0,5141659.0
2017S2,31,AM - Amazonas,AM,25089.3993766685,41177445.196501225,78.0,2208453.0,2357.0,12506076.0,198.0,8628928.0,10.0,406817.0,2252.0,1274802.0
2017S2,32,AP - Amapá,AP,2635.3478689072654,5030477.589974315,8.0,296024.0,181.0,1087724.0,29.0,1398639.0,0.0,0.0,182.0,167771.0
2017S2,33,RO - Rondônia,RO,725.8191632651723,765635.7716585697,0.0,0.0,30.0,144399.0,0.0,0.0,0.0,0.0,109.0,276961.0
2017S2,34,RR - Roraima,RR,3383.4519656440248,6203687.445946636,7.0,84913.0,315.0,1653527.0,33.0,1695672.0,0.0,0.0,278.0,170562.0
2017S2,35,AC - Acre,AC,5857.375196594279,11209981.357854398,50.0,1517127.0,627.0,2858850.0,56.0,2424995.0,7.0,225068.0,386.0,344517.0
2017S2,36,MT - Mato Grosso,MT,95328.0799241704,180400337.52370098,559.0,30644471.0,11518.0,53101114.0,1210.0,63952545.0,62.0,3470306.0,10408.0,7217639.0
2017S2,37,MS - Mato Grosso do Sul,MS,81951.83905842481,130235016.6424475,149.0,9573005.0,8404.0,42441680.0,917.0,43469048.0,26.0,1179994.0,9882.0,5333800.0
2017S2,38,DF - Brasília,DF,183370.81674136827,261147623.34228602,1061.0,32045255.0,16221.0,79709238.0,1428.0,57270708.0,43.0,1155659.0,28975.0,13930508.0
2017S2,39,GO - Goiás,GO,207994.56726394547,353578252.4284868,1396.0,65185676.0,19016.0,106993415.0,2421.0,108264900.0,95.0,4467235.0,31585.0,18516674.0
2017S2,4,,,0.504109561443329,168.876708984375,0.0,0.0,0.0,0.0,0.0,0.0,0.0,0.0,0.0,0.0
2017S2,40,TO - Tocantins,TO,21728.867999325972,40654292.882229604,76.0,5607731.0,2559.0,14741461.0,367.0,19468093.0,12.0,1303035.0,2213.0,2101781.0
2017S2,41,GO - Sudeste de Goiás,GO,28873.128018941265,45213828.535067506,167.0,8111409.0,2686.0,12269063.0,302.0,11961289.0,12.0,288469.0,3815.0,2958803.0
2017S2,42,,,165.89862519595772,183907.81725502014,1.0,35807.0,7.0,25869.0,0.0,0.0,0.0,0.0,49.0,11492.0
2017S2,43,,,386.5451929173433,466351.91914224636,0.0,0.0,15.0,93404.0,0.0,0.0,0.0,0.0,108.0,140981.0
2017S2,44,,,514.0766946915539,547419.1269969943,0.0,0.0,27.0,187171.0,0.0,0.0,0.0,0.0,81.0,192338.0
2017S2,45,,,5.747945049777627,6794.796977996828,0.0,0.0,0.0,0.0,0.0,0.0,0.0,0.0,2.0,304.0
2017S2,46,,,30.726026486605413,42250.66531372072,1.0,10595.0,1.0,14493.0,0.0,0.0,0.0,0.0,17.0,2631.0
2017S2,47,,,12.775342094711961,16727.73098087311,1.0,31577.0,0.0,0.0,0.0,0.0,0.0,0.0,8.0,1030.0
2017S2,48,,,54.068491430953145,69261.14038872722,0.0,0.0,4.0,19608.0,0.0,0.0,0.0,0.0,24.0,13520.0
2017S2,49,,,6.068492934107782,6654.65295410156,1.0,21496.0,0.0,0.0,0.0,0.0,0.0,0.0,3.0,220.0
2017S2,5,,,19.24109529331327,7436.8710203170795,0.0,0.0,0.0,0.0,0.0,0.0,0.0,0.0,0.0,0.0
2017S2,50,,,124.21917443629356,145324.0009182692,1.0,11039.0,6.0,36885.0,0.0,0.0,0.0,0.0,81.0,81171.0
2017S2,51,,,54.010958092752844,60547.91623759271,0.0,0.0,1.0,2776.0,0.0,0.0,0.0,0.0,18.0,47021.0
2017S2,52,,,45.060272596776485,71427.63756275178,0.0,0.0,2.0,11702.0,0.0,0.0,0.0,0.0,20.0,3788.0
2017S2,53,,,49.93150554085151,65306.09264492991,0.0,0.0,1.0,7905.0,0.0,0.0,0.0,0.0,21.0,42106.0
2017S2,54,,,38.03835521824658,53295.730736255646,3.0,58049.0,1.0,4299.0,0.0,0.0,0.0,0.0,16.0,3499.0
2017S2,55,,,105.83287286292763,162561.4285793305,1.0,39227.0,3.0,11724.0,0.0,0.0,0.0,0.0,60.0,17776.0
2017S2,56,,,73.79177877865732,85800.03565335274,0.0,0.0,4.0,12118.0,0.0,0.0,0.0,0.0,30.0,33241.0
2017S2,57,,,87.9397234749049,111994.13479328158,1.0,24366.0,2.0,13047.0,0.0,0.0,0.0,0.0,31.0,20486.0
2017S2,58,,,97.18355902424084,120252.10567331316,1.0,38812.0,1.0,1380.0,0.0,0.0,0.0,0.0,34.0,9861.0
2017S2,59,,,33.515067541040494,44312.67870134117,0.0,0.0,1.0,8758.0,0.0,0.0,0.0,0.0,13.0,2596.0
2017S2,6,,,6.2712327390909195,2539.653816223147,0.0,0.0,0.0,0.0,0.0,0.0,0.0,0.0,0.0,0.0
2017S2,60,,,34.83835502993316,46373.921258926406,1.0,58577.0,2.0,9901.0,0.0,0.0,0.0,0.0,19.0,4516.0
2017S2,61,,,2.7041094861924657,3057.103807449341,0.0,0.0,0.0,0.0,0.0,0.0,0.0,0.0,1.0,63.0
2017S2,62,,,1.5369862392544749,1831.0355072021498,0.0,0.0,0.0,0.0,0.0,0.0,0.0,0.0,0.0,0.0
2017S2,63,,,7.254794318228961,10655.839866638184,0.0,0.0,1.0,5796.0,0.0,0.0,0.0,0.0,2.0,805.0
2017S2,64,,,3.1753423567861327,3610.4398918151874,0.0,0.0,0.0,0.0,0.0,0.0,0.0,0.0,1.0,118.0
2017S2,65,,,1.0767123028635979,1276.6707649230952,0.0,0.0,0.0,0.0,0.0,0.0,0.0,0.0,1.0,118.0
2017S2,66,,,10.24109567701817,15413.057556152346,0.0,0.0,0.0,0.0,0.0,0.0,0.0,0.0,5.0,12836.0
2017S2,68,,,1.6712328344583502,2621.5940856933576,1.0,26152.0,0.0,0.0,0.0,0.0,0.0,0.0,0.0,0.0
2017S2,7,,,205.06574770063162,80075.78197574615,0.0,0.0,0.0,0.0,0.0,0.0,0.0,0.0,0.0,0.0
2017S2,71,,,1.01095886528492,678.063219070435,0.0,0.0,0.0,0.0,0.0,0.0,0.0,0.0,0.0,0.0
2017S2,75,,,2.8493149690330033,2389.322399139404,0.0,0.0,0.0,0.0,0.0,0.0,0.0,0.0,0.0,0.0
2017S2,8,,,104.81917481310668,39598.590662002556,0.0,0.0,0.0,0.0,0.0,0.0,0.0,0.0,0.0,0.0
2017S2,81,,,0.608219176530838,556.382507324219,0.0,0.0,0.0,0.0,0.0,0.0,0.0,0.0,0.0,0.0
2017S2,9,,,256.85478796297684,137295.39135932922,1.0,39649.0,0.0,0.0,0.0,0.0,0.0,0.0,0.0,0.0
2018S1,,,,7885.4712084117355,10781200.276927488,37.0,1516293.0,349.0,1601787.0,52.0,1898430.0,1.0,17123.0,2022.0,450500.0
2018S1,.,,,1.80273973941803,4890.107421875,0.0,0.0,0.0,0.0,0.0,0.0,0.0,0.0,0.0,0.0
2018S1,0,,,12181.827369065957,24395980.877158258,30.0,1901920.0,427.0,3422211.0,125.0,4477201.0,1.0,34048.0,123.0,2977375.0
2018S1,00,,,10276.345175234603,13887579.88163829,58.0,3907038.0,630.0,4402486.0,106.0,4832343.0,3.0,154241.0,203.0,1490871.0
2018S1,01,RS - Met. Porto Alegre e Caxias do Sul,RS,315888.17993634613,456593956.6266372,3134.0,111639638.0,15550.0,82242209.0,2375.0,88142547.0,40.0,1224453.0,51111.0,37151941.0
2018S1,02,RS - Demais regiões,RS,311571.5114176157,394761380.5487994,782.0,36534074.0,17834.0,96988836.0,2697.0,110189653.0,63.0,2078293.0,29287.0,27406071.0
2018S1,03,SC - Met. Florianópolis e Sul,SC,142659.755753831,189811956.10457876,342.0,16937557.0,8211.0,43082703.0,915.0,42227301.0,31.0,1071686.0,26453.0,21407862.0
2018S1,04,SC - Oeste,SC,87206.07098992495,118526259.10285613,109.0,9834744.0,4842.0,32593060.0,736.0,32975083.0,20.0,984013.0,8638.0,8472286.0
2018S1,05,SC - Blumenau e demais regiões,SC,212209.2076238282,280646332.2189733,834.0,37627087.0,11076.0,65036883.0,1683.0,71835441.0,72.0,2500145.0,27401.0,30907535.0
2018S1,06,PR - F.Iguaþu-Medianeira-Cascavel-Toledo,PR,73322.79156248178,110242292.69707483,283.0,15845818.0,4514.0,29365907.0,871.0,35628926.0,17.0,838826.0,6718.0,5412163.0
2018S1,07,PR - Met. Curitiba,PR,304842.9361663493,452547398.8653153,1772.0,72646798.0,16002.0,94666032.0,2484.0,101090436.0,75.0,2773257.0,42359.0,38911911.0
2018S1,08,PR - Demais regiões,PR,217797.57200715737,309169830.8410428,896.0,43972204.0,11932.0,68950945.0,2003.0,76703496.0,70.0,2046401.0,25943.0,21820092.0
2018S1,09,SP - Vale do Paraíba e Ribeira,SP,225797.13085103454,305979105.8805718,2389.0,76502115.0,8729.0,41973372.0,1346.0,46247102.0,42.0,1149578.0,74145.0,28867748.0
2018S1,1,,,318.4986291434617,212812.09703254706,12.0,325296.0,1.0,1961.0,0.0,0.0,0.0,0.0,0.0,0.0
2018S1,10,SP - Litoral Norte e Baixada Santista,SP,63418.84365135711,90397579.17227721,596.0,17516909.0,2820.0,13175248.0,327.0,12689963.0,18.0,460469.0,28233.0,11537004.0
2018S1,11,SP - Met. de São Paulo,SP,1533129.2644693488,2393568629.674287,19880.0,628269914.0,46993.0,263261873.0,6571.0,251318176.0,313.0,7989011.0,674166.0,228065488.0
2018S1,12,SP - Grande Campinas,SP,280003.10605335655,373388452.5723809,2270.0,72139329.0,12044.0,58595792.0,1815.0,65978219.0,55.0,1355335.0,61877.0,34995851.0
2018S1,13,SP - Ribeirão Preto e Demais Mun. de Campinas,SP,995758.221799979,1231651418.7562037,4765.0,183326496.0,53437.0,247199233.0,6192.0,247046307.0,262.0,8891037.0,153312.0,87545670.0
2018S1,14,MG - Triângulo mineiro,MG,153807.38587320456,223694926.6865677,893.0,35293077.0,11032.0,52444498.0,1246.0,49263199.0,63.0,2650039.0,19944.0,15018908.0
2018S1,15,MG - Sul,MG,119864.9147379268,155780616.66713443,421.0,17059062.0,5647.0,28587884.0,943.0,37789425.0,38.0,1386044.0,13859.0,11842051.0
2018S1,16,MG - Met.BH-Centro Oeste-Zona Mata-C. Vertentes,MG,497005.3488521953,745884731.6894773,3133.0,111653644.0,49043.0,136982772.0,3224.0,127261330.0,119.0,3585720.0,65671.0,48846772.0
2018S1,17,MG - Vale do Aço-Norte-Vale Jequitinhonha,MG,44905.73960196553,64189798.3629709,111.0,5319215.0,2788.0,14266701.0,395.0,15434189.0,19.0,1044389.0,5348.0,4764397.0
2018S1,18,RJ - Met. do Rio de Janeiro,RJ,471514.3849851275,864168285.2755448,9959.0,382195106.0,17524.0,93484561.0,3577.0,138350076.0,169.0,4366516.0,151977.0,123533671.0
2018S1,19,RJ - Interior,RJ,153115.4160207007,235010743.628771,1287.0,50035677.0,6504.0,34661650.0,1429.0,58414212.0,58.0,1579437.0,30347.0,27873205.0
2018S1,2,,,12.843835590407256,7796.432688713074,0.0,0.0,0.0,0.0,0.0,0.0,0.0,0.0,0.0,0.0
2018S1,20,ES - Espírito Santo,ES,137187.62700312678,203091571.90278643,814.0,34019673.0,7730.0,43980820.0,1089.0,48366532.0,46.0,1453342.0,25046.0,22911898.0
2018S1,21,BA - Bahia,BA,271654.2649971652,434602903.8219988,2652.0,101358764.0,15223.0,80940611.0,2449.0,114931696.0,104.0,3124609.0,69370.0,41228926.0
2018S1,22,SE - Sergipe,SE,53321.60807146691,74355655.959688,313.0,11337603.0,4477.0,17019734.0,362.0,18297220.0,9.0,673148.0,9343.0,7063734.0
2018S1,23,PE - Pernambuco,PE,208783.5692853378,305219740.29971015,2375.0,82795867.0,11882.0,55842114.0,1505.0,65429263.0,73.0,2153418.0,39583.0,29488914.0
2018S1,24,PB - Paraíba,PB,67157.82995251613,92657434.01136069,301.0,9776773.0,5314.0,24947110.0,463.0,21757723.0,18.0,708554.0,12586.0,8084419.0
2018S1,25,RN - Rio Grande do Norte,RN,73707.91212885268,110280547.65243623,949.0,33361067.0,4508.0,21759172.0,447.0,20526250.0,19.0,867828.0,14952.0,10728047.0
2018S1,26,AL - Alagoas,AL,47038.1286310046,70640568.13963392,249.0,9623925.0,3510.0,15747021.0,395.0,18154627.0,14.0,427483.0,8245.0,6060750.0
2018S1,27,CE - Ceará,CE,128851.90649279812,201482026.2872639,973.0,38904552.0,9023.0,49098062.0,905.0,45144395.0,36.0,892186.0,21585.0,14962316.0
2018S1,28,PI - Piaui,PI,32698.030043290928,60914452.904197685,127.0,5398168.0,3433.0,19184937.0,328.0,19754896.0,10.0,496291.0,5230.0,8674966.0
2018S1,29,MA - Maranhão,MA,41590.45193864545,77433343.76141723,135.0,5843897.0,3983.0,21465963.0,389.0,23516999.0,11.0,673626.0,5514.0,6693795.0
2018S1,3,,,11.03561642486602,7696.445420742038,0.0,0.0,0.0,0.0,0.0,0.0,0.0,0.0,0.0,0.0
2018S1,30,PA - Pará,PA,63147.17790961778,117504272.80230771,480.0,19034354.0,4537.0,26377359.0,548.0,31054625.0,17.0,592081.0,9866.0,11355068.0
2018S1,31,AM - Amazonas,AM,26478.934178276922,43296191.44625529,99.0,2319300.0,2256.0,12247791.0,159.0,7999487.0,5.0,79417.0,2735.0,2328412.0
2018S1,32,AP - Amapá,AP,2884.583553711884,5477983.729442333,4.0,357732.0,220.0,1461376.0,16.0,878451.0,1.0,22813.0,244.0,328547.0
2018S1,33,RO - Rondônia,RO,4084.1917715347377,6008330.154932381,5.0,321439.0,251.0,1861668.0,3.0,170436.0,0.0,0.0,1059.0,1745663.0
2018S1,34,RR - Roraima,RR,3581.257525177207,6907527.300473722,8.0,108689.0,269.0,1548868.0,29.0,1487092.0,1.0,22796.0,286.0,145100.0
2018S1,35,AC - Acre,AC,6051.515054862946,11819180.089672428,38.0,936194.0,506.0,2465244.0,38.0,2104339.0,1.0,7431.0,493.0,969549.0
2018S1,36,MT - Mato Grosso,MT,98783.07372224331,191991838.11934772,513.0,28917992.0,10013.0,48397843.0,975.0,59867558.0,37.0,1412046.0,11858.0,11814849.0
2018S1,37,MS - Mato Grosso do Sul,MS,83626.35867713438,137611466.4600707,144.0,10094267.0,7236.0,39203167.0,698.0,34879039.0,25.0,1754877.0,10721.0,8168583.0
2018S1,38,DF - Brasília,DF,181015.04881395353,260166194.9375493,913.0,27759058.0,13599.0,66833836.0,1127.0,47255651.0,30.0,725628.0,28721.0,17195808.0
2018S1,39,GO - Goiás,GO,203524.41313100653,355525378.9402567,1169.0,55207707.0,16312.0,91372383.0,1850.0,88407230.0,65.0,2880098.0,31586.0,24806435.0
2018S1,4,,,0.12054794281721111,75.18682670593259,0.0,0.0,0.0,0.0,0.0,0.0,0.0,0.0,0.0,0.0
2018S1,40,TO - Tocantins,TO,21012.81912420178,39669274.75252809,70.0,6343428.0,2125.0,13046886.0,263.0,16861076.0,7.0,204098.0,1974.0,2582132.0
2018S1,41,GO - Sudeste de Goiás,GO,28488.490335823037,45903358.440099634,139.0,6738135.0,2239.0,10860809.0,233.0,10659280.0,9.0,526215.0,3722.0,2912863.0
2018S1,5,,,17.61369857937098,7693.18352508545,0.0,0.0,0.0,0.0,0.0,0.0,0.0,0.0,0.0,0.0
2018S1,6,,,7.408219169825317,3719.043983459473,0.0,0.0,0.0,0.0,0.0,0.0,0.0,0.0,0.0,0.0
2018S1,7,,,239.131506303791,106384.18355286124,4.0,124317.0,0.0,0.0,0.0,0.0,0.0,0.0,0.0,0.0
2018S1,8,,,111.41369835287335,46338.31581532956,2.0,91839.0,0.0,0.0,0.0,0.0,0.0,0.0,0.0,0.0
2018S1,9,,,425.3835609937088,248414.96761262423,11.0,220592.0,1.0,1876.0,0.0,0.0,0.0,0.0,0.0,0.0
2018S1,99,,,11569.813668996096,15330978.240569541,89.0,2619246.0,401.0,2170556.0,0.0,0.0,5.0,85807.0,5454.0,6069444.0
2018S2,,,,7550.213499778882,10520304.382387089,41.0,1731145.0,353.0,1830617.0,59.0,2734993.0,0.0,0.0,1859.0,566395.0
2018S2,.,,,2.01643824577332,949.646728515625,0.0,0.0,0.0,0.0,0.0,0.0,0.0,0.0,0.0,0.0
2018S2,00,,,3229.980733597186,4330397.424488903,30.0,1675558.0,414.0,3145956.0,111.0,5190314.0,6.0,125548.0,118.0,698956.0
2018S2,01,RS - Met. Porto Alegre e Caxias do Sul,RS,335401.38021191955,495070110.3876967,2860.0,101611344.0,18121.0,108216352.0,2449.0,95135350.0,78.0,2236365.0,51334.0,38985642.0
2018S2,02,RS - Demais regiões,RS,325502.7146345484,415540167.0170126,702.0,32600647.0,19202.0,112917179.0,2817.0,115688249.0,89.0,2768179.0,31795.0,31174897.0
2018S2,03,SC - Met. Florianópolis e Sul,SC,147165.25917519536,195065241.17517656,297.0,13880138.0,8738.0,49592135.0,921.0,42748861.0,29.0,906912.0,26076.0,18212039.0
2018S2,04,SC - Oeste,SC,89949.918256348,123816669.07290575,89.0,5674252.0,5050.0,34544210.0,809.0,39356379.0,20.0,406764.0,9160.0,9362139.0
2018S2,05,SC - Blumenau e demais regiões,SC,219478.96980734495,293257356.12610686,778.0,33486503.0,11436.0,72927826.0,1680.0,74498423.0,52.0,2521588.0,26908.0,23643696.0
2018S2,06,PR - F.Iguaþu-Medianeira-Cascavel-Toledo,PR,75308.25009149779,114493040.31507856,301.0,18866669.0,4889.0,33428893.0,765.0,35980082.0,13.0,443205.0,6698.0,5818585.0
2018S2,07,PR - Met. Curitiba,PR,315941.12364144996,472296507.68991363,1524.0,64851924.0,16957.0,105615925.0,2411.0,105508063.0,64.0,1879240.0,43703.0,32919679.0
2018S2,08,PR - Demais regiões,PR,225272.01892684493,323461358.39585996,896.0,49102356.0,13202.0,79844049.0,1769.0,78245511.0,62.0,2683042.0,27364.0,24554420.0
2018S2,09,SP - Vale do Paraíba e Ribeira,SP,234510.80983884074,316466460.4793763,2428.0,72778165.0,9458.0,49537992.0,1512.0,54965977.0,80.0,2120679.0,72625.0,29278137.0
2018S2,1,,,59.03287525381893,62784.68314218524,0.0,0.0,2.0,1126.0,0.0,0.0,0.0,0.0,0.0,0.0
2018S2,10,SP - Litoral Norte e Baixada Santista,SP,65701.45838932646,92383148.7774231,597.0,17431930.0,2820.0,15104679.0,396.0,15116197.0,28.0,916367.0,26101.0,11263320.0
2018S2,11,SP - Met. de São Paulo,SP,1607307.350658625,2549070167.830304,20660.0,644759817.0,62881.0,319961299.0,7374.0,289348776.0,394.0,10815042.0,644133.0,232382829.0
2018S2,12,SP - Grande Campinas,SP,290244.27116395393,381741308.84815675,2418.0,76770965.0,13422.0,73839770.0,2031.0,75396041.0,83.0,3053330.0,61697.0,39986345.0
2018S2,13,SP - Ribeirão Preto e Demais Mun. de Campinas,SP,1030094.5822353251,1272118684.8051867,4935.0,188719566.0,56990.0,288099437.0,6794.0,269789617.0,347.0,12972175.0,160539.0,95092893.0
2018S2,14,MG - Triângulo mineiro,MG,159724.5710537564,234244872.763058,924.0,40273691.0,11553.0,61781206.0,1308.0,54380060.0,71.0,2626612.0,21053.0,16356392.0
2018S2,15,MG - Sul,MG,124600.44035177352,161097273.74153858,377.0,15951217.0,6389.0,35576578.0,1021.0,42021693.0,37.0,979443.0,15121.0,12878205.0
2018S2,16,MG - Met.BH-Centro Oeste-Zona Mata-C. Vertentes,MG,457281.6776873963,659985894.7069933,2342.0,79312478.0,29182.0,140797895.0,3600.0,151379448.0,108.0,3254479.0,65853.0,49414500.0
2018S2,17,MG - Vale do Aço-Norte-Vale Jequitinhonha,MG,46065.37129808823,65756707.38683887,87.0,4266192.0,2898.0,17190916.0,436.0,20290617.0,18.0,552400.0,5423.0,4656606.0
2018S2,18,RJ - Met. do Rio de Janeiro,RJ,473858.4356165319,882564330.8420761,8341.0,326636629.0,17733.0,100998251.0,3391.0,139229615.0,145.0,4266621.0,134261.0,86034357.0
2018S2,19,RJ - Interior,RJ,161562.94349026075,248854693.8563698,1183.0,47771280.0,6884.0,39793478.0,1536.0,63055431.0,67.0,1710281.0,30634.0,26063461.0
2018S2,2,,,0.747945196926593,687.855167388916,0.0,0.0,0.0,0.0,0.0,0.0,0.0,0.0,0.0,0.0
2018S2,20,ES - Espírito Santo,ES,140419.0069962819,209004936.50609666,671.0,30077024.0,7885.0,50283946.0,1028.0,46314264.0,37.0,995824.0,22670.0,20709588.0
2018S2,21,BA - Bahia,BA,284461.8910352974,456154531.2534163,2605.0,101390539.0,15582.0,89952972.0,2508.0,117301860.0,107.0,5409572.0,70096.0,47213585.0
2018S2,22,SE - Sergipe,SE,56091.472382531036,78254121.71278852,273.0,10537849.0,4404.0,18418115.0,351.0,17965022.0,20.0,907297.0,9777.0,7829961.0
2018S2,23,PE - Pernambuco,PE,218241.76387139922,320388984.8757179,2316.0,83414997.0,12316.0,63051345.0,1555.0,68208709.0,56.0,1781138.0,37868.0,24545622.0
2018S2,24,PB - Paraíba,PB,70961.4008209249,98003231.38807634,305.0,11403983.0,5564.0,28662030.0,487.0,21874572.0,25.0,1203455.0,12943.0,7491645.0
2018S2,25,RN - Rio Grande do Norte,RN,75692.01975467382,112757336.51112723,868.0,30337756.0,4623.0,22888719.0,432.0,20015492.0,11.0,512163.0,14675.0,7760768.0
2018S2,26,AL - Alagoas,AL,49456.28359479783,73631978.36601512,249.0,9832472.0,3681.0,18823770.0,385.0,17489247.0,21.0,546586.0,8824.0,6961684.0
2018S2,27,CE - Ceará,CE,134997.97166294325,209875324.12968457,880.0,36639696.0,9389.0,54158202.0,911.0,44798357.0,32.0,1116456.0,21054.0,16102263.0
2018S2,28,PI - Piaui,PI,34696.588095705956,65886199.495355204,193.0,7879330.0,3357.0,20414631.0,354.0,19598446.0,15.0,656351.0,4975.0,4919985.0
2018S2,29,MA - Maranhão,MA,44703.05359003367,82535565.68251431,164.0,6070533.0,3950.0,24013372.0,489.0,28332042.0,14.0,729123.0,5616.0,5211270.0
2018S2,30,PA - Pará,PA,67415.80916451523,124874924.52608278,456.0,20615187.0,4850.0,29266343.0,554.0,33086136.0,23.0,528167.0,9940.0,9287147.0
2018S2,31,AM - Amazonas,AM,27182.278743646577,44326840.79109502,69.0,1826754.0,2394.0,12860761.0,177.0,7986108.0,7.0,63666.0,2707.0,2101298.0
2018S2,32,AP - Amapá,AP,3167.797169656027,5687697.678586972,5.0,315090.0,235.0,1432231.0,25.0,1517385.0,0.0,0.0,291.0,367232.0
2018S2,33,RO - Rondônia,RO,4326.553308680654,6253168.213453829,4.0,169702.0,261.0,1755191.0,0.0,0.0,1.0,22810.0,1224.0,3185361.0
2018S2,34,RR - Roraima,RR,3708.8382500675516,6974891.329886825,5.0,83198.0,307.0,2121288.0,34.0,2067076.0,2.0,59104.0,373.0,458745.0
2018S2,35,AC - Acre,AC,7132.528596909718,12756299.63332982,56.0,2074997.0,612.0,3546998.0,52.0,3023310.0,2.0,56892.0,490.0,588509.0
2018S2,36,MT - Mato Grosso,MT,105449.23587197997,207339134.4073801,611.0,37296191.0,10444.0,58354712.0,939.0,56553426.0,49.0,1930604.0,12152.0,14287111.0
2018S2,37,MS - Mato Grosso do Sul,MS,86522.14576521702,145828076.17733288,179.0,12500162.0,7755.0,43327043.0,765.0,40103209.0,18.0,803913.0,11191.0,9361615.0
2018S2,38,DF - Brasília,DF,184535.60306577012,260117644.61842546,719.0,22944830.0,13899.0,73160390.0,1197.0,52149443.0,38.0,1178615.0,28134.0,20594600.0
2018S2,39,GO - Goiás,GO,211245.93700735876,372617662.963135,930.0,45165117.0,16721.0,104675177.0,1913.0,92297168.0,65.0,2337904.0,31859.0,26051164.0
2018S2,40,TO - Tocantins,TO,23157.45151728345,44264633.22467483,62.0,5978707.0,2368.0,14607790.0,276.0,17164399.0,18.0,676928.0,2222.0,2680777.0
2018S2,41,GO - Sudeste de Goiás,GO,30173.43208571803,48937809.905165434,117.0,5438809.0,2385.0,12586116.0,248.0,12456068.0,23.0,666009.0,4247.0,4215425.0
2018S2,9,,,0.0,0.0,7.0,213872.0,0.0,0.0,0.0,0.0,0.0,0.0,0.0,0.0
2018S2,99,,,16706.62697379338,21573782.30361602,102.0,3173993.0,545.0,3250380.0,0.0,0.0,6.0,115527.0,7685.0,8464170.0
2019S1,,,,8262.753400541378,11148294.930285478,32.0,1049406.0,352.0,2022773.0,56.0,2801480.0,2.0,45792.0,1984.0,603364.0
2019S1,.,,,1.31506848335266,193.059844970703,0.0,0.0,0.0,0.0,0.0,0.0,0.0,0.0,0.0,0.0
2019S1,00,,,4003.454781925772,5417757.355742008,48.0,2508057.0,461.0,3530708.0,121.0,6466752.0,2.0,35242.0,48.0,722888.0
2019S1,01,RS - Met. Porto Alegre e Caxias do Sul,RS,359339.9550083559,535735630.780242,2684.0,96750528.0,19251.0,106978124.0,2366.0,95043854.0,63.0,1823522.0,60236.0,51302914.0
2019S1,02,RS - Demais regiões,RS,330586.08941118605,423061578.60424197,830.0,36261625.0,18525.0,110647276.0,2728.0,117533961.0,80.0,3476556.0,43128.0,37055813.0
2019S1,03,SC - Met. Florianópolis e Sul,SC,146653.4379088953,196375926.1766022,291.0,15493928.0,8496.0,48273271.0,912.0,45444749.0,26.0,869966.0,32011.0,22679913.0
2019S1,04,SC - Oeste,SC,91405.55862743828,125862930.24603517,69.0,6383909.0,5320.0,38809237.0,746.0,35772605.0,19.0,846420.0,12717.0,11600860.0
2019S1,05,SC - Blumenau e demais regiões,SC,218789.2650853903,293792009.8865473,802.0,39200237.0,11437.0,70623567.0,1546.0,68924795.0,55.0,2123992.0,34768.0,34388438.0
2019S1,06,PR - F.Iguaþu-Medianeira-Cascavel-Toledo,PR,76516.87374069869,115283670.65436535,240.0,13035956.0,5030.0,32751403.0,769.0,36140685.0,22.0,873276.0,9095.0,9182494.0
2019S1,07,PR - Met. Curitiba,PR,319000.43193025794,474696389.0757823,1664.0,58852169.0,16766.0,104619349.0,2289.0,104820655.0,60.0,2003674.0,56263.0,41323501.0
2019S1,08,PR - Demais regiões,PR,225378.7527706814,321909881.82944924,767.0,40096546.0,12635.0,79780219.0,1624.0,73453448.0,69.0,2782085.0,36165.0,26885036.0
2019S1,09,SP - Vale do Paraíba e Ribeira,SP,234356.42122244323,314371774.89495146,2216.0,72137471.0,9507.0,51666430.0,1446.0,51712763.0,65.0,1525407.0,78021.0,35655488.0
2019S1,1,,,0.0,0.0,3.0,88081.0,1.0,200.0,0.0,0.0,0.0,0.0,0.0,0.0
2019S1,10,SP - Litoral Norte e Baixada Santista,SP,65750.74227108016,92247473.98767863,561.0,15567155.0,2919.0,15287824.0,411.0,15787498.0,24.0,785287.0,29361.0,16997160.0
2019S1,11,SP - Met. de São Paulo,SP,1453609.4698028397,2298392023.444139,14484.0,487557498.0,55076.0,324798645.0,7669.0,304908686.0,346.0,10075994.0,661244.0,362578811.0
2019S1,12,SP - Grande Campinas,SP,290722.36352755176,383411783.61023533,2209.0,73488437.0,15377.0,90568467.0,2027.0,78561349.0,80.0,2262527.0,65502.0,42302331.0
2019S1,13,SP - Ribeirão Preto e Demais Mun. de Campinas,SP,1036070.9832146149,1281082796.8988588,4388.0,175157255.0,57300.0,298341398.0,6638.0,267280923.0,304.0,10209542.0,185474.0,116771119.0
2019S1,14,MG - Triângulo mineiro,MG,156418.90638534632,227601920.58891073,852.0,33743306.0,11501.0,61766825.0,1236.0,56135270.0,54.0,2035267.0,22828.0,16689668.0
2019S1,15,MG - Sul,MG,124850.9886785713,161103399.48254484,366.0,15151262.0,6305.0,34424621.0,887.0,37612680.0,41.0,1707683.0,18702.0,14793257.0
2019S1,16,MG - Met.BH-Centro Oeste-Zona Mata-C. Vertentes,MG,482335.91098093335,701842389.0208019,2801.0,100097150.0,47694.0,150227735.0,3063.0,129677916.0,112.0,4157942.0,77649.0,52704062.0
2019S1,17,MG - Vale do Aço-Norte-Vale Jequitinhonha,MG,46768.375208629295,66159434.579194196,145.0,4714679.0,2842.0,16401673.0,398.0,19565171.0,18.0,588804.0,7298.0,5595406.0
2019S1,18,RJ - Met. do Rio de Janeiro,RJ,457749.7713123583,851643154.1547383,7034.0,273689046.0,18697.0,103959081.0,3516.0,147737642.0,153.0,4213020.0,140741.0,135256178.0
2019S1,19,RJ - Interior,RJ,164175.9940881855,251921386.55834645,1148.0,45508986.0,7132.0,43091394.0,1328.0,56794795.0,51.0,1809718.0,38999.0,34054289.0
2019S1,20,ES - Espírito Santo,ES,142104.7584807258,210208822.96286967,652.0,27289830.0,7865.0,51707528.0,1060.0,47991255.0,57.0,1918640.0,25367.0,33734913.0
2019S1,21,BA - Bahia,BA,287110.6375397737,456959547.2730437,2701.0,98759872.0,15462.0,93642663.0,2722.0,127705588.0,95.0,3911512.0,82449.0,57473737.0
2019S1,22,SE - Sergipe,SE,56724.43270959612,79814448.61767168,323.0,10061473.0,4167.0,19840797.0,393.0,22058284.0,16.0,696509.0,10865.0,7928446.0
2019S1,23,PE - Pernambuco,PE,219016.56376881897,323287617.71935016,2252.0,78920069.0,12074.0,66093849.0,1457.0,64220150.0,78.0,3214544.0,44677.0,38395759.0
2019S1,24,PB - Paraíba,PB,72374.62993351137,100058552.36464992,322.0,10326960.0,5424.0,30205117.0,497.0,24598595.0,21.0,610835.0,15390.0,10414348.0
2019S1,25,RN - Rio Grande do Norte,RN,75513.47101795068,112861674.2242421,833.0,27719358.0,4456.0,24691781.0,459.0,22115076.0,25.0,1260130.0,16994.0,11912918.0
2019S1,26,AL - Alagoas,AL,50805.96972072497,75643045.48779772,279.0,9022138.0,3507.0,18395680.0,394.0,18488339.0,16.0,459268.0,10277.0,7095835.0
2019S1,27,CE - Ceará,CE,134858.0188034745,208128810.41741052,661.0,24219953.0,9165.0,54641660.0,828.0,42981349.0,43.0,2184890.0,25611.0,25640183.0
2019S1,28,PI - Piaui,PI,35473.35332762636,66792384.935090266,161.0,5707850.0,3122.0,21993940.0,380.0,22744311.0,8.0,582433.0,5693.0,8841691.0
2019S1,29,MA - Maranhão,MA,44585.63822922716,82952749.30664441,149.0,7113144.0,3680.0,24173978.0,376.0,24800912.0,24.0,996477.0,6475.0,8231985.0
2019S1,30,PA - Pará,PA,69288.98884686083,127356663.75113961,469.0,17212574.0,4680.0,32550097.0,551.0,34131104.0,18.0,742815.0,13024.0,11372326.0
2019S1,31,AM - Amazonas,AM,27676.03280451335,45152503.52873356,70.0,1800005.0,2290.0,13598047.0,177.0,8669065.0,3.0,146851.0,2809.0,2739977.0
2019S1,32,AP - Amapá,AP,3142.723279562779,5755980.503907454,3.0,106022.0,233.0,2127248.0,30.0,1814372.0,0.0,0.0,306.0,271581.0
2019S1,33,RO - Rondônia,RO,4162.846565024928,5927901.462393151,6.0,353799.0,232.0,1586120.0,2.0,109564.0,0.0,0.0,1046.0,1678521.0
2019S1,34,RR - Roraima,RR,3601.2958844602117,6731538.667179298,5.0,169243.0,275.0,1902150.0,22.0,917237.0,1.0,73816.0,344.0,304534.0
2019S1,35,AC - Acre,AC,7209.928747408558,12899284.40225806,43.0,2241124.0,577.0,4141032.0,50.0,3013506.0,3.0,143637.0,609.0,565647.0
2019S1,36,MT - Mato Grosso,MT,109587.55585643742,212494334.92421854,592.0,37426543.0,10147.0,63614905.0,945.0,60779888.0,61.0,3710804.0,14735.0,16498948.0
2019S1,37,MS - Mato Grosso do Sul,MS,86943.46275374759,146826111.87054422,117.0,8262534.0,7345.0,45373698.0,730.0,42189274.0,19.0,1283625.0,13409.0,11831703.0
2019S1,38,DF - Brasília,DF,183755.17479563365,253220821.9189988,744.0,21734546.0,13517.0,76013921.0,1153.0,53290515.0,23.0,590161.0,31217.0,25629010.0
2019S1,39,GO - Goiás,GO,210499.908985917,368606893.4680844,705.0,31443090.0,16020.0,105006176.0,1757.0,95151296.0,64.0,2911610.0,35654.0,32249600.0
2019S1,40,TO - Tocantins,TO,23201.810899137523,44541740.96751878,59.0,5286876.0,2312.0,17807590.0,241.0,15446087.0,9.0,364588.0,3189.0,4271221.0
2019S1,41,GO - Sudeste de Goiás,GO,30294.09032946406,48926650.56863858,116.0,5865904.0,2236.0,13820780.0,275.0,13445774.0,9.0,553640.0,5541.0,5214159.0
2019S1,9,,,0.0,0.0,4.0,110583.0,3.0,4818.0,0.0,0.0,0.0,0.0,0.0,0.0
2019S1,99,,,21043.46843637107,28045085.37918161,128.0,3878670.0,739.0,4517718.0,0.0,0.0,10.0,213568.0,10584.0,12788271.0
2019S2,.,,,7725.717595176771,12806707.728393432,0.0,0.0,0.0,0.0,0.0,0.0,0.0,0.0,0.0,0.0
2019S2,00,,,6007.024490027223,8892566.814814689,48.0,3255276.0,497.0,3675911.0,128.0,5777098.0,9.0,240396.0,113.0,391763.0
2019S2,01,RS - Met. Porto Alegre e Caxias do Sul,RS,369319.4431362604,562507729.2045103,2582.0,102052817.0,31093.0,136015964.0,2422.0,98613478.0,64.0,1480728.0,60531.0,42312840.0
2019S2,02,RS - Demais regiões,RS,329259.26982669346,427867752.0621421,740.0,32263533.0,21439.0,140219959.0,2919.0,123240998.0,110.0,3102597.0,46501.0,37631051.0
2019S2,03,SC - Met. Florianópolis e Sul,SC,142033.12449545274,194920690.06147638,263.0,11868400.0,9196.0,58488430.0,1007.0,46375690.0,25.0,1161738.0,32820.0,19540673.0
2019S2,04,SC - Oeste,SC,91466.09870992694,129075859.03357579,67.0,7839308.0,6043.0,47827931.0,820.0,39427875.0,24.0,1122701.0,14230.0,12155339.0
2019S2,05,SC - Blumenau e demais regiões,SC,218885.8512029359,298359015.57288533,696.0,31987428.0,12175.0,84957392.0,1664.0,72804474.0,38.0,1277400.0,36716.0,29952142.0
2019S2,06,PR - F.Iguaþu-Medianeira-Cascavel-Toledo,PR,78624.37860885588,120511328.48076464,198.0,12983180.0,5617.0,39047412.0,802.0,38149222.0,26.0,1255242.0,10280.0,10165936.0
2019S2,07,PR - Met. Curitiba,PR,316235.00196243124,475708231.7093706,1477.0,63951381.0,18765.0,123974459.0,2543.0,114657771.0,69.0,3064520.0,59993.0,38809880.0
2019S2,08,PR - Demais regiões,PR,220944.35807342362,322013334.5147602,674.0,35650260.0,13438.0,95331495.0,1835.0,82201773.0,88.0,3906882.0,41593.0,27949236.0
2019S2,09,SP - Vale do Paraíba e Ribeira,SP,239395.61220298382,327298307.755255,2185.0,67993111.0,11360.0,68467185.0,1672.0,60339112.0,69.0,1708840.0,73715.0,35650191.0
2019S2,10,SP - Litoral Norte e Baixada Santista,SP,68543.07746803481,98867495.9139262,586.0,17782078.0,3464.0,21018004.0,484.0,18400067.0,23.0,411814.0,25934.0,13273253.0
2019S2,11,SP - Met. de São Paulo,SP,1516802.8684401158,2416728594.0001407,18446.0,576183513.0,71939.0,493305418.0,7445.0,293759006.0,393.0,13122721.0,590012.0,224290716.0
2019S2,12,SP - Grande Campinas,SP,291141.1011403953,395491349.2987604,2578.0,84814060.0,18457.0,127535625.0,2144.0,80546411.0,69.0,1929040.0,64291.0,41870698.0
2019S2,13,SP - Ribeirão Preto e Demais Mun. de Campinas,SP,1025991.7402090151,1298440651.002138,4545.0,186082809.0,64720.0,368396675.0,7307.0,300527061.0,330.0,11959510.0,185490.0,112056088.0
2019S2,14,MG - Triângulo mineiro,MG,156416.0065117944,227537179.37819782,632.0,27003220.0,11759.0,73674097.0,1434.0,63043758.0,54.0,2040973.0,25985.0,19712735.0
2019S2,15,MG - Sul,MG,130541.24829554325,169105427.0756276,346.0,14431941.0,7372.0,44483348.0,1108.0,47219913.0,45.0,1770798.0,23017.0,22446192.0
2019S2,16,MG - Met.BH-Centro Oeste-Zona Mata-C. Vertentes,MG,489889.23881576164,703384615.044296,2495.0,91452010.0,26355.0,166326349.0,3566.0,152280998.0,113.0,3778368.0,84941.0,56017508.0
2019S2,17,MG - Vale do Aço-Norte-Vale Jequitinhonha,MG,47462.48625635216,67183620.96385816,109.0,5506281.0,3223.0,20658777.0,492.0,23095670.0,12.0,253869.0,7777.0,5493616.0
2019S2,18,RJ - Met. do Rio de Janeiro,RJ,448969.80840652855,840839940.5182301,6110.0,248100046.0,19483.0,128127659.0,3147.0,123854277.0,182.0,5043435.0,124010.0,82763380.0
2019S2,19,RJ - Interior,RJ,158909.1431849366,245145189.09541774,1136.0,42856485.0,7147.0,48582341.0,1449.0,57903302.0,55.0,1899015.0,38962.0,30634155.0
2019S2,20,ES - Espírito Santo,ES,145622.97393519012,214802273.32364058,637.0,26620369.0,8344.0,59765426.0,1136.0,51850929.0,35.0,940422.0,24817.0,24009951.0
2019S2,21,BA - Bahia,BA,280244.6769866557,450502977.1683538,2712.0,99398210.0,17083.0,114546585.0,2856.0,138490693.0,110.0,4560247.0,87241.0,56661669.0
2019S2,22,SE - Sergipe,SE,56806.98193896329,82106220.75327858,270.0,8675314.0,4364.0,21909422.0,383.0,22137584.0,22.0,831894.0,11066.0,10526939.0
2019S2,23,PE - Pernambuco,PE,218818.65950102312,326241501.8779833,2371.0,84753726.0,12846.0,76696092.0,1553.0,71631470.0,80.0,3189701.0,46265.0,32347241.0
2019S2,24,PB - Paraíba,PB,70933.58153643413,98975018.63711794,303.0,11416438.0,5619.0,33280076.0,497.0,24349721.0,23.0,1224449.0,15519.0,8362188.0
2019S2,25,RN - Rio Grande do Norte,RN,76256.40599109186,116406755.54080617,826.0,27026120.0,4725.0,28585389.0,445.0,22365354.0,22.0,688385.0,15985.0,8678764.0
2019S2,26,AL - Alagoas,AL,49614.234199427076,75898146.6993665,237.0,8676139.0,3642.0,21621936.0,400.0,17632674.0,13.0,462656.0,10973.0,6980795.0
2019S2,27,CE - Ceará,CE,134539.30858427286,207262970.43272758,584.0,20371490.0,9244.0,59385912.0,963.0,47205742.0,36.0,914340.0,24778.0,15943627.0
2019S2,28,PI - Piaui,PI,35259.05104262987,67106275.40804451,163.0,6308113.0,3307.0,25870716.0,359.0,21096632.0,18.0,1117541.0,5714.0,5253162.0
2019S2,29,MA - Maranhão,MA,45806.23984354455,84631791.33495069,145.0,6722387.0,3609.0,27491406.0,391.0,24385534.0,14.0,405329.0,6800.0,6867493.0
2019S2,30,PA - Pará,PA,68249.71317306953,125934854.34524122,420.0,22828082.0,4883.0,36912906.0,569.0,36917702.0,19.0,1475820.0,14093.0,12059405.0
2019S2,31,AM - Amazonas,AM,28387.04303184105,46704683.30042074,82.0,2502225.0,2451.0,15267862.0,184.0,9259630.0,5.0,182339.0,2760.0,3474510.0
2019S2,32,AP - Amapá,AP,3313.835522318725,6113760.6670299955,11.0,399960.0,247.0,2267289.0,34.0,1809449.0,0.0,0.0,305.0,268684.0
2019S2,33,RO - Rondônia,RO,3635.084839142859,5976990.433859289,7.0,310973.0,217.0,1639025.0,5.0,439853.0,0.0,0.0,1100.0,1934134.0
2019S2,34,RR - Roraima,RR,3606.802634884604,7049982.855294036,8.0,346705.0,315.0,2336212.0,32.0,1883448.0,0.0,0.0,378.0,267606.0
2019S2,35,AC - Acre,AC,7736.301174088847,13246220.60840453,60.0,1888443.0,679.0,5175271.0,49.0,2357129.0,4.0,128431.0,758.0,847657.0
2019S2,36,MT - Mato Grosso,MT,113289.48742850358,228472878.44539014,518.0,30372648.0,10630.0,72581110.0,1188.0,72938532.0,55.0,4284000.0,18093.0,17015732.0
2019S2,37,MS - Mato Grosso do Sul,MS,86094.28252532845,149321608.50958836,119.0,7934879.0,8175.0,51806967.0,776.0,45114805.0,35.0,1337034.0,14362.0,10676482.0
2019S2,38,DF - Brasília,DF,182261.13433989324,253233462.61566067,611.0,19502307.0,14774.0,89885528.0,1309.0,56628252.0,34.0,1020091.0,31938.0,21332029.0
2019S2,39,GO - Goiás,GO,216638.21601178264,379969851.51681507,627.0,29367994.0,17634.0,127293276.0,2088.0,109524835.0,83.0,2857412.0,38365.0,30582144.0
2019S2,40,TO - Tocantins,TO,24743.88433563104,48548744.00774564,69.0,6004566.0,2279.0,18365030.0,296.0,17712235.0,16.0,895006.0,3645.0,3409016.0
2019S2,41,GO - Sudeste de Goiás,GO,29326.226584797725,48362773.87083946,78.0,4611518.0,2364.0,15029567.0,290.0,13911535.0,11.0,321594.0,6239.0,5464511.0
2019S2,99,,,23067.024046094626,40886343.412472315,168.0,5569865.0,945.0,5697507.0,0.0,0.0,9.0,234889.0,12760.0,15696278.0
2020S1,00,,,5589.597232901958,8415653.242500486,71.0,2612122.0,772.0,6004889.0,102.0,4719146.0,7.0,169254.0,114.0,649572.0
2020S1,01,RS - Met. Porto Alegre e Caxias do Sul,RS,305025.3210431328,432552243.9915479,1697.0,65736206.0,11350.0,82461406.0,1635.0,63669092.0,45.0,1314562.0,53716.0,37438891.0
2020S1,02,RS - Demais regiões,RS,302679.0804299363,384705144.3639303,583.0,28676087.0,15345.0,107497763.0,2217.0,94165453.0,71.0,2429569.0,44673.0,38283476.0
2020S1,03,SC - Met. Florianópolis e Sul,SC,135882.78262929106,180247740.96280453,223.0,11966100.0,6322.0,42100847.0,697.0,31977877.0,21.0,1723477.0,30008.0,20274496.0
2020S1,04,SC - Oeste,SC,88318.84609247092,118921045.76423477,66.0,6019679.0,4449.0,35953983.0,605.0,30177680.0,22.0,1168637.0,13406.0,12466535.0
2020S1,05,SC - Blumenau e demais regiões,SC,195206.3604620495,256527466.7196483,696.0,34616158.0,8971.0,65946955.0,1267.0,59075791.0,38.0,2450209.0,36043.0,35363429.0
2020S1,06,PR - F.Iguaþu-Medianeira-Cascavel-Toledo,PR,77114.71183403581,113071881.9542368,162.0,10162393.0,4189.0,32754456.0,645.0,31404876.0,21.0,591642.0,9941.0,9641116.0
2020S1,07,PR - Met. Curitiba,PR,296742.46641312586,422643243.0755318,1107.0,43081388.0,12133.0,93240672.0,1668.0,78192505.0,58.0,1580088.0,54019.0,42660864.0
2020S1,08,PR - Demais regiões,PR,207891.92746963864,290958584.901088,628.0,36009622.0,9673.0,76574704.0,1317.0,64301401.0,44.0,1783037.0,41063.0,31540683.0
2020S1,09,SP - Vale do Paraíba e Ribeira,SP,207962.14059707336,275109251.3805758,1401.0,46566683.0,6827.0,43950995.0,971.0,35252104.0,43.0,1060930.0,51668.0,32846605.0
2020S1,10,SP - Litoral Norte e Baixada Santista,SP,64529.87335250062,90408911.0763935,481.0,15433347.0,3251.0,20624008.0,421.0,16591005.0,24.0,660050.0,21860.0,25899460.0
2020S1,11,SP - Met. de São Paulo,SP,1327608.2956859954,2044703874.8962371,11265.0,389361774.0,41205.0,299426519.0,4843.0,185302036.0,237.0,6297536.0,388013.0,287393988.0
2020S1,12,SP - Grande Campinas,SP,247235.4717715159,328732572.77484536,1721.0,62962442.0,10218.0,69293324.0,1411.0,55228401.0,37.0,1392351.0,47533.0,33836691.0
2020S1,13,SP - Ribeirão Preto e Demais Mun. de Campinas,SP,897238.3953604172,1112637676.6241264,3338.0,137935613.0,42946.0,259773248.0,4840.0,200122385.0,270.0,9855209.0,145256.0,105362122.0
2020S1,14,MG - Triângulo mineiro,MG,139433.5854983828,197949463.77557978,437.0,19434247.0,7993.0,53900657.0,994.0,42788583.0,46.0,1711069.0,25058.0,22243427.0
2020S1,15,MG - Sul,MG,100481.34458473185,128609934.98234934,320.0,15417297.0,5362.0,33597552.0,749.0,30041711.0,42.0,900015.0,20414.0,18593081.0
2020S1,16,MG - Met.BH-Centro Oeste-Zona Mata-C. Vertentes,MG,457446.7730524717,622802494.1592058,2160.0,83061561.0,33741.0,128491363.0,2617.0,111997924.0,55.0,2667460.0,77421.0,75886201.0
2020S1,17,MG - Vale do Aço-Norte-Vale Jequitinhonha,MG,38719.66003373545,54512346.172827534,82.0,3836046.0,2183.0,15243951.719999999,373.0,17525962.1,10.0,270138.0,7545.0,7852628.0
2020S1,18,RJ - Met. do Rio de Janeiro,RJ,354979.34857696854,642183539.8294806,3988.0,175740403.0,11243.0,76695637.0,1919.0,78516541.0,96.0,2649281.0,100453.0,67795121.0
2020S1,19,RJ - Interior,RJ,143783.10068414314,215918450.95923686,824.0,31848282.0,5049.0,34645692.370000005,1074.0,43238849.0,45.0,1781223.0,33767.0,27521556.0
2020S1,20,ES - Espírito Santo,ES,127731.69505513739,181189982.6423022,651.0,29108472.459999997,5925.0,43815185.93000001,841.0,38264678.1,33.0,1165247.47,21830.0,32594059.93
2020S1,21,BA - Bahia,BA,247041.37941081403,381156159.8619665,2280.0,84901783.0,11211.0,80181152.0,2164.0,105440321.0,76.0,3518631.0,74167.0,55527822.0
2020S1,22,SE - Sergipe,SE,46648.410634505104,65217737.73365592,182.0,7732399.0,2973.0,16641489.0,324.0,18969639.0,18.0,713858.0,9076.0,11698421.0
2020S1,23,PE - Pernambuco,PE,189440.2618435803,274406002.9778002,1836.0,69518035.0,8035.0,52363950.0,1217.0,52608683.0,61.0,2377090.0,36793.0,28059531.0
2020S1,24,PB - Paraíba,PB,64543.35309445718,87899930.96339893,258.0,9035356.0,3671.0,23403453.0,439.0,22015033.0,17.0,843328.0,13134.0,8614573.0
2020S1,25,RN - Rio Grande do Norte,RN,65499.75020281598,97819647.4854874,743.0,24541984.0,3143.0,19789891.0,344.0,18523712.0,23.0,458755.0,13235.0,12647430.0
2020S1,26,AL - Alagoas,AL,43872.31480011856,64752506.94095601,210.0,7390939.0,2657.0,16889905.0,350.0,17068049.0,13.0,520406.0,9644.0,8053380.0
2020S1,27,CE - Ceará,CE,112079.52539247833,167127741.50623524,643.0,22265390.0,5615.0,38203980.0,709.0,34521392.0,26.0,1069907.0,20943.0,18828517.0
2020S1,28,PI - Piaui,PI,30061.1587099554,55335966.08590493,121.0,3544586.0,1954.0,16297789.0,229.0,13350807.0,13.0,447550.0,4697.0,8532343.0
2020S1,29,MA - Maranhão,MA,36612.580633594655,66890356.68908359,159.0,7321945.0,2501.0,20940524.0,325.0,19690093.0,18.0,896353.0,6155.0,9989303.0
2020S1,30,PA - Pará,PA,58624.19693811005,107428726.20945252,274.0,14688824.0,3422.0,30803460.0,423.0,25786986.0,30.0,1182516.0,12698.0,17199741.0
2020S1,31,AM - Amazonas,AM,22487.25193119003,36059979.62340512,60.0,1823364.0,1483.0,11129458.0,137.0,6845765.0,7.0,245547.0,2486.0,3624903.0
2020S1,32,AP - Amapá,AP,2638.298615694978,4887305.989462242,3.0,215721.0,144.0,1150788.0,18.0,856066.0,2.0,88166.0,278.0,158921.0
2020S1,33,RO - Rondônia,RO,3845.701350628399,6206071.572717787,18.0,832099.0,352.0,3171779.0,21.0,883064.0,1.0,69365.0,1318.0,2660164.0
2020S1,34,RR - Roraima,RR,2850.4602595861074,5518838.790650774,4.0,195645.0,182.0,1975206.0,23.0,1552631.0,0.0,0.0,303.0,353303.0
2020S1,35,AC - Acre,AC,6159.172580974642,10669993.04954026,21.0,668966.0,425.0,3623063.0,37.0,3341269.0,0.0,0.0,729.0,1102626.0
2020S1,36,MT - Mato Grosso,MT,102260.88720744196,197571884.74398932,426.0,27806721.0,8006.0,62797371.0,926.0,59640554.0,42.0,2750818.0,18344.0,21322102.0
2020S1,37,MS - Mato Grosso do Sul,MS,75410.79407704249,127829876.28393638,96.0,7596937.0,5576.0,38474123.0,576.0,30033860.0,23.0,1033198.0,13505.0,11682027.0
2020S1,38,DF - Brasília,DF,146598.35526796477,199991180.72837383,513.0,15700481.0,8574.0,57453731.0,949.0,42498453.0,19.0,691713.0,25907.0,20470429.0
2020S1,39,GO - Goiás,GO,183748.1714606993,307217809.5654315,388.0,18287420.0,11572.0,93753880.0,1457.0,80151842.0,49.0,1884521.0,31668.0,30942108.0
2020S1,40,TO - Tocantins,TO,20415.523200730793,39030077.060137704,60.0,4654336.0,1652.0,14147813.0,236.0,14808722.0,17.0,932913.0,3870.0,3967590.0
2020S1,41,GO - Sudeste de Goiás,GO,25162.39439367084,40100622.26721376,72.0,3411985.0,1923.0,14427164.0,233.0,13178892.0,12.0,430254.0,5920.0,5202834.0
2020S1,99,,,26659.991643495858,42019460.97102783,162.0,6250238.0,806.0,5834886.0,0.0,0.0,12.0,333873.0,12609.0,16567642.0
2020S2,.,,,0.0,0.0,4.0,109653.0,0.0,0.0,0.0,0.0,0.0,0.0,637.0,4498585.0
2020S2,00,,,3165.572528403718,4390415.346539558,39.0,1473685.0,681.0,5308097.0,106.0,7223452.0,2.0,31390.0,92.0,591549.0
2020S2,01,RS - Met. Porto Alegre e Caxias do Sul,RS,278182.3097537914,381677138.10188985,5929.0,55486456.0,14277.0,103923003.0,1752.0,64973310.0,56.0,1589452.0,69341.0,47220521.0
2020S2,02,RS - Demais regiões,RS,315321.04319884116,399879995.19542456,7397.0,44320296.0,19122.0,144063518.0,2400.0,102951048.0,54.0,2803808.0,59032.0,47442956.0
2020S2,03,SC - Met. Florianópolis e Sul,SC,140107.93022273434,181397936.09897524,3125.0,17071621.0,7598.0,60094949.0,697.0,34400285.0,18.0,956898.0,38248.0,24128257.0
2020S2,04,SC - Oeste,SC,92185.90164327901,125437370.158601,1820.0,11197007.0,5845.0,50445992.0,623.0,31465268.0,18.0,685041.0,14874.0,13325399.0
2020S2,05,SC - Blumenau e demais regiões,SC,212123.8653062149,278499571.37999785,6807.0,38187525.0,11754.0,97691809.0,1380.0,61217146.0,33.0,1403857.0,40868.0,44615518.0
2020S2,06,PR - F.Iguaþu-Medianeira-Cascavel-Toledo,PR,82095.37309191795,123322713.76059833,1505.0,15288555.0,5424.0,42665832.0,625.0,30379067.0,33.0,706042.0,12952.0,12645825.0
2020S2,07,PR - Met. Curitiba,PR,342341.57707688306,480341067.5654439,6571.0,60901788.0,25044.0,127853422.0,1834.0,87979457.0,37.0,1556214.0,72452.0,54348988.0
2020S2,08,PR - Demais regiões,PR,233931.9086045907,331147608.7287669,4777.0,38894219.0,12573.0,102714620.0,1439.0,68302394.0,54.0,2509758.0,51447.0,42585848.0
2020S2,09,SP - Vale do Paraíba e Ribeira,SP,189339.09882264538,251092766.44341314,7663.0,53468294.0,9441.0,64972332.0,1166.0,40636607.0,49.0,1218164.0,85717.0,41296123.0
2020S2,10,SP - Litoral Norte e Baixada Santista,SP,54713.05601156689,77467285.14318582,2123.0,16083111.0,3999.0,27152358.0,421.0,16691312.0,27.0,782979.0,56276.0,22006790.0
2020S2,11,SP - Met. de São Paulo,SP,979071.4715177966,1406417180.2698848,46981.0,456044102.0,55531.0,432610947.0,5889.0,226601064.0,310.0,10153532.0,807270.0,317186183.0
2020S2,12,SP - Grande Campinas,SP,223394.44315811712,291959630.83414024,9641.0,67084055.0,12749.0,88091819.0,1482.0,53797234.0,53.0,1770568.0,88564.0,57524927.0
2020S2,13,SP - Ribeirão Preto e Demais Mun. de Campinas,SP,839790.2728334633,1073289415.6925248,20497.0,169752294.0,56339.0,371496847.0,5658.0,237391028.0,297.0,13960134.0,261807.0,178415475.0
2020S2,14,MG - Triângulo mineiro,MG,150406.49456563825,219973381.8963576,7909.0,34189782.0,10430.0,76570751.0,1024.0,45287289.0,50.0,2613635.0,24928.0,28904213.0
2020S2,15,MG - Sul,MG,127678.71985968202,164807278.67308623,3985.0,21849334.0,7971.0,54156344.0,965.0,40244737.0,52.0,1953594.0,32416.0,24635449.0
2020S2,16,MG - Met.BH-Centro Oeste-Zona Mata-C. Vertentes,MG,509231.24806250725,703800769.434712,18230.0,110227665.0,45406.0,188041375.0,2879.0,118805485.0,113.0,3559813.0,94006.0,75111155.0
2020S2,17,MG - Vale do Aço-Norte-Vale Jequitinhonha,MG,50131.40961729875,68625024.57495962,1844.0,7809677.0,3238.0,22309299.0,416.0,17602867.0,17.0,714914.0,8674.0,8474164.0
2020S2,18,RJ - Met. do Rio de Janeiro,RJ,322248.5364532862,572233987.4998677,40385.0,226932709.0,15594.0,125140214.0,1845.0,78454386.0,106.0,2622289.0,109092.0,65954899.0
2020S2,19,RJ - Interior,RJ,139001.67028340604,210008675.00340676,10784.0,49296598.0,6623.0,51451500.0,934.0,38762525.0,35.0,1280839.0,35285.0,29123286.0
2020S2,20,ES - Espírito Santo,ES,141889.8891732418,201443383.9875223,5678.0,38708071.0,6839.0,56603059.0,717.0,32026798.0,21.0,942717.0,31273.0,26970496.0
2020S2,21,BA - Bahia,BA,281026.63355696434,437591601.4886968,11570.0,83039328.0,15284.0,113950598.0,2264.0,116150940.0,82.0,3910608.0,97487.0,60029643.0
2020S2,22,SE - Sergipe,SE,49654.71368839266,71263842.20614819,968.0,7944018.0,3841.0,22437873.0,364.0,19711803.0,21.0,849087.0,13188.0,11820542.0
2020S2,23,PE - Pernambuco,PE,205240.2931393264,306787750.21293694,11383.0,76261334.0,11141.0,77765071.0,1108.0,51652881.0,52.0,2140192.0,49185.0,31234906.0
2020S2,24,PB - Paraíba,PB,61824.76001925487,87010068.6465442,3565.0,17431370.0,4827.0,34153993.0,422.0,20887793.0,13.0,547711.0,16174.0,9298191.0
2020S2,25,RN - Rio Grande do Norte,RN,58960.49422355415,89588424.60561052,2695.0,22208156.0,3957.0,25645756.0,318.0,18033870.0,18.0,1042424.0,20906.0,11957755.0
2020S2,26,AL - Alagoas,AL,42008.94953578245,63281652.687107496,1934.0,9316344.0,3285.0,22114942.0,324.0,17096618.0,19.0,742683.0,12629.0,8850472.0
2020S2,27,CE - Ceará,CE,109264.52588458639,166174975.8165878,5627.0,30386487.0,8015.0,58306227.0,658.0,35232076.0,26.0,831033.0,27736.0,21538718.0
2020S2,28,PI - Piaui,PI,28872.319765605964,56198232.45885535,1222.0,6171770.0,2642.0,23619491.0,271.0,17962239.0,7.0,363103.0,7326.0,8941899.0
2020S2,29,MA - Maranhão,MA,40162.5551336608,78065878.63499725,2928.0,15201871.0,3532.0,29891529.0,315.0,20954001.0,11.0,898460.0,7740.0,9133127.0
2020S2,30,PA - Pará,PA,67301.05032277992,131154697.57948187,2430.0,21319087.0,5096.0,44464743.0,492.0,32641048.0,16.0,1039264.0,17189.0,18778604.0
2020S2,31,AM - Amazonas,AM,27716.018452785444,44990102.874881074,819.0,4181682.0,2314.0,17432886.0,193.0,10886265.0,7.0,360253.0,4543.0,3970096.0
2020S2,32,AP - Amapá,AP,3156.7834768742327,6272403.969426476,71.0,557428.0,253.0,2022104.0,26.0,2102588.0,0.0,0.0,527.0,651704.0
2020S2,33,RO - Rondônia,RO,4219.432769643609,6740470.8101962805,14.0,690736.0,473.0,3726266.0,27.0,1791655.0,2.0,59326.0,2610.0,3874114.0
2020S2,34,RR - Roraima,RR,3457.309493779671,6735628.310041385,165.0,1769787.0,271.0,2515012.0,22.0,1100406.0,1.0,88976.0,363.0,424139.0
2020S2,35,AC - Acre,AC,6869.503934550565,12985945.323223673,489.0,4594001.0,653.0,5410911.0,37.0,2136679.0,0.0,0.0,757.0,1163853.0
2020S2,36,MT - Mato Grosso,MT,104902.86033637868,217957681.48632342,5096.0,43261431.0,9826.0,87160255.0,893.0,63172518.0,57.0,3733727.0,21106.0,27781547.0
2020S2,37,MS - Mato Grosso do Sul,MS,80049.23077010224,138671169.93142346,2109.0,12529498.0,6867.0,54506211.0,560.0,33706783.0,35.0,2496599.0,20113.0,17137287.0
2020S2,38,DF - Brasília,DF,180348.627682311,234574981.47720772,4998.0,21614087.0,10687.0,75569976.0,965.0,45793725.0,34.0,1243256.0,45135.0,26737880.0
2020S2,39,GO - Goiás,GO,186691.8801043057,320207284.26718664,6593.0,34851675.0,15705.0,128716237.0,1746.0,94056814.0,87.0,4049042.0,44783.0,43168647.0
2020S2,40,TO - Tocantins,TO,25942.402130411007,52398329.522068575,1327.0,6703728.0,2163.0,20317335.0,302.0,22010750.0,22.0,1380956.0,4881.0,6526365.0
2020S2,41,GO - Sudeste de Goiás,GO,27412.28970397124,44963006.69291455,1082.0,6687456.0,2735.0,20386193.0,288.0,13672734.0,27.0,1142233.0,7729.0,7114866.0
2020S2,99,,,32060.015658124354,49121060.59044647,129.0,5101391.0,1245.0,8598801.0,1.0,13500.0,8.0,168321.0,15283.0,17354268.0
