empresa_nome_fantasia,empresa_id_candidato,confianca
SulAmérica Seguros de Pessoas e Previdência,,
Too Seguros (antiga PAN Seguros),,
Luizaseg,,
SulAmérica Auto,,
BB Seguro Auto,,
Bradesco Capitalização,,ambiguo
Brasilprev Seguros e Previdência,,
Prudential do Brasil,,
Brasilcap,,
BB Seguros,,
Garantec,,
Corretora de Seguros Carrefour,,
Metlife Seguros e Previdência Privada,,
HS Seguros,,
Seguros Atual,,
XP Investimentos,,
Clear Corretora,,
Liberty Seguros,,
"SulAmérica Auto, Residencial, Empresarial e Condomínio",,
Rico Investimentos,,
Ágora Investimentos,,
Aplicap Capitalização,,
Santander Capitalização,,ambiguo
GBOEX,,
American Life Seguros,,
Equatorial Previdência,,
APLUB (DESATIVADA),,
Viver Previdência,,
XP Vida e Previdência,,
Aspecir Previdência,,
APLUB Capitalização,,
Zurich Santander Vida e Previdência,,ambiguo
Argo Seguros,,
Aliança do Brasil (BB Seguros),,ambiguo
Evidence Previdência,,
MBM Previdência Complementar,,
Liderança Capitalização (Tele Sena),,
Célebre ,,
MG Seguros,,
Investprev Seguros e Previdência,,
Sociedade Caxiense de Mútuo Socorro,,
Equatorial Seguradora,,
Berkley Brasil Seguros ,,
SulAmérica Capitalização,,
Sicoob Seguradora,,
Sudaseg Seguradora,,
AXA Corporate Solutions Seguros,,
Ciclic,,
Facta Seguradora,,
COBUCCIO SEGUROS,,
XS2 Vida e Previdência (DESATIVADA) (Atual Caixa Vida e Previdência),,
Futuro Previdência Privada,,
Hoje Previdência Privada,,
Você Seguradora,,
SudaVida (antiga Sudamerica Vida),,
Alba Seguradora (antiga Aliança da Bahia),,
XS4 Capitalização,,
180 Seguros,,
Metlife Administradora de Fundos Multipatrocinados (MultiPrev),,
Mon Seguros,,
Sinosserra Seguros,,
BS2 Seguros (ANTIGA PREVIMAX PREVIDÊNCIA PRIVADA E SEGURADORA),,
Zema Seguros,,
Dasseg Seguros,,
EQ Seguros (antiga Equatorial Seguradora),,
CNP Capitalização (Antiga Caixa Capitalização),,
Simple2u,,
88i Seguradora Digital,,
Seguros Honda,,
Tribanco Seguros,,
Ailos Corretora de Seguros,,
ALM Seguradora,,
Invest Seguradora,,
Atradius Crédito y Caución,,
Prudential do Brasil Vida em Grupo,,
Pecúlio União Previdência Privada,,
XS2 Vida e Previdência,,
Zurich Capitalização,,ambiguo
Newe Seguros,,
Zurich Santander Seguro Auto,,ambiguo
AUX,,
Previmax Previdência Privada e Seguradora,,
Recíproca Assistência,,
Vanguardacap Capitalização,,
"SulAmérica Auto, Residencial, Empresarial e Condomínio (DESATIVADA ? Atual Allianz Seguros)",,
UPOFA - União Previdencial,,
Via Capitalização (antiga APLUB Capitalização),,
Crefisa Seguros,,
Rio's Capitalização (Antiga SulAmérica Capitalização),,
Comproseguros,,
Avla Seguros,,
Pater Seguros,,
Prudential do Brasil (DESATIVADA),,
HDI Seguros (e Sompo Consumer),,
MAG CAPITALIZAÇÃO,,
AXA Corporate Solutions Seguros (DESATIVADA),,
Sky Seguradora,,
QBE Brasil Seguros,,
QBE Brasil Seguros (DESATIVADA  atual  Zurich Minas Brasil Seguros),,
Pan Seguros,,
Verbin,,
Iza Seguros,,
LTI Seguros,,
Arcesp Seguros,,
Vinci Vida e Previdência,,
Reag Seguradora,,
Ciasprev,,
OON Seguradora,,
Novo Seguros,,
Neo seguradora,,
Efeito Seguradora,,
KAKAU SEGURADORA ,,
Presença Tech,,
Garantec (DESATIVADA - Atual Itaú Seguros),,
Zenpla Seguros,,
Clubfix,,
HS Corretora de Seguros ,,
Emotion Seguros,,
Now. Seguros,,
