fonte,url,data_hora_coleta_utc,arquivo_local,sha256,observacao
SUSEP_SES,https://www2.susep.gov.br/redarq.asp?arq=BaseCompleta.zip,2026-09-22T01:33:51Z,RAW/BaseCompleta.zip,41a6c8c823d4bb1df0a7911f6b7443b05d3d707b41962e48aab8e5c65e7dea87,Base completa SES conforme pagina oficial; nao usar dashboard
IBGE_SIDRA_populacao,https://apisidra.ibge.gov.br/values/t/6579/n3/all/v/9324/p/all?formato=json,2026-09-22T01:37:55Z,RAW/ibge/populacao.json,057b65a652143d41892630ad5b819857100eb88e8be8f871d1b00210a9b6160e,111914 bytes
IBGE_SIDRA_desocupacao,https://apisidra.ibge.gov.br/values/t/4099/n3/all/v/4099/p/all?formato=json,2026-09-22T01:37:58Z,RAW/ibge/desocupacao.json,defe71f1804962aa9f87ac171298a7aa7e805ce3d73f750ac26abea4bf107a2c,393738 bytes
IBGE_SIDRA_ipca_indice,https://apisidra.ibge.gov.br/values/t/1737/n1/all/v/2266/p/all?formato=json,2026-09-22T01:38:02Z,RAW/ibge/ipca_indice.json,b71f6f44259a6312fe9f3c07d58e8c33802b29e45fc3e290c498af54fbd1cab8,122326 bytes
IBGE_SIDRA_renda_percapita,https://apisidra.ibge.gov.br/values/t/7532/n3/all/v/10824/p/all/c1042/49283?formato=json,2026-09-22T01:39:35Z,RAW/ibge/renda_percapita.json,b865088350b94c1e53fa31f7a2d31fed20e5139705fcd959da4bb17d65add578,"98182 bytes,valor final apos correcao (categoria Total=49283 da classificacao 1042)"
ConsumidorGov_dadosgovbr---2014.csv,https://dados.mj.gov.br/dataset/0182f1bf-e73d-42b1-ae8c-fa94d9ce9451/resource/d3a05111-b9f0-46ef-a2db-265ec4a5dfc3/download/dadosgovbr---2014.csv,2026-09-22T01:57:51Z,RAW/consumidor_gov/dadosgovbr---2014.csv,680bf89352e3292389f89c6d9e3e54850ccd36722e2a0cfe187ec07625b7832e,FALLBACK Internet Archive (fonte primaria dados.mj.gov.br indisponivel - DNS); snapshot=20240628042327; archived_url=http://web.archive.org/web/20240628042327id_/https://dados.mj.gov.br/dataset/0182f1bf-e73d-42b1-ae8c-fa94d9ce9451/resource/d3a05111-b9f0-46ef-a2db-265ec4a5dfc3/download/dadosgovbr---2014.csv
ConsumidorGov_dadosgovbr---2015.csv,https://dados.mj.gov.br/dataset/0182f1bf-e73d-42b1-ae8c-fa94d9ce9451/resource/63c41c72-d772-4f4f-b0d9-221fb76b5c02/download/dadosgovbr---2015.csv,2026-09-22T01:58:04Z,RAW/consumidor_gov/dadosgovbr---2015.csv,fa5568672d77771becd934feeb7d25be680c7aad0891b9ede9e56b9d8172d539,FALLBACK Internet Archive (fonte primaria dados.mj.gov.br indisponivel - DNS); snapshot=20220626014739; archived_url=http://web.archive.org/web/20220626014739id_/https://dados.mj.gov.br/dataset/0182f1bf-e73d-42b1-ae8c-fa94d9ce9451/resource/63c41c72-d772-4f4f-b0d9-221fb76b5c02/download/dadosgovbr---2015.csv
ConsumidorGov_dadosgovbr---2016.csv,https://dados.mj.gov.br/dataset/0182f1bf-e73d-42b1-ae8c-fa94d9ce9451/resource/fcf4ae0f-9d5b-4a78-a875-099c3baf1210/download/dadosgovbr---2016.csv,2026-09-22T01:58:24Z,RAW/consumidor_gov/dadosgovbr---2016.csv,21bf8207dc0919d970cbbef29a9aeaece3060d3381cb384fa312a3687bc54c7a,FALLBACK Internet Archive (fonte primaria dados.mj.gov.br indisponivel - DNS); snapshot=20240628190508; archived_url=http://web.archive.org/web/20240628190508id_/https://dados.mj.gov.br/dataset/0182f1bf-e73d-42b1-ae8c-fa94d9ce9451/resource/fcf4ae0f-9d5b-4a78-a875-099c3baf1210/download/dadosgovbr---2016.csv
ConsumidorGov_dadosgovbr---2017.csv,https://dados.mj.gov.br/dataset/0182f1bf-e73d-42b1-ae8c-fa94d9ce9451/resource/1d0e048b-6a14-47e0-8145-3dace76185ed/download/dadosgovbr---2017.csv,2026-09-22T01:59:02Z,RAW/consumidor_gov/dadosgovbr---2017.csv,6e7ab6d8648f43641fd00907852f5c3398a0433c8d203b583189aec9bc8bf6e6,FALLBACK Internet Archive (fonte primaria dados.mj.gov.br indisponivel - DNS); snapshot=20240628163235; archived_url=http://web.archive.org/web/20240628163235id_/https://dados.mj.gov.br/dataset/0182f1bf-e73d-42b1-ae8c-fa94d9ce9451/resource/1d0e048b-6a14-47e0-8145-3dace76185ed/download/dadosgovbr---2017.csv
ConsumidorGov_dadosgovbr---20181osemestre.csv,https://dados.mj.gov.br/dataset/0182f1bf-e73d-42b1-ae8c-fa94d9ce9451/resource/3d669e94-db13-4d04-89d9-7db87ed22076/download/dadosgovbr---20181osemestre.csv,2026-09-22T01:59:23Z,RAW/consumidor_gov/dadosgovbr---20181osemestre.csv,9aaa03d6ccb2aa5bd9d3c6737bcaa6d4a190f8b204b1260696eff0e1c32f2b21,FALLBACK Internet Archive (fonte primaria dados.mj.gov.br indisponivel - DNS); snapshot=20240628042422; archived_url=http://web.archive.org/web/20240628042422id_/https://dados.mj.gov.br/dataset/0182f1bf-e73d-42b1-ae8c-fa94d9ce9451/resource/3d669e94-db13-4d04-89d9-7db87ed22076/download/dadosgovbr---20181osemestre.csv
ConsumidorGov_2019-1-semestre.csv,https://dados.mj.gov.br/dataset/0182f1bf-e73d-42b1-ae8c-fa94d9ce9451/resource/f378cd96-ad84-4da3-97b0-668714711faa/download/2019-1-semestre.csv,2026-09-22T01:59:46Z,RAW/consumidor_gov/2019-1-semestre.csv,64b4b0fc8d27e199b963d2b6485ddddcd840f21f64fca053c8cdbd0ef14724d9,FALLBACK Internet Archive (fonte primaria dados.mj.gov.br indisponivel - DNS); snapshot=20240628054058; archived_url=http://web.archive.org/web/20240628054058id_/https://dados.mj.gov.br/dataset/0182f1bf-e73d-42b1-ae8c-fa94d9ce9451/resource/f378cd96-ad84-4da3-97b0-668714711faa/download/2019-1-semestre.csv
ConsumidorGov_2019--2-semestre.csv,https://dados.mj.gov.br/dataset/0182f1bf-e73d-42b1-ae8c-fa94d9ce9451/resource/82eeda37-0264-48c1-9711-0752abf7df5b/download/2019--2-semestre.csv,2026-09-22T02:00:14Z,RAW/consumidor_gov/2019--2-semestre.csv,882a421f7157f352a77af34c456dab146998a3d6755416ccba150de971ecb71d,FALLBACK Internet Archive (fonte primaria dados.mj.gov.br indisponivel - DNS); snapshot=20240628141618; archived_url=http://web.archive.org/web/20240628141618id_/https://dados.mj.gov.br/dataset/0182f1bf-e73d-42b1-ae8c-fa94d9ce9451/resource/82eeda37-0264-48c1-9711-0752abf7df5b/download/2019--2-semestre.csv
ConsumidorGov_finalizada2020-01.csv,https://dados.mj.gov.br/dataset/0182f1bf-e73d-42b1-ae8c-fa94d9ce9451/resource/ee99034f-6523-4ea5-9313-58139e2b122c/download/finalizada2020-01.csv,2026-09-22T02:00:27Z,RAW/consumidor_gov/finalizada2020-01.csv,d2d7c95400908402cbf34f30a0c5ae8c72570914e209507bf30bb72a6ddfafa5,FALLBACK Internet Archive (fonte primaria dados.mj.gov.br indisponivel - DNS); snapshot=20220626025936; archived_url=http://web.archive.org/web/20220626025936id_/https://dados.mj.gov.br/dataset/0182f1bf-e73d-42b1-ae8c-fa94d9ce9451/resource/ee99034f-6523-4ea5-9313-58139e2b122c/download/finalizada2020-01.csv
ConsumidorGov_finalizada2020-02.csv,https://dados.mj.gov.br/dataset/0182f1bf-e73d-42b1-ae8c-fa94d9ce9451/resource/881f2f50-c48a-4dae-a47a-1c7d4e532b87/download/finalizada2020-02.csv,2026-09-22T02:00:35Z,RAW/consumidor_gov/finalizada2020-02.csv,4b015805a086667cdca49dbb57f978bf9eaf8621c4feca32a4a89dd11a657ff3,FALLBACK Internet Archive (fonte primaria dados.mj.gov.br indisponivel - DNS); snapshot=20220626030137; archived_url=http://web.archive.org/web/20220626030137id_/https://dados.mj.gov.br/dataset/0182f1bf-e73d-42b1-ae8c-fa94d9ce9451/resource/881f2f50-c48a-4dae-a47a-1c7d4e532b87/download/finalizada2020-02.csv
ConsumidorGov_finalizada2020-03.csv,https://dados.mj.gov.br/dataset/0182f1bf-e73d-42b1-ae8c-fa94d9ce9451/resource/d1f8319e-c970-4414-a889-23eccb8a5c43/download/finalizada2020-03.csv,2026-09-22T02:01:18Z,RAW/consumidor_gov/finalizada2020-03.csv,9fedb003539818ea0faa9e8216b217f9ba66aeaa482c20cb95e76b51e3ff0087,FALLBACK Internet Archive (fonte primaria dados.mj.gov.br indisponivel - DNS); snapshot=20240628115616; archived_url=http://web.archive.org/web/20240628115616id_/https://dados.mj.gov.br/dataset/0182f1bf-e73d-42b1-ae8c-fa94d9ce9451/resource/d1f8319e-c970-4414-a889-23eccb8a5c43/download/finalizada2020-03.csv
ConsumidorGov_finalizada2020-04.csv,https://dados.mj.gov.br/dataset/0182f1bf-e73d-42b1-ae8c-fa94d9ce9451/resource/84757504-952c-4b7b-ac28-7a9a0fd86325/download/finalizada2020-04.csv,2026-09-22T02:01:28Z,RAW/consumidor_gov/finalizada2020-04.csv,2afbc3f3c3c1bdfd69ba849cef7cc3d40be2babac3b4059c3e945cb9c405e47f,FALLBACK Internet Archive (fonte primaria dados.mj.gov.br indisponivel - DNS); snapshot=20240628192616; archived_url=http://web.archive.org/web/20240628192616id_/https://dados.mj.gov.br/dataset/0182f1bf-e73d-42b1-ae8c-fa94d9ce9451/resource/84757504-952c-4b7b-ac28-7a9a0fd86325/download/finalizada2020-04.csv
ConsumidorGov_finalizada2020-05.csv,https://dados.mj.gov.br/dataset/0182f1bf-e73d-42b1-ae8c-fa94d9ce9451/resource/e581afaa-30f1-458f-b6e5-80a88372c10f/download/finalizada2020-05.csv,2026-09-22T02:01:38Z,RAW/consumidor_gov/finalizada2020-05.csv,48f01b3ab450b38a353ea543cd8d4ece5a1e79019b0a3d7d6e90c15fe0050195,FALLBACK Internet Archive (fonte primaria dados.mj.gov.br indisponivel - DNS); snapshot=20240628092756; archived_url=http://web.archive.org/web/20240628092756id_/https://dados.mj.gov.br/dataset/0182f1bf-e73d-42b1-ae8c-fa94d9ce9451/resource/e581afaa-30f1-458f-b6e5-80a88372c10f/download/finalizada2020-05.csv
ConsumidorGov_finalizada2020-06.csv,https://dados.mj.gov.br/dataset/0182f1bf-e73d-42b1-ae8c-fa94d9ce9451/resource/e1dd8048-d9fa-4b01-9d83-cedc3117b880/download/finalizada2020-06.csv,2026-09-22T02:01:52Z,RAW/consumidor_gov/finalizada2020-06.csv,6046e1ee74f8eacdb070963f2c7a02ac4f0243043b99fce889a9f5d42fe5e8b5,FALLBACK Internet Archive (fonte primaria dados.mj.gov.br indisponivel - DNS); snapshot=20240628042206; archived_url=http://web.archive.org/web/20240628042206id_/https://dados.mj.gov.br/dataset/0182f1bf-e73d-42b1-ae8c-fa94d9ce9451/resource/e1dd8048-d9fa-4b01-9d83-cedc3117b880/download/finalizada2020-06.csv
ConsumidorGov_finalizada2020-07.csv,https://dados.mj.gov.br/dataset/0182f1bf-e73d-42b1-ae8c-fa94d9ce9451/resource/be429185-b3b8-4ad3-ab36-1bcc98d37072/download/finalizada2020-07.csv,2026-09-22T02:02:04Z,RAW/consumidor_gov/finalizada2020-07.csv,95a93dabfd083ec3fde72de49f63ce1295cf4230968028600649b16cfa39194a,FALLBACK Internet Archive (fonte primaria dados.mj.gov.br indisponivel - DNS); snapshot=20220626031303; archived_url=http://web.archive.org/web/20220626031303id_/https://dados.mj.gov.br/dataset/0182f1bf-e73d-42b1-ae8c-fa94d9ce9451/resource/be429185-b3b8-4ad3-ab36-1bcc98d37072/download/finalizada2020-07.csv
ConsumidorGov_amplo2020-08.csv,https://dados.mj.gov.br/dataset/0182f1bf-e73d-42b1-ae8c-fa94d9ce9451/resource/db5c0200-8ee6-4678-9f88-47cb90af7e1a/download/amplo2020-08.csv,2026-09-22T02:02:15Z,RAW/consumidor_gov/amplo2020-08.csv,a922b8d12bc4720ec62d2a440c9fa0c3dc9c2a53daf04b13a8faa8306ca72289,FALLBACK Internet Archive (fonte primaria dados.mj.gov.br indisponivel - DNS); snapshot=20240628113251; archived_url=http://web.archive.org/web/20240628113251id_/https://dados.mj.gov.br/dataset/0182f1bf-e73d-42b1-ae8c-fa94d9ce9451/resource/db5c0200-8ee6-4678-9f88-47cb90af7e1a/download/amplo2020-08.csv
ConsumidorGov_amplo2020-10.csv,https://dados.mj.gov.br/dataset/0182f1bf-e73d-42b1-ae8c-fa94d9ce9451/resource/8b5ca16d-a6dc-4f29-90f4-1d1a57d8716a/download/amplo2020-10.csv,2026-09-22T02:02:30Z,RAW/consumidor_gov/amplo2020-10.csv,2c1af3a2e866ee734185a9d637a31e2665a84da54628976b1698ea800cea6015,FALLBACK Internet Archive (fonte primaria dados.mj.gov.br indisponivel - DNS); snapshot=20240628171410; archived_url=http://web.archive.org/web/20240628171410id_/https://dados.mj.gov.br/dataset/0182f1bf-e73d-42b1-ae8c-fa94d9ce9451/resource/8b5ca16d-a6dc-4f29-90f4-1d1a57d8716a/download/amplo2020-10.csv
ConsumidorGov_amplo2020-11.csv,https://dados.mj.gov.br/dataset/0182f1bf-e73d-42b1-ae8c-fa94d9ce9451/resource/5a50f224-45c4-4ea2-9d01-ed9ed97cddfb/download/amplo2020-11.csv,2026-09-22T02:02:41Z,RAW/consumidor_gov/amplo2020-11.csv,4bbc0d0cca2d49542c8d605191127c227674de86b6e78da90ae94a57411b5453,FALLBACK Internet Archive (fonte primaria dados.mj.gov.br indisponivel - DNS); snapshot=20240628193739; archived_url=http://web.archive.org/web/20240628193739id_/https://dados.mj.gov.br/dataset/0182f1bf-e73d-42b1-ae8c-fa94d9ce9451/resource/5a50f224-45c4-4ea2-9d01-ed9ed97cddfb/download/amplo2020-11.csv
ConsumidorGov_amplo2020-12.csv,https://dados.mj.gov.br/dataset/0182f1bf-e73d-42b1-ae8c-fa94d9ce9451/resource/5645026c-0923-4fe2-bfeb-d787f9b693af/download/amplo2020-12.csv,2026-09-22T02:02:51Z,RAW/consumidor_gov/amplo2020-12.csv,21ec1bf79c86eba1aefe1604c9a9855f7657be3694c15b0df4b213903e555ed8,FALLBACK Internet Archive (fonte primaria dados.mj.gov.br indisponivel - DNS); snapshot=20240628135006; archived_url=http://web.archive.org/web/20240628135006id_/https://dados.mj.gov.br/dataset/0182f1bf-e73d-42b1-ae8c-fa94d9ce9451/resource/5645026c-0923-4fe2-bfeb-d787f9b693af/download/amplo2020-12.csv
ConsumidorGov_amplo2021-01.csv,https://dados.mj.gov.br/dataset/0182f1bf-e73d-42b1-ae8c-fa94d9ce9451/resource/cd9efe41-650e-4326-8131-9d34956c8619/download/amplo2021-01.csv,2026-09-22T02:03:02Z,RAW/consumidor_gov/amplo2021-01.csv,48176f1949e3d83476520c450bd387f987ddf93f914ecfbc6f30826a0e8c484e,FALLBACK Internet Archive (fonte primaria dados.mj.gov.br indisponivel - DNS); snapshot=20240628042151; archived_url=http://web.archive.org/web/20240628042151id_/https://dados.mj.gov.br/dataset/0182f1bf-e73d-42b1-ae8c-fa94d9ce9451/resource/cd9efe41-650e-4326-8131-9d34956c8619/download/amplo2021-01.csv
ConsumidorGov_basecompleta2021-02.csv,https://dados.mj.gov.br/dataset/0182f1bf-e73d-42b1-ae8c-fa94d9ce9451/resource/7c290566-e4ea-4bf8-8e0f-0fb28ce0f1d7/download/basecompleta2021-02.csv,2026-09-22T02:03:15Z,RAW/consumidor_gov/basecompleta2021-02.csv,67aba564abcda8949e168941e570bcfb24466673c9e10a9f1a436e44dfe63cde,FALLBACK Internet Archive (fonte primaria dados.mj.gov.br indisponivel - DNS); snapshot=20220626035525; archived_url=http://web.archive.org/web/20220626035525id_/https://dados.mj.gov.br/dataset/0182f1bf-e73d-42b1-ae8c-fa94d9ce9451/resource/7c290566-e4ea-4bf8-8e0f-0fb28ce0f1d7/download/basecompleta2021-02.csv
ConsumidorGov_basecompleta2021-03.csv,https://dados.mj.gov.br/dataset/0182f1bf-e73d-42b1-ae8c-fa94d9ce9451/resource/76d49744-b7ed-4eb4-8193-e0d13d101025/download/basecompleta2021-03.csv,2026-09-22T02:03:25Z,RAW/consumidor_gov/basecompleta2021-03.csv,79d4e7f8d178d57f5a11a452c68c5db8f118699b31e309eda58746bd8ab9d3b4,FALLBACK Internet Archive (fonte primaria dados.mj.gov.br indisponivel - DNS); snapshot=20240628042952; archived_url=http://web.archive.org/web/20240628042952id_/https://dados.mj.gov.br/dataset/0182f1bf-e73d-42b1-ae8c-fa94d9ce9451/resource/76d49744-b7ed-4eb4-8193-e0d13d101025/download/basecompleta2021-03.csv
ConsumidorGov_basecompleta2021-04.csv,https://dados.mj.gov.br/dataset/0182f1bf-e73d-42b1-ae8c-fa94d9ce9451/resource/30bf801d-5c32-40aa-a876-debdc3e35082/download/basecompleta2021-04.csv,2026-09-22T02:03:39Z,RAW/consumidor_gov/basecompleta2021-04.csv,eb8b9afd686d8e5737fce868415452bc0c41b8eeb10482677a46e015e5fafadc,FALLBACK Internet Archive (fonte primaria dados.mj.gov.br indisponivel - DNS); snapshot=20250403214134; archived_url=http://web.archive.org/web/20250403214134id_/https://dados.mj.gov.br/dataset/0182f1bf-e73d-42b1-ae8c-fa94d9ce9451/resource/30bf801d-5c32-40aa-a876-debdc3e35082/download/basecompleta2021-04.csv
ConsumidorGov_basecompleta2021-05.csv,https://dados.mj.gov.br/dataset/0182f1bf-e73d-42b1-ae8c-fa94d9ce9451/resource/e808b256-d2a6-408b-b845-3a25876a9b3f/download/basecompleta2021-05.csv,2026-09-22T02:03:50Z,RAW/consumidor_gov/basecompleta2021-05.csv,b2672824b4a236798f0e7ac719888a7e1af36062b190b8f48b3e5b45f81122b0,FALLBACK Internet Archive (fonte primaria dados.mj.gov.br indisponivel - DNS); snapshot=20240628042222; archived_url=http://web.archive.org/web/20240628042222id_/https://dados.mj.gov.br/dataset/0182f1bf-e73d-42b1-ae8c-fa94d9ce9451/resource/e808b256-d2a6-408b-b845-3a25876a9b3f/download/basecompleta2021-05.csv
ConsumidorGov_basecompleta2021-06.csv,https://dados.mj.gov.br/dataset/0182f1bf-e73d-42b1-ae8c-fa94d9ce9451/resource/b3efe669-fa34-4fc4-adcd-620f96e33b1d/download/basecompleta2021-06.csv,2026-09-22T02:04:02Z,RAW/consumidor_gov/basecompleta2021-06.csv,7ff16d5410696de79db9176c86ee666e26ae1433850f50fdea252d716288dedd,FALLBACK Internet Archive (fonte primaria dados.mj.gov.br indisponivel - DNS); snapshot=20250424051115; archived_url=http://web.archive.org/web/20250424051115id_/https://dados.mj.gov.br/dataset/0182f1bf-e73d-42b1-ae8c-fa94d9ce9451/resource/b3efe669-fa34-4fc4-adcd-620f96e33b1d/download/basecompleta2021-06.csv
ConsumidorGov_basecompleta2021-07.csv,https://dados.mj.gov.br/dataset/0182f1bf-e73d-42b1-ae8c-fa94d9ce9451/resource/ec52882b-930e-48f5-9e92-5ad0d4454034/download/basecompleta2021-07.csv,2026-09-22T02:04:13Z,RAW/consumidor_gov/basecompleta2021-07.csv,736922fee748b0537d66df045cb5ca235ea496b7f1625883ac6cbf0c7ee684d5,FALLBACK Internet Archive (fonte primaria dados.mj.gov.br indisponivel - DNS); snapshot=20220626042414; archived_url=http://web.archive.org/web/20220626042414id_/https://dados.mj.gov.br/dataset/0182f1bf-e73d-42b1-ae8c-fa94d9ce9451/resource/ec52882b-930e-48f5-9e92-5ad0d4454034/download/basecompleta2021-07.csv
ConsumidorGov_basecompleta2021-08.csv,https://dados.mj.gov.br/dataset/0182f1bf-e73d-42b1-ae8c-fa94d9ce9451/resource/5f6bf0dc-4ff8-40f0-8c1e-bb4f4ef3939d/download/basecompleta2021-08.csv,2026-09-22T02:04:27Z,RAW/consumidor_gov/basecompleta2021-08.csv,f7e8856ac2a02533e19464c874b8614a4637e59802357bbdc6b7aaa2cd11616a,FALLBACK Internet Archive (fonte primaria dados.mj.gov.br indisponivel - DNS); snapshot=20250417230251; archived_url=http://web.archive.org/web/20250417230251id_/https://dados.mj.gov.br/dataset/0182f1bf-e73d-42b1-ae8c-fa94d9ce9451/resource/5f6bf0dc-4ff8-40f0-8c1e-bb4f4ef3939d/download/basecompleta2021-08.csv
ConsumidorGov_basecompleta2021-09.csv,https://dados.mj.gov.br/dataset/0182f1bf-e73d-42b1-ae8c-fa94d9ce9451/resource/4d491b7e-a82c-4004-8066-f3cd30a0d098/download/basecompleta2021-09.csv,2026-09-22T02:04:40Z,RAW/consumidor_gov/basecompleta2021-09.csv,b0a49a7c49da87fac4e68f6887901b37fc048871948f43c3f16745de84019e6c,FALLBACK Internet Archive (fonte primaria dados.mj.gov.br indisponivel - DNS); snapshot=20240628042440; archived_url=http://web.archive.org/web/20240628042440id_/https://dados.mj.gov.br/dataset/0182f1bf-e73d-42b1-ae8c-fa94d9ce9451/resource/4d491b7e-a82c-4004-8066-f3cd30a0d098/download/basecompleta2021-09.csv
ConsumidorGov_basecompleta2021-11.csv,https://dados.mj.gov.br/dataset/0182f1bf-e73d-42b1-ae8c-fa94d9ce9451/resource/4fb0af25-f50b-4cc8-840f-7f8f016f6fda/download/basecompleta2021-11.csv,2026-09-22T02:05:04Z,RAW/consumidor_gov/basecompleta2021-11.csv,e312c85514f5a6af138d63f85ecff317d6c07245e01ab1a4ae9accca7f00707b,FALLBACK Internet Archive (fonte primaria dados.mj.gov.br indisponivel - DNS); snapshot=20240628042202; archived_url=http://web.archive.org/web/20240628042202id_/https://dados.mj.gov.br/dataset/0182f1bf-e73d-42b1-ae8c-fa94d9ce9451/resource/4fb0af25-f50b-4cc8-840f-7f8f016f6fda/download/basecompleta2021-11.csv
ConsumidorGov_basecompleta2021-12.csv,https://dados.mj.gov.br/dataset/0182f1bf-e73d-42b1-ae8c-fa94d9ce9451/resource/29b0b95c-6896-4fa7-97fa-a44f9f8a8b2f/download/basecompleta2021-12.csv,2026-09-22T02:05:15Z,RAW/consumidor_gov/basecompleta2021-12.csv,80b49b9f05e6c15052801bb0c6eb23d31abdf4b28bc6425d54d4f734eb3d75b4,FALLBACK Internet Archive (fonte primaria dados.mj.gov.br indisponivel - DNS); snapshot=20240628042205; archived_url=http://web.archive.org/web/20240628042205id_/https://dados.mj.gov.br/dataset/0182f1bf-e73d-42b1-ae8c-fa94d9ce9451/resource/29b0b95c-6896-4fa7-97fa-a44f9f8a8b2f/download/basecompleta2021-12.csv
ConsumidorGov_basecompleta2022-01.csv,https://dados.mj.gov.br/dataset/0182f1bf-e73d-42b1-ae8c-fa94d9ce9451/resource/1dc896ec-eb27-4e1a-ac5f-c7492f0d59ae/download/basecompleta2022-01.csv,2026-09-22T02:05:30Z,RAW/consumidor_gov/basecompleta2022-01.csv,ea74ec3100c43e58627eed2ea1dac6a1c5d9d67df6ef55209e21c06fc41a514f,FALLBACK Internet Archive (fonte primaria dados.mj.gov.br indisponivel - DNS); snapshot=20220626050843; archived_url=http://web.archive.org/web/20220626050843id_/https://dados.mj.gov.br/dataset/0182f1bf-e73d-42b1-ae8c-fa94d9ce9451/resource/1dc896ec-eb27-4e1a-ac5f-c7492f0d59ae/download/basecompleta2022-01.csv
ConsumidorGov_basecompleta2022-02.csv,https://dados.mj.gov.br/dataset/0182f1bf-e73d-42b1-ae8c-fa94d9ce9451/resource/8b029b34-3b3e-4d4b-b736-25656d12d8ea/download/basecompleta2022-02.csv,2026-09-22T02:05:46Z,RAW/consumidor_gov/basecompleta2022-02.csv,8a39f92f5a9f4cc31b59f22f47c5ec3c70df25969328e58e45b43d49cb120949,FALLBACK Internet Archive (fonte primaria dados.mj.gov.br indisponivel - DNS); snapshot=20240628042418; archived_url=http://web.archive.org/web/20240628042418id_/https://dados.mj.gov.br/dataset/0182f1bf-e73d-42b1-ae8c-fa94d9ce9451/resource/8b029b34-3b3e-4d4b-b736-25656d12d8ea/download/basecompleta2022-02.csv
ConsumidorGov_basecompleta2022-04.csv,https://dados.mj.gov.br/dataset/0182f1bf-e73d-42b1-ae8c-fa94d9ce9451/resource/7934f2bc-1067-41db-bad4-1babaaf088b1/download/basecompleta2022-04.csv,2026-09-22T02:06:04Z,RAW/consumidor_gov/basecompleta2022-04.csv,77a964f24fdd4087df1b2d662db8a4af45be83f3f3b344128ccd87c0820783fd,FALLBACK Internet Archive (fonte primaria dados.mj.gov.br indisponivel - DNS); snapshot=20250424051424; archived_url=http://web.archive.org/web/20250424051424id_/https://dados.mj.gov.br/dataset/0182f1bf-e73d-42b1-ae8c-fa94d9ce9451/resource/7934f2bc-1067-41db-bad4-1babaaf088b1/download/basecompleta2022-04.csv
ConsumidorGov_basecompleta2022-05.csv,https://dados.mj.gov.br/dataset/0182f1bf-e73d-42b1-ae8c-fa94d9ce9451/resource/7f6e55a5-dcd3-42cd-b2c1-cad8b95cbcd6/download/basecompleta2022-05.csv,2026-09-22T02:06:18Z,RAW/consumidor_gov/basecompleta2022-05.csv,0e55d1145488da041cb3a4f0728d6908bcb233a9a2564d5206e059e8ecdf6c4f,FALLBACK Internet Archive (fonte primaria dados.mj.gov.br indisponivel - DNS); snapshot=20220626052750; archived_url=http://web.archive.org/web/20220626052750id_/https://dados.mj.gov.br/dataset/0182f1bf-e73d-42b1-ae8c-fa94d9ce9451/resource/7f6e55a5-dcd3-42cd-b2c1-cad8b95cbcd6/download/basecompleta2022-05.csv
ConsumidorGov_basecompleta2022-06.csv,https://dados.mj.gov.br/dataset/0182f1bf-e73d-42b1-ae8c-fa94d9ce9451/resource/76f5463d-661a-4fd1-bb93-61566841f3c4/download/basecompleta2022-06.csv,2026-09-22T02:06:32Z,RAW/consumidor_gov/basecompleta2022-06.csv,83a6ca5bbe404a5e2165e09acfae119e278b32b0c3a7a3d35f584ca3f2e81e00,FALLBACK Internet Archive (fonte primaria dados.mj.gov.br indisponivel - DNS); snapshot=20240628091729; archived_url=http://web.archive.org/web/20240628091729id_/https://dados.mj.gov.br/dataset/0182f1bf-e73d-42b1-ae8c-fa94d9ce9451/resource/76f5463d-661a-4fd1-bb93-61566841f3c4/download/basecompleta2022-06.csv
ConsumidorGov_basecompleta2022-07.csv,https://dados.mj.gov.br/dataset/0182f1bf-e73d-42b1-ae8c-fa94d9ce9451/resource/f1b93c44-4212-491e-a114-7029e9826088/download/basecompleta2022-07.csv,2026-09-22T02:06:42Z,RAW/consumidor_gov/basecompleta2022-07.csv,e9d7336ca26cc1d359d73644b84e5582761fe91ef4e20ca52e87d04f2fe443a6,FALLBACK Internet Archive (fonte primaria dados.mj.gov.br indisponivel - DNS); snapshot=20240628135405; archived_url=http://web.archive.org/web/20240628135405id_/https://dados.mj.gov.br/dataset/0182f1bf-e73d-42b1-ae8c-fa94d9ce9451/resource/f1b93c44-4212-491e-a114-7029e9826088/download/basecompleta2022-07.csv
ConsumidorGov_basecompleta2022-09.csv,https://dados.mj.gov.br/dataset/0182f1bf-e73d-42b1-ae8c-fa94d9ce9451/resource/2786757d-a143-4a2e-aab1-9b0bcce5e199/download/basecompleta2022-09.csv,2026-09-22T02:06:55Z,RAW/consumidor_gov/basecompleta2022-09.csv,d1a86b55a4f49b2174f78fdd7eb14296f96d444263f11106aaa4735ebab8b158,FALLBACK Internet Archive (fonte primaria dados.mj.gov.br indisponivel - DNS); snapshot=20240628123330; archived_url=http://web.archive.org/web/20240628123330id_/https://dados.mj.gov.br/dataset/0182f1bf-e73d-42b1-ae8c-fa94d9ce9451/resource/2786757d-a143-4a2e-aab1-9b0bcce5e199/download/basecompleta2022-09.csv
ConsumidorGov_basecompleta2022-12.csv,https://dados.mj.gov.br/dataset/0182f1bf-e73d-42b1-ae8c-fa94d9ce9451/resource/d0ad83a0-1bfc-4487-8d8a-5a00fe68dab9/download/basecompleta2022-12.csv,2026-09-22T02:07:13Z,RAW/consumidor_gov/basecompleta2022-12.csv,69715e993a28472128da57fce486642b0cafd3277b205013c065d9845185f801,FALLBACK Internet Archive (fonte primaria dados.mj.gov.br indisponivel - DNS); snapshot=20240628042622; archived_url=http://web.archive.org/web/20240628042622id_/https://dados.mj.gov.br/dataset/0182f1bf-e73d-42b1-ae8c-fa94d9ce9451/resource/d0ad83a0-1bfc-4487-8d8a-5a00fe68dab9/download/basecompleta2022-12.csv
ConsumidorGov_basecompleta2023-01.csv,https://dados.mj.gov.br/dataset/0182f1bf-e73d-42b1-ae8c-fa94d9ce9451/resource/ea89406b-20df-4594-a68c-d3f4eaaa3e86/download/basecompleta2023-01.csv,2026-09-22T02:07:29Z,RAW/consumidor_gov/basecompleta2023-01.csv,e63a8d12d689f563966d97d7095f88b1f872f3cbb7729eb944940526ec7df850,FALLBACK Internet Archive (fonte primaria dados.mj.gov.br indisponivel - DNS); snapshot=20240628150258; archived_url=http://web.archive.org/web/20240628150258id_/https://dados.mj.gov.br/dataset/0182f1bf-e73d-42b1-ae8c-fa94d9ce9451/resource/ea89406b-20df-4594-a68c-d3f4eaaa3e86/download/basecompleta2023-01.csv
ConsumidorGov_basecompleta2023-02.csv,https://dados.mj.gov.br/dataset/0182f1bf-e73d-42b1-ae8c-fa94d9ce9451/resource/083bc6fb-3c78-4800-baab-c0be6f2fd7b9/download/basecompleta2023-02.csv,2026-09-22T02:07:37Z,RAW/consumidor_gov/basecompleta2023-02.csv,fe723554e2da7f4ad5446bf6c0b1f632aac0bb7f1db4e165e55d1e2712b2fd5a,FALLBACK Internet Archive (fonte primaria dados.mj.gov.br indisponivel - DNS); snapshot=20240628042156; archived_url=http://web.archive.org/web/20240628042156id_/https://dados.mj.gov.br/dataset/0182f1bf-e73d-42b1-ae8c-fa94d9ce9451/resource/083bc6fb-3c78-4800-baab-c0be6f2fd7b9/download/basecompleta2023-02.csv
ConsumidorGov_basecompleta2023-03.csv,https://dados.mj.gov.br/dataset/0182f1bf-e73d-42b1-ae8c-fa94d9ce9451/resource/f8069cf6-ca78-44a5-9a59-35c4edf2ea2f/download/basecompleta2023-03.csv,2026-09-22T02:07:48Z,RAW/consumidor_gov/basecompleta2023-03.csv,044daaeb59911be4775fc158d44ef0df0d62362503b22c71afe4a22ac715b3a2,FALLBACK Internet Archive (fonte primaria dados.mj.gov.br indisponivel - DNS); snapshot=20240628152402; archived_url=http://web.archive.org/web/20240628152402id_/https://dados.mj.gov.br/dataset/0182f1bf-e73d-42b1-ae8c-fa94d9ce9451/resource/f8069cf6-ca78-44a5-9a59-35c4edf2ea2f/download/basecompleta2023-03.csv
ConsumidorGov_basecompleta2023-04.csv,https://dados.mj.gov.br/dataset/0182f1bf-e73d-42b1-ae8c-fa94d9ce9451/resource/15759023-2f3f-4841-a566-c203a425989a/download/basecompleta2023-04.csv,2026-09-22T02:07:58Z,RAW/consumidor_gov/basecompleta2023-04.csv,7104a3c74f3af41259ff9fe1b95eff7086949da1663acfe2b62fbe8df4defe99,FALLBACK Internet Archive (fonte primaria dados.mj.gov.br indisponivel - DNS); snapshot=20251222091919; archived_url=http://web.archive.org/web/20251222091919id_/https://dados.mj.gov.br/dataset/0182f1bf-e73d-42b1-ae8c-fa94d9ce9451/resource/15759023-2f3f-4841-a566-c203a425989a/download/basecompleta2023-04.csv
ConsumidorGov_basecompleta2023-05.csv,https://dados.mj.gov.br/dataset/0182f1bf-e73d-42b1-ae8c-fa94d9ce9451/resource/4b58cd98-62e6-4149-b51b-ebbcdfcdd468/download/basecompleta2023-05.csv,2026-09-22T02:08:09Z,RAW/consumidor_gov/basecompleta2023-05.csv,4d37743c77458dd2f497a26295e36fb0dc2a581c02a93a93399c5400ff9a0c8b,FALLBACK Internet Archive (fonte primaria dados.mj.gov.br indisponivel - DNS); snapshot=20240628042210; archived_url=http://web.archive.org/web/20240628042210id_/https://dados.mj.gov.br/dataset/0182f1bf-e73d-42b1-ae8c-fa94d9ce9451/resource/4b58cd98-62e6-4149-b51b-ebbcdfcdd468/download/basecompleta2023-05.csv
ConsumidorGov_basecompleta2023-06.csv,https://dados.mj.gov.br/dataset/0182f1bf-e73d-42b1-ae8c-fa94d9ce9451/resource/3075d291-f075-4ff8-936e-8b90642b3266/download/basecompleta2023-06.csv,2026-09-22T02:08:20Z,RAW/consumidor_gov/basecompleta2023-06.csv,3438ba84fe57f0e5e21dba6b07b399a6683f19c3fe998905e0ded72c8eb4a58f,FALLBACK Internet Archive (fonte primaria dados.mj.gov.br indisponivel - DNS); snapshot=20240628042357; archived_url=http://web.archive.org/web/20240628042357id_/https://dados.mj.gov.br/dataset/0182f1bf-e73d-42b1-ae8c-fa94d9ce9451/resource/3075d291-f075-4ff8-936e-8b90642b3266/download/basecompleta2023-06.csv
ConsumidorGov_basecompleta2023-07.csv,https://dados.mj.gov.br/dataset/0182f1bf-e73d-42b1-ae8c-fa94d9ce9451/resource/0723e095-a9b8-4b4a-845a-2c5224dd21e1/download/basecompleta2023-07.csv,2026-09-22T02:08:32Z,RAW/consumidor_gov/basecompleta2023-07.csv,4204ef16ffa6b1a0187f04376c6decbe78928b6161ea98d729babf8d5162f199,FALLBACK Internet Archive (fonte primaria dados.mj.gov.br indisponivel - DNS); snapshot=20240628042225; archived_url=http://web.archive.org/web/20240628042225id_/https://dados.mj.gov.br/dataset/0182f1bf-e73d-42b1-ae8c-fa94d9ce9451/resource/0723e095-a9b8-4b4a-845a-2c5224dd21e1/download/basecompleta2023-07.csv
ConsumidorGov_basecompleta2023-08.csv,https://dados.mj.gov.br/dataset/0182f1bf-e73d-42b1-ae8c-fa94d9ce9451/resource/8aed0bd8-f208-4709-9ab3-16f554c67a27/download/basecompleta2023-08.csv,2026-09-22T02:08:46Z,RAW/consumidor_gov/basecompleta2023-08.csv,cf6302632dde3f843b7294772accda8f737412344b431cb5c18ae166d569eeb0,FALLBACK Internet Archive (fonte primaria dados.mj.gov.br indisponivel - DNS); snapshot=20250404065842; archived_url=http://web.archive.org/web/20250404065842id_/https://dados.mj.gov.br/dataset/0182f1bf-e73d-42b1-ae8c-fa94d9ce9451/resource/8aed0bd8-f208-4709-9ab3-16f554c67a27/download/basecompleta2023-08.csv
ConsumidorGov_basecompleta2023-10.csv,https://dados.mj.gov.br/dataset/0182f1bf-e73d-42b1-ae8c-fa94d9ce9451/resource/2ebfb3bf-3fee-419c-bec7-1b5b2cf18daf/download/basecompleta2023-10.csv,2026-09-22T02:08:59Z,RAW/consumidor_gov/basecompleta2023-10.csv,f32b9e2da6bb25c1579c7d5f852495b57467a3c08d8439f6c958a4de4eb52a65,FALLBACK Internet Archive (fonte primaria dados.mj.gov.br indisponivel - DNS); snapshot=20240628170405; archived_url=http://web.archive.org/web/20240628170405id_/https://dados.mj.gov.br/dataset/0182f1bf-e73d-42b1-ae8c-fa94d9ce9451/resource/2ebfb3bf-3fee-419c-bec7-1b5b2cf18daf/download/basecompleta2023-10.csv
ConsumidorGov_basecompleta2023-11.csv,https://dados.mj.gov.br/dataset/0182f1bf-e73d-42b1-ae8c-fa94d9ce9451/resource/25c66b51-8047-409a-8048-641e8026d62f/download/basecompleta2023-11.csv,2026-09-22T02:09:10Z,RAW/consumidor_gov/basecompleta2023-11.csv,1a187619d8ccd5099cfcf6debaea271b3ee2bc5e3fbe89f9ecced864714b23f8,FALLBACK Internet Archive (fonte primaria dados.mj.gov.br indisponivel - DNS); snapshot=20240628061928; archived_url=http://web.archive.org/web/20240628061928id_/https://dados.mj.gov.br/dataset/0182f1bf-e73d-42b1-ae8c-fa94d9ce9451/resource/25c66b51-8047-409a-8048-641e8026d62f/download/basecompleta2023-11.csv
ConsumidorGov_basecompleta2023-12.csv,https://dados.mj.gov.br/dataset/0182f1bf-e73d-42b1-ae8c-fa94d9ce9451/resource/f427be52-e2cb-499f-9248-09a012d65282/download/basecompleta2023-12.csv,2026-09-22T02:09:21Z,RAW/consumidor_gov/basecompleta2023-12.csv,fbe6715bdcec2d1a74ba6a4df92b047932cd5db292905850d35cf43741a6b7de,FALLBACK Internet Archive (fonte primaria dados.mj.gov.br indisponivel - DNS); snapshot=20240628183421; archived_url=http://web.archive.org/web/20240628183421id_/https://dados.mj.gov.br/dataset/0182f1bf-e73d-42b1-ae8c-fa94d9ce9451/resource/f427be52-e2cb-499f-9248-09a012d65282/download/basecompleta2023-12.csv
ConsumidorGov_basecompleta2024-01.csv,https://dados.mj.gov.br/dataset/0182f1bf-e73d-42b1-ae8c-fa94d9ce9451/resource/26e179b7-fd16-4a7d-a6a5-69fa1432b698/download/basecompleta2024-01.csv,2026-09-22T02:09:32Z,RAW/consumidor_gov/basecompleta2024-01.csv,74bf81de771453bcc28c9c02c7a73e6600c185baccb33f53dbda3e074391671d,FALLBACK Internet Archive (fonte primaria dados.mj.gov.br indisponivel - DNS); snapshot=20240628183550; archived_url=http://web.archive.org/web/20240628183550id_/https://dados.mj.gov.br/dataset/0182f1bf-e73d-42b1-ae8c-fa94d9ce9451/resource/26e179b7-fd16-4a7d-a6a5-69fa1432b698/download/basecompleta2024-01.csv
ConsumidorGov_basecompleta2024-02.csv,https://dados.mj.gov.br/dataset/0182f1bf-e73d-42b1-ae8c-fa94d9ce9451/resource/ab17f12b-7891-490e-8557-1836b07053b4/download/basecompleta2024-02.csv,2026-09-22T02:09:45Z,RAW/consumidor_gov/basecompleta2024-02.csv,47717e35b97087afa3846fd1eb94f523a6bd4f3689e177a3db9d6568f875c62e,FALLBACK Internet Archive (fonte primaria dados.mj.gov.br indisponivel - DNS); snapshot=20240628164301; archived_url=http://web.archive.org/web/20240628164301id_/https://dados.mj.gov.br/dataset/0182f1bf-e73d-42b1-ae8c-fa94d9ce9451/resource/ab17f12b-7891-490e-8557-1836b07053b4/download/basecompleta2024-02.csv
ConsumidorGov_basecompleta2024-03.csv,https://dados.mj.gov.br/dataset/0182f1bf-e73d-42b1-ae8c-fa94d9ce9451/resource/863a7c94-413f-4943-9317-ba5303d4a852/download/basecompleta2024-03.csv,2026-09-22T02:09:56Z,RAW/consumidor_gov/basecompleta2024-03.csv,34ae1b3cdba1b74806cd1a3875fa5ad45eae459fe2cf65e3ca24d2100c082b7d,FALLBACK Internet Archive (fonte primaria dados.mj.gov.br indisponivel - DNS); snapshot=20240628054752; archived_url=http://web.archive.org/web/20240628054752id_/https://dados.mj.gov.br/dataset/0182f1bf-e73d-42b1-ae8c-fa94d9ce9451/resource/863a7c94-413f-4943-9317-ba5303d4a852/download/basecompleta2024-03.csv
ConsumidorGov_basecompleta2024-04.csv,https://dados.mj.gov.br/dataset/0182f1bf-e73d-42b1-ae8c-fa94d9ce9451/resource/6669b1b1-9f99-49a6-a0a9-12328e8ea456/download/basecompleta2024-04.csv,2026-09-22T02:10:06Z,RAW/consumidor_gov/basecompleta2024-04.csv,13901c978f9e29267123f1eaf77b2255a155aeeae7d1a4d4bef8cd85a2d957e7,FALLBACK Internet Archive (fonte primaria dados.mj.gov.br indisponivel - DNS); snapshot=20240628042152; archived_url=http://web.archive.org/web/20240628042152id_/https://dados.mj.gov.br/dataset/0182f1bf-e73d-42b1-ae8c-fa94d9ce9451/resource/6669b1b1-9f99-49a6-a0a9-12328e8ea456/download/basecompleta2024-04.csv
ConsumidorGov_basecompleta2024-05.csv,https://dados.mj.gov.br/dataset/0182f1bf-e73d-42b1-ae8c-fa94d9ce9451/resource/ea6a3096-191f-46ad-8a0c-2bd6e67ddcd5/download/basecompleta2024-05.csv,2026-09-22T02:10:16Z,RAW/consumidor_gov/basecompleta2024-05.csv,8dda5e17dde6f6746499b43020bb0407e55248494f5098757224a6e581f894e1,FALLBACK Internet Archive (fonte primaria dados.mj.gov.br indisponivel - DNS); snapshot=20240628042817; archived_url=http://web.archive.org/web/20240628042817id_/https://dados.mj.gov.br/dataset/0182f1bf-e73d-42b1-ae8c-fa94d9ce9451/resource/ea6a3096-191f-46ad-8a0c-2bd6e67ddcd5/download/basecompleta2024-05.csv
ConsumidorGov_basecompleta2024-06.csv,https://dados.mj.gov.br/dataset/0182f1bf-e73d-42b1-ae8c-fa94d9ce9451/resource/5f9e941d-5550-4e66-97a1-93e7f4f30c49/download/basecompleta2024-06.csv,2026-09-22T02:10:22Z,RAW/consumidor_gov/basecompleta2024-06.csv,276dacf2b5589200c2948b877587e21142c1dc819b23ad2747687c6e7b6f3ac3,FALLBACK Internet Archive (fonte primaria dados.mj.gov.br indisponivel - DNS); snapshot=20250502194317; archived_url=http://web.archive.org/web/20250502194317id_/https://dados.mj.gov.br/dataset/0182f1bf-e73d-42b1-ae8c-fa94d9ce9451/resource/5f9e941d-5550-4e66-97a1-93e7f4f30c49/download/basecompleta2024-06.csv
ConsumidorGov_basecompleta2024-08.csv,https://dados.mj.gov.br/dataset/0182f1bf-e73d-42b1-ae8c-fa94d9ce9451/resource/6e26190f-5f54-4cbc-a8cd-b2e8d341dc63/download/basecompleta2024-08.csv,2026-09-22T02:10:40Z,RAW/consumidor_gov/basecompleta2024-08.csv,934e2b7e950539ca7ee27827af4703494dae21936e0107428622d6e364c94c6d,FALLBACK Internet Archive (fonte primaria dados.mj.gov.br indisponivel - DNS); snapshot=20260119003854; archived_url=http://web.archive.org/web/20260119003854id_/https://dados.mj.gov.br/dataset/0182f1bf-e73d-42b1-ae8c-fa94d9ce9451/resource/6e26190f-5f54-4cbc-a8cd-b2e8d341dc63/download/basecompleta2024-08.csv
ConsumidorGov_basecompleta2024-09.csv,https://dados.mj.gov.br/dataset/0182f1bf-e73d-42b1-ae8c-fa94d9ce9451/resource/3daf237e-b491-493d-b07a-027d7e601583/download/basecompleta2024-09.csv,2026-09-22T02:10:51Z,RAW/consumidor_gov/basecompleta2024-09.csv,9237729d5a65b505890975814452201a61fc73f6c503bd75a6db4f5444d28360,FALLBACK Internet Archive (fonte primaria dados.mj.gov.br indisponivel - DNS); snapshot=20260109221141; archived_url=http://web.archive.org/web/20260109221141id_/https://dados.mj.gov.br/dataset/0182f1bf-e73d-42b1-ae8c-fa94d9ce9451/resource/3daf237e-b491-493d-b07a-027d7e601583/download/basecompleta2024-09.csv
ConsumidorGov_basecompleta2024-10.csv,https://dados.mj.gov.br/dataset/0182f1bf-e73d-42b1-ae8c-fa94d9ce9451/resource/6d82658e-232e-4891-a2c7-720b7c808ed1/download/basecompleta2024-10.csv,2026-09-22T02:11:04Z,RAW/consumidor_gov/basecompleta2024-10.csv,484af298047c33794afb16059801f634cef2baa665d9de158a2e6b8ea872ab93,FALLBACK Internet Archive (fonte primaria dados.mj.gov.br indisponivel - DNS); snapshot=20260120105335; archived_url=http://web.archive.org/web/20260120105335id_/https://dados.mj.gov.br/dataset/0182f1bf-e73d-42b1-ae8c-fa94d9ce9451/resource/6d82658e-232e-4891-a2c7-720b7c808ed1/download/basecompleta2024-10.csv
ConsumidorGov_basecompleta2024-11.csv,https://dados.mj.gov.br/dataset/0182f1bf-e73d-42b1-ae8c-fa94d9ce9451/resource/896860e1-d1fa-4f8d-8cfd-5d8f51568503/download/basecompleta2024-11.csv,2026-09-22T02:11:18Z,RAW/consumidor_gov/basecompleta2024-11.csv,f32f0c9446ae847aec18ac89aaeb5c20876dfb3760b653f8a5ce1959eabbde7e,FALLBACK Internet Archive (fonte primaria dados.mj.gov.br indisponivel - DNS); snapshot=20260109174118; archived_url=http://web.archive.org/web/20260109174118id_/https://dados.mj.gov.br/dataset/0182f1bf-e73d-42b1-ae8c-fa94d9ce9451/resource/896860e1-d1fa-4f8d-8cfd-5d8f51568503/download/basecompleta2024-11.csv
ConsumidorGov_basecompleta2024-12.csv,https://dados.mj.gov.br/dataset/0182f1bf-e73d-42b1-ae8c-fa94d9ce9451/resource/c99e2bae-36ab-4a08-b372-cd7077de95f4/download/basecompleta2024-12.csv,2026-09-22T02:11:30Z,RAW/consumidor_gov/basecompleta2024-12.csv,7b2d3ba4f27ed17641aa6f7cb0591ebc090145bd00399863d42e3b20f1b9cd2b,FALLBACK Internet Archive (fonte primaria dados.mj.gov.br indisponivel - DNS); snapshot=20260110041934; archived_url=http://web.archive.org/web/20260110041934id_/https://dados.mj.gov.br/dataset/0182f1bf-e73d-42b1-ae8c-fa94d9ce9451/resource/c99e2bae-36ab-4a08-b372-cd7077de95f4/download/basecompleta2024-12.csv
ConsumidorGov_basecompleta2025-02.csv,https://dados.mj.gov.br/dataset/0182f1bf-e73d-42b1-ae8c-fa94d9ce9451/resource/ee8c0bfa-11b6-4d7a-8094-c349b19c43dd/download/basecompleta2025-02.csv,2026-09-22T02:11:47Z,RAW/consumidor_gov/basecompleta2025-02.csv,5e02d3390574ec900d5098325133949c5e9c847e51afd3d6943515a9e1b6311d,FALLBACK Internet Archive (fonte primaria dados.mj.gov.br indisponivel - DNS); snapshot=20260109155904; archived_url=http://web.archive.org/web/20260109155904id_/https://dados.mj.gov.br/dataset/0182f1bf-e73d-42b1-ae8c-fa94d9ce9451/resource/ee8c0bfa-11b6-4d7a-8094-c349b19c43dd/download/basecompleta2025-02.csv
ConsumidorGov_basecompleta2025-03.zip,https://dados.mj.gov.br/dataset/0182f1bf-e73d-42b1-ae8c-fa94d9ce9451/resource/65706bcd-80ab-4231-a7ef-9e329420f001/download/basecompleta2025-03.zip,2026-09-22T02:11:52Z,RAW/consumidor_gov/basecompleta2025-03.zip,7cabe2076e726eeabcadb8f21af44664b0b3f0566597495e6f7959409e728d30,FALLBACK Internet Archive (fonte primaria dados.mj.gov.br indisponivel - DNS); snapshot=20260119185720; archived_url=http://web.archive.org/web/20260119185720id_/https://dados.mj.gov.br/dataset/0182f1bf-e73d-42b1-ae8c-fa94d9ce9451/resource/65706bcd-80ab-4231-a7ef-9e329420f001/download/basecompleta2025-03.zip
ConsumidorGov_basecompleta2025-04.csv,https://dados.mj.gov.br/dataset/0182f1bf-e73d-42b1-ae8c-fa94d9ce9451/resource/8f22bdc1-3044-46ee-9dd1-4ace84da28e4/download/basecompleta2025-04.csv,2026-09-22T02:12:13Z,RAW/consumidor_gov/basecompleta2025-04.csv,1478a22855428c6e691f74bb189107c24b7b756f39c3d63a0eff84cb5b5e5c27,FALLBACK Internet Archive (fonte primaria dados.mj.gov.br indisponivel - DNS); snapshot=20260110093404; archived_url=http://web.archive.org/web/20260110093404id_/https://dados.mj.gov.br/dataset/0182f1bf-e73d-42b1-ae8c-fa94d9ce9451/resource/8f22bdc1-3044-46ee-9dd1-4ace84da28e4/download/basecompleta2025-04.csv
GoogleTrends_interesse_tempo_5termos_BR_201601_202608.csv,https://trends.google.com/trends/explore,2026-09-22T02:56:58Z,RAW/google_trends/interesse_tempo_5termos_BR_201601_202608.csv,0162208c761f87a474f25d8bd325d6d634b1acee4786210ef5a140a0243e236d,Export CSV manual via Trends Explore (nao API alfa); Brasil; 01/01/2016-31/08/2026; Pesquisa na Web; Todas as categorias
GoogleTrends_subregiao_comparado_5termos_BR_201601_202608.csv,https://trends.google.com/trends/explore,2026-09-22T02:56:58Z,RAW/google_trends/subregiao_comparado_5termos_BR_201601_202608.csv,79e32af4be35cfb86d0ee20ba408b87924a5fe1af5cfa95648b7979d5339c58e,Export CSV manual via Trends Explore (nao API alfa); Brasil; 01/01/2016-31/08/2026; Pesquisa na Web; Todas as categorias
GoogleTrends_subregiao_corretora_de_seguros_BR_201601_202608.csv,https://trends.google.com/trends/explore,2026-09-22T02:56:58Z,RAW/google_trends/subregiao_corretora_de_seguros_BR_201601_202608.csv,f875221434030df72362658a81e7523c9f59c2eedce34aabdda9e025228fc6e9,Export CSV manual via Trends Explore (nao API alfa); Brasil; 01/01/2016-31/08/2026; Pesquisa na Web; Todas as categorias
GoogleTrends_subregiao_cotacao_seguro_auto_BR_201601_202608.csv,https://trends.google.com/trends/explore,2026-09-22T02:56:58Z,RAW/google_trends/subregiao_cotacao_seguro_auto_BR_201601_202608.csv,aa3fae9aaec8e054659e4d5459a86115f815cd3772b5cc357ddffe4a63b0a5a8,Export CSV manual via Trends Explore (nao API alfa); Brasil; 01/01/2016-31/08/2026; Pesquisa na Web; Todas as categorias
GoogleTrends_subregiao_seguro_auto_BR_201601_202608.csv,https://trends.google.com/trends/explore,2026-09-22T02:56:58Z,RAW/google_trends/subregiao_seguro_auto_BR_201601_202608.csv,78ff25df88b125731ecf79bfa75057b9b951d1b13a2793bed3295b8ff349b77d,Export CSV manual via Trends Explore (nao API alfa); Brasil; 01/01/2016-31/08/2026; Pesquisa na Web; Todas as categorias
GoogleTrends_subregiao_seguro_de_carro_BR_201601_202608.csv,https://trends.google.com/trends/explore,2026-09-22T02:56:58Z,RAW/google_trends/subregiao_seguro_de_carro_BR_201601_202608.csv,7f4f4a1306c25cdb8960e757d96e915904893b917b7371dd6ac982866e16b5eb,Export CSV manual via Trends Explore (nao API alfa); Brasil; 01/01/2016-31/08/2026; Pesquisa na Web; Todas as categorias
GoogleTrends_subregiao_seguros_BR_201601_202608.csv,https://trends.google.com/trends/explore,2026-09-22T02:56:58Z,RAW/google_trends/subregiao_seguros_BR_201601_202608.csv,ef5497e959b5953bfe4442138acb601cd5278690a95ddd60b9361d9c23197c63,Export CSV manual via Trends Explore (nao API alfa); Brasil; 01/01/2016-31/08/2026; Pesquisa na Web; Todas as categorias
ReclameAqui_raw_extract,https://www.reclameaqui.com.br/empresa/{shortname}/,2026-09-22T03:22:44Z,RAW/reclame_aqui/ra_raw_extract_20260922T032244Z.json,e969aba80d46bc6c4f5de28b181d15c065fd24671d84e999ccfcab0262355907,117 empresas consultadas (busca via api.reclameaqui.com.br/search-service a partir do contexto do navegador; dados extraidos de props Astro Islands SSR embutidos na pagina de cada empresa; nenhuma protecao anti-bot contornada
ReceitaFederal_BrasilAPI_87163234000138,https://brasilapi.com.br/api/cnpj/v1/87163234000138,2026-09-22T03:45:09Z,RAW/receita/87163234000138.json,501d8474c2e36295cccd7b1b0f2155bdfd77e119eb99e45f472e5345fc8159e0,BrasilAPI republica dados abertos oficiais da RFB; consulta unitaria por CNPJ
ReceitaFederal_BrasilAPI_61573796000166,https://brasilapi.com.br/api/cnpj/v1/61573796000166,2026-09-22T03:46:05Z,RAW/receita/61573796000166.json,7e8622be244ce123d5f5c98ea1ac11f2ba1b3087413829eaad55d4c6bb2bef63,BrasilAPI republica dados abertos oficiais da RFB; consulta unitaria por CNPJ
ReceitaFederal_BrasilAPI_46411471000193,https://brasilapi.com.br/api/cnpj/v1/46411471000193,2026-09-22T03:45:11Z,RAW/receita/46411471000193.json,9be3bb4dc4b82a955b47320960e71c8f4939d03fcb6b6ff07eb8051a44895f6d,BrasilAPI republica dados abertos oficiais da RFB; consulta unitaria por CNPJ
ReceitaFederal_BrasilAPI_34020354000110,https://brasilapi.com.br/api/cnpj/v1/34020354000110,2026-09-22T03:46:15Z,RAW/receita/34020354000110.json,943b03a1ae9b059bdaaad8c31d9b5a85ec2cdccaa443943cf5213b985025cb10,BrasilAPI republica dados abertos oficiais da RFB; consulta unitaria por CNPJ
ReceitaFederal_BrasilAPI_43505273000109,https://brasilapi.com.br/api/cnpj/v1/43505273000109,2026-09-22T03:45:13Z,RAW/receita/43505273000109.json,80d627d4574969cdacb35461ba9fed54e7c61f51fe0e6d3f41c80b210a2b2dd3,BrasilAPI republica dados abertos oficiais da RFB; consulta unitaria por CNPJ
ReceitaFederal_BrasilAPI_29980158000157,https://brasilapi.com.br/api/cnpj/v1/29980158000157,2026-09-22T03:46:40Z,RAW/receita/29980158000157.json,aa140430b7137a64a857818bc4b57790397cf21a9eb4023b12ed150e4a6452a3,BrasilAPI republica dados abertos oficiais da RFB; consulta unitaria por CNPJ
ReceitaFederal_BrasilAPI_14525684000150,https://brasilapi.com.br/api/cnpj/v1/14525684000150,2026-09-22T03:45:16Z,RAW/receita/14525684000150.json,8a46b73b00dc50cc0bee32b6bfa139cbca3ad884217b4421ff11d200dfb7af71,BrasilAPI republica dados abertos oficiais da RFB; consulta unitaria por CNPJ
ReceitaFederal_BrasilAPI_50180527000113,https://brasilapi.com.br/api/cnpj/v1/50180527000113,2026-09-22T03:45:17Z,RAW/receita/50180527000113.json,46e70cdacb4ee32e95e5a26c98f4e2576e66647dcec61c6e5d85f0b972650292,BrasilAPI republica dados abertos oficiais da RFB; consulta unitaria por CNPJ
ReceitaFederal_BrasilAPI_30617319000121,https://brasilapi.com.br/api/cnpj/v1/30617319000121,2026-09-22T03:45:19Z,RAW/receita/30617319000121.json,48c47ce56324f1221f38bd911bfa7417e9619aa5f974e80bc68b6ad716f9e591,BrasilAPI republica dados abertos oficiais da RFB; consulta unitaria por CNPJ
ReceitaFederal_BrasilAPI_62232889000190,https://brasilapi.com.br/api/cnpj/v1/62232889000190,2026-09-22T03:45:22Z,RAW/receita/62232889000190.json,57ddc7a2b8c1ece0cd25267d607dd9c7a53f6186165f324d542cdc33951688ed,BrasilAPI republica dados abertos oficiais da RFB; consulta unitaria por CNPJ
ReceitaFederal_BrasilAPI_42518229000162,https://brasilapi.com.br/api/cnpj/v1/42518229000162,2026-09-22T03:45:22Z,RAW/receita/42518229000162.json,09f8a2bd51740d8f1ac05d67b2e7b827df275ac979f3cbcc53c00a4200d38998,BrasilAPI republica dados abertos oficiais da RFB; consulta unitaria por CNPJ
ReceitaFederal_BrasilAPI_33634999000180,https://brasilapi.com.br/api/cnpj/v1/33634999000180,2026-09-22T03:45:23Z,RAW/receita/33634999000180.json,90c41655600fc9c6d7997643e44b981f95a6c8773ec035de4201d3e907940628,BrasilAPI republica dados abertos oficiais da RFB; consulta unitaria por CNPJ
ReceitaFederal_BrasilAPI_07017295000158,https://brasilapi.com.br/api/cnpj/v1/07017295000158,2026-09-22T03:45:25Z,RAW/receita/07017295000158.json,0c08667d44e00df83340ef81382228b975ceb21b799701f19cb6652be69e2f25,BrasilAPI republica dados abertos oficiais da RFB; consulta unitaria por CNPJ
ReceitaFederal_BrasilAPI_03823704000152,https://brasilapi.com.br/api/cnpj/v1/03823704000152,2026-09-22T03:45:26Z,RAW/receita/03823704000152.json,047ab2dd44cccc894bb70f5291b2fca7ae518f81f9fb3372277394c1772825be,BrasilAPI republica dados abertos oficiais da RFB; consulta unitaria por CNPJ
ReceitaFederal_BrasilAPI_40317530000182,https://brasilapi.com.br/api/cnpj/v1/40317530000182,2026-09-22T03:45:27Z,RAW/receita/40317530000182.json,bd44ac5261480bf87c95eb3b37364d4e5ae64f6219f84397adc92202f5b7a735,BrasilAPI republica dados abertos oficiais da RFB; consulta unitaria por CNPJ
ReceitaFederal_BrasilAPI_20646890000110,https://brasilapi.com.br/api/cnpj/v1/20646890000110,2026-09-22T03:45:29Z,RAW/receita/20646890000110.json,4e6ce729520e068c25942a2ad7e2a100891e8bf2e8ee8bd86b7b2c8aa8c95d63,BrasilAPI republica dados abertos oficiais da RFB; consulta unitaria por CNPJ
ReceitaFederal_BrasilAPI_14868712000131,https://brasilapi.com.br/api/cnpj/v1/14868712000131,2026-09-22T03:45:31Z,RAW/receita/14868712000131.json,a0dbab6b6bf7622d2061c08b69ee4a8413fbef999b716e0acc373568f87320ba,BrasilAPI republica dados abertos oficiais da RFB; consulta unitaria por CNPJ
ReceitaFederal_BrasilAPI_19323190000106,https://brasilapi.com.br/api/cnpj/v1/19323190000106,2026-09-22T03:45:33Z,RAW/receita/19323190000106.json,5f33bd82b9882f4f21cbc76db60a31e8fb811def4d913612f1dc8f1cc38086ac,BrasilAPI republica dados abertos oficiais da RFB; consulta unitaria por CNPJ
ReceitaFederal_BrasilAPI_61563788000139,https://brasilapi.com.br/api/cnpj/v1/61563788000139,2026-09-22T03:45:36Z,RAW/receita/61563788000139.json,c403e40d968798f69834779474dedd3bbba2ead4399010bc8eb9f9bc60e0a939,BrasilAPI republica dados abertos oficiais da RFB; consulta unitaria por CNPJ
ReceitaFederal_BrasilAPI_08279191000184,https://brasilapi.com.br/api/cnpj/v1/08279191000184,2026-09-22T03:45:37Z,RAW/receita/08279191000184.json,ef2f535886e46befa0cd92fea44a144d6c9043ced1709ca8db7be590e150e100,BrasilAPI republica dados abertos oficiais da RFB; consulta unitaria por CNPJ
ReceitaFederal_BrasilAPI_17643407000130,https://brasilapi.com.br/api/cnpj/v1/17643407000130,2026-09-22T03:46:20Z,RAW/receita/17643407000130.json,134b3c4a358255df5e2a681ade203d43bb9023d54c9289cd48e8e58e243d6e06,BrasilAPI republica dados abertos oficiais da RFB; consulta unitaria por CNPJ
ReceitaFederal_BrasilAPI_77941490000155,https://brasilapi.com.br/api/cnpj/v1/77941490000155,2026-09-22T03:45:39Z,RAW/receita/77941490000155.json,a4adfcb11695e601afaf90d3189c51ebcd81e7116905214c93481d07e3ca72b6,BrasilAPI republica dados abertos oficiais da RFB; consulta unitaria por CNPJ
ReceitaFederal_BrasilAPI_11699534000174,https://brasilapi.com.br/api/cnpj/v1/11699534000174,2026-09-22T03:45:40Z,RAW/receita/11699534000174.json,a19a6a48d7e152efd0c8acf273160e92e6467f6b12c3fccae5063eb311896d83,BrasilAPI republica dados abertos oficiais da RFB; consulta unitaria por CNPJ
ReceitaFederal_BrasilAPI_60701190000104,https://brasilapi.com.br/api/cnpj/v1/60701190000104,2026-09-22T03:46:10Z,RAW/receita/60701190000104.json,8754742eb84eeb2644fef6ae66397a15ec3f71f6ec4690c6d615340cd8c96e33,BrasilAPI republica dados abertos oficiais da RFB; consulta unitaria por CNPJ
ReceitaFederal_BrasilAPI_39380513000100,https://brasilapi.com.br/api/cnpj/v1/39380513000100,2026-09-22T03:45:44Z,RAW/receita/39380513000100.json,9d8d2dbfc73ac587d38fa00e2cc465b92f6611323023258c645035aa2a9c4087,BrasilAPI republica dados abertos oficiais da RFB; consulta unitaria por CNPJ
ReceitaFederal_BrasilAPI_61074175000138,https://brasilapi.com.br/api/cnpj/v1/61074175000138,2026-09-22T03:46:34Z,RAW/receita/61074175000138.json,dd50fe5e564d355eeb1fc5b27ef24a9f35e9ea04c682c7027ae7a3f8cc7322ca,BrasilAPI republica dados abertos oficiais da RFB; consulta unitaria por CNPJ
ReceitaFederal_BrasilAPI_18133809000157,https://brasilapi.com.br/api/cnpj/v1/18133809000157,2026-09-22T03:45:47Z,RAW/receita/18133809000157.json,dc5016b7accb4a416e278b7fbfecde2f86dc32304758cbe26af2887546a91643,BrasilAPI republica dados abertos oficiais da RFB; consulta unitaria por CNPJ
ReceitaFederal_BrasilAPI_26136748000100,https://brasilapi.com.br/api/cnpj/v1/26136748000100,2026-09-22T03:45:48Z,RAW/receita/26136748000100.json,81e56c721bc9f22dff06c26a40bc77e26970b6819df1ad055395a8c067778f91,BrasilAPI republica dados abertos oficiais da RFB; consulta unitaria por CNPJ
ReceitaFederal_BrasilAPI_31534848000124,https://brasilapi.com.br/api/cnpj/v1/31534848000124,2026-09-22T03:45:49Z,RAW/receita/31534848000124.json,8e6cb2854550467a862c5c24749aba7c2dba1bbc637a0633960c615d6170c75b,BrasilAPI republica dados abertos oficiais da RFB; consulta unitaria por CNPJ
ReceitaFederal_BrasilAPI_09180505000150,https://brasilapi.com.br/api/cnpj/v1/09180505000150,2026-09-22T03:45:50Z,RAW/receita/09180505000150.json,b7b02d58d383226342978d77d422d88a6dded22fbd2181e97feb8ac83f0d61b1,BrasilAPI republica dados abertos oficiais da RFB; consulta unitaria por CNPJ
ReceitaFederal_BrasilAPI_50428904000190,https://brasilapi.com.br/api/cnpj/v1/50428904000190,2026-09-22T03:45:52Z,RAW/receita/50428904000190.json,8799afe7ebc0e6e847ab75ae521f0f6c62d589cda619a465eb3c80629e92e9e0,BrasilAPI republica dados abertos oficiais da RFB; consulta unitaria por CNPJ
ReceitaFederal_BrasilAPI_07163211000194,https://brasilapi.com.br/api/cnpj/v1/07163211000194,2026-09-22T03:45:53Z,RAW/receita/07163211000194.json,4946f4e70408e1db90ee940896abd972eabf0a8194119921cea5e357f51242a0,BrasilAPI republica dados abertos oficiais da RFB; consulta unitaria por CNPJ
ReceitaFederal_BrasilAPI_44187990000194,https://brasilapi.com.br/api/cnpj/v1/44187990000194,2026-09-22T03:45:56Z,RAW/receita/44187990000194.json,5a51a847ccca0485fd6c8957e66c6a7561f521d3acc5a8845c4ced95405ace7d,BrasilAPI republica dados abertos oficiais da RFB; consulta unitaria por CNPJ
ReceitaFederal_BrasilAPI_55006797000126,https://brasilapi.com.br/api/cnpj/v1/55006797000126,2026-09-22T03:45:56Z,RAW/receita/55006797000126.json,37fcd9d5b9c6ea541195155533a2a6d9afd881b7823094a765a34422a32e5479,BrasilAPI republica dados abertos oficiais da RFB; consulta unitaria por CNPJ
ReceitaFederal_BrasilAPI_16825255000123,https://brasilapi.com.br/api/cnpj/v1/16825255000123,2026-09-22T03:45:59Z,RAW/receita/16825255000123.json,e6acdfe57cd9ca33535b8d119579698d842bd057270f2ba41d3e3ceb76f8cd37,BrasilAPI republica dados abertos oficiais da RFB; consulta unitaria por CNPJ
ReceitaFederal_BrasilAPI_03502099000118,https://brasilapi.com.br/api/cnpj/v1/03502099000118,2026-09-22T03:46:37Z,RAW/receita/03502099000118.json,9db6c06eb580385abc9417b9e82d5246cb1ac20157436bebac6526266d7b845e,BrasilAPI republica dados abertos oficiais da RFB; consulta unitaria por CNPJ
ReceitaFederal_BrasilAPI_42283770000139,https://brasilapi.com.br/api/cnpj/v1/42283770000139,2026-09-22T03:46:04Z,RAW/receita/42283770000139.json,8e73d61b56c7e512dde57244dc4a0534c76d9b72aac1ad8a19349426cbd4c980,BrasilAPI republica dados abertos oficiais da RFB; consulta unitaria por CNPJ
ReceitaFederal_BrasilAPI_61550141000172,https://brasilapi.com.br/api/cnpj/v1/61550141000172,2026-09-22T03:46:06Z,RAW/receita/61550141000172.json,37d275e5904947624af129eafe8fef066c77bac4fe74d50e872b1e4f9c2adea9,BrasilAPI republica dados abertos oficiais da RFB; consulta unitaria por CNPJ
ReceitaFederal_BrasilAPI_27053230000175,https://brasilapi.com.br/api/cnpj/v1/27053230000175,2026-09-22T03:46:08Z,RAW/receita/27053230000175.json,89e2c5b40ab265381fa3e3ce5f5a0eec18dada564d952fb39d169ad040a61888,BrasilAPI republica dados abertos oficiais da RFB; consulta unitaria por CNPJ
ReceitaFederal_BrasilAPI_33448150000111,https://brasilapi.com.br/api/cnpj/v1/33448150000111,2026-09-22T03:46:11Z,RAW/receita/33448150000111.json,a0104662b320cd876c5369b0badb8b05ba3afda13a777dece8c113b3a9e10c5f,BrasilAPI republica dados abertos oficiais da RFB; consulta unitaria por CNPJ
ReceitaFederal_BrasilAPI_84948157000133,https://brasilapi.com.br/api/cnpj/v1/84948157000133,2026-09-22T03:46:12Z,RAW/receita/84948157000133.json,66354255c6c3d876f1f3962d73fb0484bfcdb669bf3fe77e02f6941967da2d42,BrasilAPI republica dados abertos oficiais da RFB; consulta unitaria por CNPJ
ReceitaFederal_BrasilAPI_92682038000100,https://brasilapi.com.br/api/cnpj/v1/92682038000100,2026-09-22T03:46:13Z,RAW/receita/92682038000100.json,f6dc3c14a49ed04d2bfc142299c64b1a30453932f2e08d9d71a5118927d2f554,BrasilAPI republica dados abertos oficiais da RFB; consulta unitaria por CNPJ
ReceitaFederal_BrasilAPI_17197385000121,https://brasilapi.com.br/api/cnpj/v1/17197385000121,2026-09-22T03:46:29Z,RAW/receita/17197385000121.json,0f5fea25347b3cdf5f575a65dd8e2e4d8923a0478062afdc03801953329944fc,BrasilAPI republica dados abertos oficiais da RFB; consulta unitaria por CNPJ
ReceitaFederal_BrasilAPI_33054826000192,https://brasilapi.com.br/api/cnpj/v1/33054826000192,2026-09-22T03:46:17Z,RAW/receita/33054826000192.json,05de3ebe6058da907d3c4a5d014397d6048c05492c3943584d0f7558a7f8c720,BrasilAPI republica dados abertos oficiais da RFB; consulta unitaria por CNPJ
ReceitaFederal_BrasilAPI_61383493000180,https://brasilapi.com.br/api/cnpj/v1/61383493000180,2026-09-22T03:46:18Z,RAW/receita/61383493000180.json,1074730eb29e7bc02e74567ce01877b18bff3ca794d4f9e134fbe31550bd3017,BrasilAPI republica dados abertos oficiais da RFB; consulta unitaria por CNPJ
ReceitaFederal_BrasilAPI_67865360000127,https://brasilapi.com.br/api/cnpj/v1/67865360000127,2026-09-22T03:46:19Z,RAW/receita/67865360000127.json,883c9275eb5109599530eea5e2c4d74c1031a108e9b21301c4e0b7cbad1e8956,BrasilAPI republica dados abertos oficiais da RFB; consulta unitaria por CNPJ
ReceitaFederal_BrasilAPI_61198164000160,https://brasilapi.com.br/api/cnpj/v1/61198164000160,2026-09-22T03:46:21Z,RAW/receita/61198164000160.json,5a6829ed532e0d8b2bdc48042d0d13291e272c4e77f1143f1a386de3ead05e89,BrasilAPI republica dados abertos oficiais da RFB; consulta unitaria por CNPJ
ReceitaFederal_BrasilAPI_33072307000157,https://brasilapi.com.br/api/cnpj/v1/33072307000157,2026-09-22T03:46:22Z,RAW/receita/33072307000157.json,15fd82a1c973b4c1c0fc2d2118020f8b970f146982e834860889f1744113e08c,BrasilAPI republica dados abertos oficiais da RFB; consulta unitaria por CNPJ
ReceitaFederal_BrasilAPI_72145931000199,https://brasilapi.com.br/api/cnpj/v1/72145931000199,2026-09-22T03:46:24Z,RAW/receita/72145931000199.json,50383b22dd4d9c89c8a4c573460bbcad932a911c26b4f683c9d004a0f086604b,BrasilAPI republica dados abertos oficiais da RFB; consulta unitaria por CNPJ
ReceitaFederal_BrasilAPI_06347409000165,https://brasilapi.com.br/api/cnpj/v1/06347409000165,2026-09-22T03:46:25Z,RAW/receita/06347409000165.json,467915076d518bfc65b5f80dcb1f00049410307d56e6bf4b0b502ee424478d60,BrasilAPI republica dados abertos oficiais da RFB; consulta unitaria por CNPJ
ReceitaFederal_BrasilAPI_58768284000140,https://brasilapi.com.br/api/cnpj/v1/58768284000140,2026-09-22T03:46:26Z,RAW/receita/58768284000140.json,127f56a66b2d6a1fc24bf98cd4d9ce54ac2c4a5d65c58b9b1de60a65fc5c7641,BrasilAPI republica dados abertos oficiais da RFB; consulta unitaria por CNPJ
ReceitaFederal_BrasilAPI_33061862000183,https://brasilapi.com.br/api/cnpj/v1/33061862000183,2026-09-22T03:46:28Z,RAW/receita/33061862000183.json,2f599608f4282198cba38e6be429c81fafadcfaa82e44394248644bdf66c61d4,BrasilAPI republica dados abertos oficiais da RFB; consulta unitaria por CNPJ
ReceitaFederal_BrasilAPI_01356570003369,https://brasilapi.com.br/api/cnpj/v1/01356570003369,2026-09-22T03:46:31Z,RAW/receita/01356570003369.json,ce48cf9908b804a32414409ddaea343e37f424f50dff566df4b702210472f850,BrasilAPI republica dados abertos oficiais da RFB; consulta unitaria por CNPJ
ReceitaFederal_BrasilAPI_33164021000100,https://brasilapi.com.br/api/cnpj/v1/33164021000100,2026-09-22T03:46:32Z,RAW/receita/33164021000100.json,6cc75b80dcd8b6f119efb9de48a168a3d075a826595eab444cd860b92de7624d,BrasilAPI republica dados abertos oficiais da RFB; consulta unitaria por CNPJ
ReceitaFederal_BrasilAPI_01378407000110,https://brasilapi.com.br/api/cnpj/v1/01378407000110,2026-09-22T03:46:33Z,RAW/receita/01378407000110.json,d20ca50e7dfc7af3187ebc97433c8740a739bf0a801eb0da71256080ee264379,BrasilAPI republica dados abertos oficiais da RFB; consulta unitaria por CNPJ
ReceitaFederal_BrasilAPI_02713529000188,https://brasilapi.com.br/api/cnpj/v1/02713529000188,2026-09-22T03:46:36Z,RAW/receita/02713529000188.json,9c5ef5cbb24874172264ca36aa31a5445df0981d8c5debfa9373f7dc96b5c4e7,BrasilAPI republica dados abertos oficiais da RFB; consulta unitaria por CNPJ
ReceitaFederal_BrasilAPI_03546261000108,https://brasilapi.com.br/api/cnpj/v1/03546261000108,2026-09-22T03:46:38Z,RAW/receita/03546261000108.json,c3aba79588176e2b87465bae8620793099e503c5969a17628e5d46f08cc2fe42,BrasilAPI republica dados abertos oficiais da RFB; consulta unitaria por CNPJ
ReceitaFederal_BrasilAPI_33016221000107,https://brasilapi.com.br/api/cnpj/v1/33016221000107,2026-09-22T03:46:41Z,RAW/receita/33016221000107.json,5c5dd3c2d5b1a1c5008f1aca498685f8dd352dc713b14c4025c6f24ddc4f12a0,BrasilAPI republica dados abertos oficiais da RFB; consulta unitaria por CNPJ
ReceitaFederal_BrasilAPI_33245762000107,https://brasilapi.com.br/api/cnpj/v1/33245762000107,2026-09-22T03:46:42Z,RAW/receita/33245762000107.json,f35fe21eb9a85feb73bb2b1fac378c6fabcf796034e871b4de927867b8d8f2f2,BrasilAPI republica dados abertos oficiais da RFB; consulta unitaria por CNPJ
ReceitaFederal_BrasilAPI_33065699000127,https://brasilapi.com.br/api/cnpj/v1/33065699000127,2026-09-22T03:46:43Z,RAW/receita/33065699000127.json,7da5094ee7287656d50ccb548c3a34d89b7c6721af503a7dfa60a4fea1a2fd8f,BrasilAPI republica dados abertos oficiais da RFB; consulta unitaria por CNPJ
ReceitaFederal_BrasilAPI_90180605000102,https://brasilapi.com.br/api/cnpj/v1/90180605000102,2026-09-22T03:46:44Z,RAW/receita/90180605000102.json,8d389621880bcf772311ec1325a51daa79932532f7a35b325b1490c1772d7177,BrasilAPI republica dados abertos oficiais da RFB; consulta unitaria por CNPJ
ReceitaFederal_BrasilAPI_44019198000120,https://brasilapi.com.br/api/cnpj/v1/44019198000120,2026-09-22T03:46:45Z,RAW/receita/44019198000120.json,79c791f76b49b78f4eb7b3f6a12499f699e233bf26f440c571d418bd840fad08,BrasilAPI republica dados abertos oficiais da RFB; consulta unitaria por CNPJ
ReceitaFederal_BrasilAPI_51990695000137,https://brasilapi.com.br/api/cnpj/v1/51990695000137,2026-09-22T03:46:46Z,RAW/receita/51990695000137.json,bea3449ecb8a83493cac7f223e428e671a301bb421e0a2c764578632828903a7,BrasilAPI republica dados abertos oficiais da RFB; consulta unitaria por CNPJ
ReceitaFederal_BrasilAPI_92863505000106,https://brasilapi.com.br/api/cnpj/v1/92863505000106,2026-09-22T03:46:48Z,RAW/receita/92863505000106.json,fc67e0581132411f41d29a975c692a5097b59583af5213756514655efb8bbb67,BrasilAPI republica dados abertos oficiais da RFB; consulta unitaria por CNPJ
ReceitaFederal_BrasilAPI_33040981000150,https://brasilapi.com.br/api/cnpj/v1/33040981000150,2026-09-22T03:46:50Z,RAW/receita/33040981000150.json,f1c6bab089dc29ea8332a87719dc6d3e55f477e6e5daab4d2baf047af970bba7,BrasilAPI republica dados abertos oficiais da RFB; consulta unitaria por CNPJ
SUSEP_entidades_ativas,https://www2.susep.gov.br/safe/certidoes/gateway/pessoa/empresas/ativas,2026-09-22T03:45:03Z,RAW/ses_extracted/susep_entidades_ativas.json,b3accb587b113132172acdbaf9463b4546ee5c82c74f60b6c52397cdf6b97c7c,"Lista publica de entidades ativas supervisionadas pela SUSEP, com CNPJ; casamento por codigoFip==codigo_susep"
ReceitaFederal_BrasilAPI_08872199000150,https://brasilapi.com.br/api/cnpj/v1/08872199000150,2026-09-22T03:45:20Z,RAW/receita/08872199000150.json,3e8eb885dddeeea586fa257c64f219b866d4ed187e6dc26c12aebbc410c1da10,BrasilAPI republica dados abertos oficiais da RFB; consulta unitaria por CNPJ
ReceitaFederal_BrasilAPI_06109373000181,https://brasilapi.com.br/api/cnpj/v1/06109373000181,2026-09-22T03:45:21Z,RAW/receita/06109373000181.json,c4746dadd178ffbd268e100a55624f892387dddba1f69946bb809140e9e4b83c,BrasilAPI republica dados abertos oficiais da RFB; consulta unitaria por CNPJ
ReceitaFederal_BrasilAPI_33608308000173,https://brasilapi.com.br/api/cnpj/v1/33608308000173,2026-09-22T03:45:24Z,RAW/receita/33608308000173.json,55db9798fca643c9fb708909639c5c7dc9d2b4991d963e9c12c5d31b519d7216,BrasilAPI republica dados abertos oficiais da RFB; consulta unitaria por CNPJ
ReceitaFederal_BrasilAPI_19449767000120,https://brasilapi.com.br/api/cnpj/v1/19449767000120,2026-09-22T03:45:30Z,RAW/receita/19449767000120.json,f56a85c629194aee9d6bd52b19a30a07a93cbe179422b33a4d41a91b90c4ce41,BrasilAPI republica dados abertos oficiais da RFB; consulta unitaria por CNPJ
ReceitaFederal_BrasilAPI_95611141000157,https://brasilapi.com.br/api/cnpj/v1/95611141000157,2026-09-22T03:45:32Z,RAW/receita/95611141000157.json,65497671d054a474b843c25883e966c7d41fbe2101bd9db3efb4e1cb284580ae,BrasilAPI republica dados abertos oficiais da RFB; consulta unitaria por CNPJ
ReceitaFederal_BrasilAPI_14333631000137,https://brasilapi.com.br/api/cnpj/v1/14333631000137,2026-09-22T03:45:34Z,RAW/receita/14333631000137.json,0020fd2b68d7c69b8cd7869929bd666399da066c50302bff8e48952812cce76c,BrasilAPI republica dados abertos oficiais da RFB; consulta unitaria por CNPJ
ReceitaFederal_BrasilAPI_02713530000102,https://brasilapi.com.br/api/cnpj/v1/02713530000102,2026-09-22T03:45:35Z,RAW/receita/02713530000102.json,4d988a95672de4d33710290ed7de7fa558bc5fb92ea77998c8ae5b77d432f796,BrasilAPI republica dados abertos oficiais da RFB; consulta unitaria por CNPJ
ReceitaFederal_BrasilAPI_09315871000179,https://brasilapi.com.br/api/cnpj/v1/09315871000179,2026-09-22T03:45:41Z,RAW/receita/09315871000179.json,4c2594f47abbb4cc3b82b084e849eb4c976df303998387078ec6727d82c512bd,BrasilAPI republica dados abertos oficiais da RFB; consulta unitaria por CNPJ
ReceitaFederal_BrasilAPI_09248608000104,https://brasilapi.com.br/api/cnpj/v1/09248608000104,2026-09-22T03:45:45Z,RAW/receita/09248608000104.json,5d294b78c17b19c1055c37466414b9eacac98b62c7cae945886ae4b20eb2f5c8,BrasilAPI republica dados abertos oficiais da RFB; consulta unitaria por CNPJ
ReceitaFederal_BrasilAPI_09064453000156,https://brasilapi.com.br/api/cnpj/v1/09064453000156,2026-09-22T03:45:51Z,RAW/receita/09064453000156.json,ee758f4745ee618f6011a3dc1c94726201e17b57ad5e81fe1d6df5318a70a755,BrasilAPI republica dados abertos oficiais da RFB; consulta unitaria por CNPJ
ReceitaFederal_BrasilAPI_30862594000100,https://brasilapi.com.br/api/cnpj/v1/30862594000100,2026-09-22T03:45:54Z,RAW/receita/30862594000100.json,337ec12941a88c25e19c0119a14486eeda7c510a2b396bbc7fc9cd3e5ab7e495,BrasilAPI republica dados abertos oficiais da RFB; consulta unitaria por CNPJ
ReceitaFederal_BrasilAPI_08602745000132,https://brasilapi.com.br/api/cnpj/v1/08602745000132,2026-09-22T03:45:55Z,RAW/receita/08602745000132.json,32a5dd07f4b47c60db33bdd2c758a8fdfe5004775c523bd25609a92e46e05be8,BrasilAPI republica dados abertos oficiais da RFB; consulta unitaria por CNPJ
ReceitaFederal_BrasilAPI_10793428000192,https://brasilapi.com.br/api/cnpj/v1/10793428000192,2026-09-22T03:45:57Z,RAW/receita/10793428000192.json,ec7961e274b273859e73e376179ae0558706bd26815755b87ec6bdda559fe19a,BrasilAPI republica dados abertos oficiais da RFB; consulta unitaria por CNPJ
ReceitaFederal_BrasilAPI_17341270000169,https://brasilapi.com.br/api/cnpj/v1/17341270000169,2026-09-22T03:45:58Z,RAW/receita/17341270000169.json,f9761da8e13cd2656ce9cda486564de306851a9c9a58e903bcb806aec6f4edfc,BrasilAPI republica dados abertos oficiais da RFB; consulta unitaria por CNPJ
ReceitaFederal_BrasilAPI_15144017000190,https://brasilapi.com.br/api/cnpj/v1/15144017000190,2026-09-22T03:46:01Z,RAW/receita/15144017000190.json,841443db0d5e684241f64f1f12b1be2a2f535a7d31fe30252e60621472952c5a,BrasilAPI republica dados abertos oficiais da RFB; consulta unitaria por CNPJ
ReceitaFederal_BrasilAPI_87376109000106,https://brasilapi.com.br/api/cnpj/v1/87376109000106,2026-09-22T03:46:02Z,RAW/receita/87376109000106.json,f466a85959998ecb3352c9fd64a1028ad4b1755a91631d2ebed49825eb38622d,BrasilAPI republica dados abertos oficiais da RFB; consulta unitaria por CNPJ
ReceitaFederal_BrasilAPI_33041062000109,https://brasilapi.com.br/api/cnpj/v1/33041062000109,2026-09-22T03:46:03Z,RAW/receita/33041062000109.json,edbc6b880ca63e6b7bb83d65511c181e7a2e8fdb1d1e90f4972dc75ef0dd2976,BrasilAPI republica dados abertos oficiais da RFB; consulta unitaria por CNPJ
ReceitaFederal_BrasilAPI_92751213000173,https://brasilapi.com.br/api/cnpj/v1/92751213000173,2026-09-22T03:46:07Z,RAW/receita/92751213000173.json,8f110290af9d09cbb0d4b38b291d18b346eacae6583cf952a4a4390600ba8fe2,BrasilAPI republica dados abertos oficiais da RFB; consulta unitaria por CNPJ
ReceitaFederal_BrasilAPI_42582049000140,https://brasilapi.com.br/api/cnpj/v1/42582049000140,2026-09-22T03:46:16Z,RAW/receita/42582049000140.json,5c17088959467726df738ea1d38f28685b1d398171efe70688e181d1333f0c83,BrasilAPI republica dados abertos oficiais da RFB; consulta unitaria por CNPJ
ReceitaFederal_BrasilAPI_54484753000149,https://brasilapi.com.br/api/cnpj/v1/54484753000149,2026-09-22T03:46:16Z,RAW/receita/54484753000149.json,471ec72e82f5ad03b547588e09ae523fefe1c961242cf2ed8fa1a55849617522,BrasilAPI republica dados abertos oficiais da RFB; consulta unitaria por CNPJ
ReceitaFederal_BrasilAPI_87883807000106,https://brasilapi.com.br/api/cnpj/v1/87883807000106,2026-09-22T03:46:27Z,RAW/receita/87883807000106.json,f4761f4a44107dede58af984ba4462261372ec6c7e6412f609121ce5d9e2c6b0,BrasilAPI republica dados abertos oficiais da RFB; consulta unitaria por CNPJ
ReceitaFederal_BrasilAPI_17479056000173,https://brasilapi.com.br/api/cnpj/v1/17479056000173,2026-09-22T03:46:30Z,RAW/receita/17479056000173.json,299ca59b3a487808def2f83a95ce3a51aa3d336167cb135c04cdd168e3b0e03d,BrasilAPI republica dados abertos oficiais da RFB; consulta unitaria por CNPJ
ReceitaFederal_BrasilAPI_06136920000118,https://brasilapi.com.br/api/cnpj/v1/06136920000118,2026-09-22T03:46:39Z,RAW/receita/06136920000118.json,03ccc96d9f6b66872222d9873bdfa1923b4dfb897deac632bcfdf31138951b36,BrasilAPI republica dados abertos oficiais da RFB; consulta unitaria por CNPJ
ReceitaFederal_BrasilAPI_28196889000143,https://brasilapi.com.br/api/cnpj/v1/28196889000143,2026-09-22T03:46:43Z,RAW/receita/28196889000143.json,0b5c0adf5a9de79b1c4f064ebd85715497939164c452cfa949eb01e5a5bd2e61,BrasilAPI republica dados abertos oficiais da RFB; consulta unitaria por CNPJ
ReceitaFederal_BrasilAPI_42366302000128,https://brasilapi.com.br/api/cnpj/v1/42366302000128,2026-09-22T03:46:47Z,RAW/receita/42366302000128.json,74d81ebd1d5d13d6459fdf3eb095817aff4ff78d5096a1b00e24e7e0c023cbee,BrasilAPI republica dados abertos oficiais da RFB; consulta unitaria por CNPJ
ReceitaFederal_BrasilAPI_29959459000107,https://brasilapi.com.br/api/cnpj/v1/29959459000107,2026-09-22T03:46:49Z,RAW/receita/29959459000107.json,05215b920070396cb02c6c030ba02084c15428451136c6cb5400f257ddc4b262,BrasilAPI republica dados abertos oficiais da RFB; consulta unitaria por CNPJ
ReceitaFederal_BrasilAPI_30902142000105,https://brasilapi.com.br/api/cnpj/v1/30902142000105,2026-09-22T03:46:51Z,RAW/receita/30902142000105.json,153a5d172e9acbf5694d20a6bd81b8d0a998f97ff896c1affe90209f2edfd863,BrasilAPI republica dados abertos oficiais da RFB; consulta unitaria por CNPJ
ReceitaFederal_BrasilAPI_37960905000113,https://brasilapi.com.br/api/cnpj/v1/37960905000113,2026-09-22T03:45:14Z,RAW/receita/37960905000113.json,8fc48c8a6a80824268c34f5d788afd6563681f785f122711663b760bdc87445b,BrasilAPI republica dados abertos oficiais da RFB; consulta unitaria por CNPJ
ReceitaFederal_BrasilAPI_11521976000126,https://brasilapi.com.br/api/cnpj/v1/11521976000126,2026-09-22T03:45:28Z,RAW/receita/11521976000126.json,12f759eb233aeb281b4be21814a726dd05e97c5fd763dcec6b14b03bdb4e5638,BrasilAPI republica dados abertos oficiais da RFB; consulta unitaria por CNPJ
ReceitaFederal_BrasilAPI_95619003000114,https://brasilapi.com.br/api/cnpj/v1/95619003000114,2026-09-22T03:45:42Z,RAW/receita/95619003000114.json,a618cbaa4b071a80f94d167328dda3a6e2aeec3622fe49cfd4fec8f1e0d91917,BrasilAPI republica dados abertos oficiais da RFB; consulta unitaria por CNPJ
ReceitaFederal_BrasilAPI_01582075000190,https://brasilapi.com.br/api/cnpj/v1/01582075000190,2026-09-22T03:46:35Z,RAW/receita/01582075000190.json,d951f79f2c22651b029b97188caeb56a1265e7af6697faeffd9879abb0645697,BrasilAPI republica dados abertos oficiais da RFB; consulta unitaria por CNPJ
