fonte,dataset,titulo_recurso,url_origem,data_hora_download,arquivo_original,tamanho_bytes,sha256,periodo_inicial,periodo_final,granularidade,quantidade_linhas,status_validacao,observacoes
SENATRAN,frota_uf_tipo,Frota por UF e Tipo de Veiculo 12/2016,https://www.gov.br/transportes/pt-br/assuntos/transito/arquivos-senatran/estatisticas/renavam/2016/dezembro/frota_por_uf_e_tipo-dez_16.xls,2026-09-22T14:08:30Z,frota_uf_tipo_201612.xls,39936,8097a6d07ee4952dbe6e13fc6f4638fd6c039d57dfe67d79cdbff47975976a23,201612,201612,mensal,,baixado,
SENATRAN,frota_uf_tipo,Frota por UF e Tipo de Veiculo 11/2016,https://www.gov.br/transportes/pt-br/assuntos/transito/arquivos-senatran/estatisticas/renavam/2016/novembro/frota_por_uf_e_tipo-nov_16.xls,2026-09-22T14:08:30Z,frota_uf_tipo_201611.xls,39936,4091144a013de57c4a78d610167c494c48ea71fd1b97cb28f1878428a8d1c177,201611,201611,mensal,,baixado,
SENATRAN,frota_uf_tipo,Frota por UF e Tipo de Veiculo 10/2016,https://www.gov.br/transportes/pt-br/assuntos/transito/arquivos-senatran/estatisticas/renavam/2016/outubro/frota_por_uf_e_tipo-out_16.xls,2026-09-22T14:08:31Z,frota_uf_tipo_201610.xls,40960,c1b2614b331e47669b75f490ae77c96202659e8bbc3c8bd36e4e3f2dc0c89c8a,201610,201610,mensal,,baixado,
SENATRAN,frota_uf_tipo,Frota por UF e Tipo de Veiculo 09/2016,https://www.gov.br/transportes/pt-br/assuntos/transito/arquivos-senatran/estatisticas/renavam/2016/setembro/frota_por_uf_e_tipo-set_16.xlsx,2026-09-22T14:08:31Z,frota_uf_tipo_201609.xlsx,17759,9fdaa9805e4b99601fcd00bed94ab478e3905e6b116c574d5861e9e07a9eb81b,201609,201609,mensal,,baixado,
SENATRAN,frota_uf_tipo,Frota por UF e Tipo de Veiculo 08/2016,https://www.gov.br/transportes/pt-br/assuntos/transito/arquivos-senatran/estatisticas/renavam/2016/agosto/frota_por_uf_e_tipo-ago_16.xlsx,2026-09-22T14:08:32Z,frota_uf_tipo_201608.xlsx,17800,a4f89d4966f50b69f97e7b9d1213fc39c9bbd0599dbe8dd111966c737ffe9cf8,201608,201608,mensal,,baixado,
SENATRAN,frota_uf_tipo,Frota por UF e Tipo de Veiculo 07/2016,https://www.gov.br/transportes/pt-br/assuntos/transito/arquivos-senatran/estatisticas/renavam/2016/julho/frota_por_uf_e_tipo-jul_16.xlsx,2026-09-22T14:08:32Z,frota_uf_tipo_201607.xlsx,17755,43f1b1e3d80881f25788a7f91a1230902bd60518cc484a5179103f224956a813,201607,201607,mensal,,baixado,
SENATRAN,frota_uf_tipo,Frota por UF e Tipo de Veiculo 06/2016,https://www.gov.br/transportes/pt-br/assuntos/transito/arquivos-senatran/estatisticas/renavam/2016/junho/frota_por_uf_e_tipo-jun_16.rar,2026-09-22T14:08:33Z,frota_uf_tipo_201606.rar,8792,7900bd78948163bf202ffd9457c856e9acbb50d274c022f6066aaf90bcc6e6d3,201606,201606,mensal,,baixado,
SENATRAN,frota_uf_tipo,Frota por UF e Tipo de Veiculo 05/2016,https://www.gov.br/transportes/pt-br/assuntos/transito/arquivos-senatran/estatisticas/renavam/2016/maio/frota_por_uf_e_tipo-mai_16.rar,2026-09-22T14:08:33Z,frota_uf_tipo_201605.rar,8769,00d50315ad440065ff9225c9655e30dcbbee8fc6f174820da325d62712a97689,201605,201605,mensal,,baixado,
SENATRAN,frota_uf_tipo,Frota por UF e Tipo de Veiculo 04/2016,https://www.gov.br/transportes/pt-br/assuntos/transito/arquivos-senatran/estatisticas/renavam/2016/abril/frota_por_uf_e_tipo-abr_16.rar,2026-09-22T14:08:33Z,frota_uf_tipo_201604.rar,8808,9e1653f2a34375bc898b4f239350520f4fcedcbbd2053af9cc566aaabe0bee9b,201604,201604,mensal,,baixado,
SENATRAN,frota_uf_tipo,Frota por UF e Tipo de Veiculo 03/2016,https://www.gov.br/transportes/pt-br/assuntos/transito/arquivos-senatran/estatisticas/renavam/2016/marco/frota_por_uf_e_tipo-mar_16.rar,2026-09-22T14:08:34Z,frota_uf_tipo_201603.rar,8791,cda91d670d17f666f8843ecb0f7db367065d4a7dc844560fe7e2a57deccb2924,201603,201603,mensal,,baixado,
SENATRAN,frota_uf_tipo,Frota por UF e Tipo de Veiculo 02/2016,https://www.gov.br/transportes/pt-br/assuntos/transito/arquivos-senatran/estatisticas/renavam/2016/fevereiro/frota_por_uf_e_tipo-fev_16.rar,2026-09-22T14:08:34Z,frota_uf_tipo_201602.rar,8791,54ab413672d287e06fa15695e8ab7c4e57a94e386eace55c49a7857b487157c1,201602,201602,mensal,,baixado,
SENATRAN,frota_uf_tipo,Frota por UF e Tipo de Veiculo 01/2016,https://www.gov.br/transportes/pt-br/assuntos/transito/arquivos-senatran/estatisticas/renavam/2016/janeiro/frota_por_uf_e_tipo_jan_16.rar,2026-09-22T14:08:35Z,frota_uf_tipo_201601.rar,8816,b0a2b55c6ad2037ba21f22d30e604b3ab0aaf729e69085b9450fcffbfa7e3e87,201601,201601,mensal,,baixado,
SENATRAN,frota_uf_tipo,Frota por UF e Tipo de Veiculo 11/2024,https://www.gov.br/transportes/pt-br/assuntos/transito/conteudo-Senatran/copy_of_FrotaporUFeTipodeVeiculoNovembro20242.xlsx,2026-09-22T14:08:35Z,frota_uf_tipo_202411.xlsx,26738,1e99530b6ff941f0e5958529b6aecfd2dd103137dc12852510a03bda8e888ba1,202411,202411,mensal,,baixado,
SENATRAN,frota_uf_tipo,Frota por UF e Tipo de Veiculo 10/2024,https://www.gov.br/transportes/pt-br/assuntos/transito/conteudo-Senatran/FrotaporUFeTipodeVeiculoOutubro2024.xlsx,2026-09-22T14:08:36Z,frota_uf_tipo_202410.xlsx,26735,955f41750292ab25673e8553f6ed74d37fe6a8f6f83caa9843c0f1a75fcd5036,202410,202410,mensal,,baixado,
SENATRAN,frota_uf_tipo,Frota por UF e Tipo de Veiculo 09/2024,https://www.gov.br/transportes/pt-br/assuntos/transito/conteudo-Senatran/FrotaporUFeTipodeVeculoSetembro2024.xlsx,2026-09-22T14:08:36Z,frota_uf_tipo_202409.xlsx,26722,80197fdf47d3c095132edc63aa791a2364012b22a669c8890018c28d7b5dc5ce,202409,202409,mensal,,baixado,
SENATRAN,frota_uf_tipo,Frota por UF e Tipo de Veiculo 08/2024,https://www.gov.br/transportes/pt-br/assuntos/transito/conteudo-Senatran/FrotaporUFeTipodeVeculoAgosto2024.xlsx,2026-09-22T14:08:37Z,frota_uf_tipo_202408.xlsx,26670,f51ed41f1d7b5a3c0108dbb4777d36c279dfdbde3241f88d9097b345811ea5be,202408,202408,mensal,,baixado,
SENATRAN,frota_uf_tipo,Frota por UF e Tipo de Veiculo 07/2024,https://www.gov.br/transportes/pt-br/assuntos/transito/conteudo-Senatran/FrotaporUFeTipodeVeculoJUL2024.xlsx,2026-09-22T14:08:37Z,frota_uf_tipo_202407.xlsx,26604,95fc9191c49a59ef1e2b8c81c8bd76ff015c476256f154316e2d2b3c725863eb,202407,202407,mensal,,baixado,
SENATRAN,frota_uf_tipo,Frota por UF e Tipo de Veiculo 06/2024,https://www.gov.br/transportes/pt-br/assuntos/transito/conteudo-Senatran/copy_of_FrotaporUFeTipodeVeculoJUN2024.xlsx,2026-09-22T14:08:38Z,frota_uf_tipo_202406.xlsx,26590,f3bca878fb4bb4b334213166a095959e7a23943d4f3fc498c0111345c3cc6847,202406,202406,mensal,,baixado,
SENATRAN,frota_uf_tipo,Frota por UF e Tipo de Veiculo 05/2024,https://www.gov.br/transportes/pt-br/assuntos/transito/conteudo-Senatran/FrotaporUFeTipodeVeculoMAIO2024.xlsx,2026-09-22T14:08:38Z,frota_uf_tipo_202405.xlsx,26615,3eaeb74ebde5a813340005dfc82970e5acec463def562c92e83fbe40c8c63bab,202405,202405,mensal,,baixado,
SENATRAN,frota_uf_tipo,Frota por UF e Tipo de Veiculo 04/2024,https://www.gov.br/transportes/pt-br/assuntos/transito/conteudo-Senatran/FrotaporUFTipoveiculoAbril20241.xlsx,2026-09-22T14:08:38Z,frota_uf_tipo_202404.xlsx,26592,273e063dbdbd80216efc09861e5dec3b1fd46591e39d8eb43c26b694e18ef56f,202404,202404,mensal,,baixado,
SENATRAN,frota_uf_tipo,Frota por UF e Tipo de Veiculo 03/2024,https://www.gov.br/transportes/pt-br/assuntos/transito/conteudo-Senatran/FrotaporUFeTipodeVeculoMAR2024.xlsx,2026-09-22T14:08:39Z,frota_uf_tipo_202403.xlsx,26552,01bcf179a23a03c784320332032cd1c2fa4640aa7c47741a581dee8ca1ac310f,202403,202403,mensal,,baixado,
SENATRAN,frota_uf_tipo,Frota por UF e Tipo de Veiculo 02/2024,https://www.gov.br/transportes/pt-br/assuntos/transito/conteudo-Senatran/copy_of_FrotaporUFeTipodeVeculoFEV2024.xlsx,2026-09-22T14:08:39Z,frota_uf_tipo_202402.xlsx,26599,e2aa63c19067b8c33e7c61d4576efa15ee514b2f9d3b7b6eee47dfa11c382e7c,202402,202402,mensal,,baixado,
SENATRAN,frota_uf_tipo,Frota por UF e Tipo de Veiculo 01/2024,https://www.gov.br/transportes/pt-br/assuntos/transito/conteudo-Senatran/copy2_of_FrotaRegUFTipoModelo06Janeiro2024.xls,2026-09-22T14:08:40Z,frota_uf_tipo_202401.xls,41984,ef3443f767d29c7896687de1634ae7c48af838ba5865425eeb282b61bc6eebf6,202401,202401,mensal,,baixado,
SENATRAN,frota_uf_tipo,Frota por UF e Tipo de Veiculo 09/2025,https://www.gov.br/transportes/pt-br/assuntos/transito/conteudo-Senatran/FrotaporUFeTipodeveculoSETEMBRO2025.xlsx,2026-09-22T14:08:40Z,frota_uf_tipo_202509.xlsx,30922,7e14ab998fa4792f332d8edcac84aa067e0f61fb77cc3ee08218b07e1e3fda56,202509,202509,mensal,,baixado,
SENATRAN,frota_uf_tipo,Frota por UF e Tipo de Veiculo 08/2025,https://www.gov.br/transportes/pt-br/assuntos/transito/conteudo-Senatran/arquivos-renavam-2025/frota-por-uf-e-tipo-de-veiculo-agosto-2025.xlsx,2026-09-22T14:08:41Z,frota_uf_tipo_202508.xlsx,27122,b93ba3d3a18224c75bc0016038828dc232e542ea24dc5916d3911ba6e1bea660,202508,202508,mensal,,baixado,
SENATRAN,frota_uf_tipo,Frota por UF e Tipo de Veiculo 07/2025,https://www.gov.br/transportes/pt-br/assuntos/transito/conteudo-Senatran/FrotaporUFeTipodeVeculoJulho2025.xlsx,2026-09-22T14:08:41Z,frota_uf_tipo_202507.xlsx,26739,3d6e9f1c738a9b126f5f8f15cb7206c0d7d318380f861d2ab13b2bca9c4c7817,202507,202507,mensal,,baixado,
SENATRAN,frota_uf_tipo,Frota por UF e Tipo de Veiculo 06/2025,https://www.gov.br/transportes/pt-br/assuntos/transito/conteudo-Senatran/FrotaporUFeTipodeVeculoJunho2025.xlsx,2026-09-22T14:08:42Z,frota_uf_tipo_202506.xlsx,26740,9dd062a1857ac391ab5bb1ff3f16296329f113b24f70439f619ec29f2122e24e,202506,202506,mensal,,baixado,
SENATRAN,frota_uf_tipo,Frota por UF e Tipo de Veiculo 05/2025,https://www.gov.br/transportes/pt-br/assuntos/transito/conteudo-Senatran/FrotaporUFeTipodeVeculoMaio2025.xlsx,2026-09-22T14:08:42Z,frota_uf_tipo_202505.xlsx,26715,1037a7336de2d686da75154e44476ad7817895d6fc72b0129183f7c5f315317a,202505,202505,mensal,,baixado,
SENATRAN,frota_uf_tipo,Frota por UF e Tipo de Veiculo 04/2025,https://www.gov.br/transportes/pt-br/assuntos/transito/conteudo-Senatran/FrotaporUFeTipodeVeculoABRIL2025.xlsx,2026-09-22T14:08:43Z,frota_uf_tipo_202504.xlsx,26712,12e97356c29eaba48cc942b2a789bd7a0822b993672ff3707933139b481b28c8,202504,202504,mensal,,baixado,
SENATRAN,frota_uf_tipo,Frota por UF e Tipo de Veiculo 03/2025,https://www.gov.br/transportes/pt-br/assuntos/transito/conteudo-Senatran/copy2_of_Frota_por_UF_Tipo_de_veiculo_Maro_2025.xlsx,2026-09-22T14:08:43Z,frota_uf_tipo_202503.xlsx,26731,88f11bb1bdfb6b2151b92cfabdda2ee4b9ee6bb5a73f3672f049453a197c61fa,202503,202503,mensal,,baixado,
SENATRAN,frota_uf_tipo,Frota por UF e Tipo de Veiculo 02/2025,https://www.gov.br/transportes/pt-br/assuntos/transito/conteudo-Senatran/Frota_por_UF_Tipo_de_veiculo_Fevereiro_2025.xlsx,2026-09-22T14:08:44Z,frota_uf_tipo_202502.xlsx,26685,2357b187ed16d92dab2be961a88516a29225ce53187d2aaff13ef36b2007dd5f,202502,202502,mensal,,baixado,
SENATRAN,frota_uf_tipo,Frota por UF e Tipo de Veiculo 01/2025,https://www.gov.br/transportes/pt-br/assuntos/transito/conteudo-Senatran/Frota_por_UF_Tipo_de_veiculo_Janeiro_2025.xlsx,2026-09-22T14:08:44Z,frota_uf_tipo_202501.xlsx,26740,6b8e3850655463b92895dc21791ff0809139e3986d30346430e8706647d9e92c,202501,202501,mensal,,baixado,
SENATRAN,frota_uf_tipo,Frota por UF e Tipo de Veiculo 07/2026,https://www.gov.br/transportes/pt-br/assuntos/transito/conteudo-Senatran/frota-de-veiculos-2026-2/Frota_por_uf_e_tipo_de_veiculo_Julho_2026.xlsx,2026-09-22T14:08:45Z,frota_uf_tipo_202607.xlsx,31084,4f728c1067c0845dbc01fcbb0aaecd158bbda081a6a9ea98cce5556c1d2f7eb0,202607,202607,mensal,,baixado,
SENATRAN,frota_uf_tipo,Frota por UF e Tipo de Veiculo 06/2026,https://www.gov.br/transportes/pt-br/assuntos/transito/conteudo-Senatran/frota-de-veiculos-2026-2/Frota_por_uf_e_tipo_de_veiculo_Junho_2026.xlsx,2026-09-22T14:08:45Z,frota_uf_tipo_202606.xlsx,31061,03fbb187f1b5e3eb3d4a0ba1156b59fdc9b7df22641df189cfd27535c845355e,202606,202606,mensal,,baixado,
SENATRAN,frota_uf_tipo,Frota por UF e Tipo de Veiculo 05/2026,https://www.gov.br/transportes/pt-br/assuntos/transito/conteudo-Senatran/frota-de-veiculos-2026-2/Frota_por_uf_e_tipo_de_veiculo_Maio_2026.xlsx,2026-09-22T14:08:45Z,frota_uf_tipo_202605.xlsx,31058,976c18f3ea0e3766dd329d5d53a8c6065815e88c9fa24e1a0908f317f41a0560,202605,202605,mensal,,baixado,
SENATRAN,frota_uf_tipo,Frota por UF e Tipo de Veiculo 04/2026,https://www.gov.br/transportes/pt-br/assuntos/transito/conteudo-Senatran/Frota_por_uf_e_tipo_de_veiculo_Abril_2026.xlsx,2026-09-22T14:08:46Z,frota_uf_tipo_202604.xlsx,31090,ba94a026e7e7b6633494a7f691500bb28b1fb3644b85b0ee54054ce173e30c12,202604,202604,mensal,,baixado,
SENATRAN,frota_uf_tipo,Frota por UF e Tipo de Veiculo 03/2026,https://www.gov.br/transportes/pt-br/assuntos/transito/conteudo-Senatran/frota-de-veiculos-2026-2/Frota_por_uf_e_tipo_de_veiculo_Maro_2026.xlsx,2026-09-22T14:08:46Z,frota_uf_tipo_202603.xlsx,31084,ff86cbe06c9ec929039a955ed0f680b8cdd9cde707d195f08bfc245eb2bbc682,202603,202603,mensal,,baixado,
SENATRAN,frota_uf_tipo,Frota por UF e Tipo de Veiculo 02/2026,https://www.gov.br/transportes/pt-br/assuntos/transito/conteudo-Senatran/frota-de-veiculos-2026-2/frotaporufetipodeveiculofevereiro2026.xlsx,2026-09-22T14:08:47Z,frota_uf_tipo_202602.xlsx,31072,69ddf7251b86e614602011304d2d18268756da729ea09deb04d5a89a49eba61a,202602,202602,mensal,,baixado,
SENATRAN,frota_uf_tipo,Frota por UF e Tipo de Veiculo 12/2017,https://www.gov.br/transportes/pt-br/assuntos/transito/arquivos-senatran/estatisticas/renavam/2017/dezembro/frota_reg_uf-_tipo_modelo_dez_2017_2.xls,2026-09-22T14:10:32Z,frota_uf_tipo_201712.xls,74240,adc973346dc21fb0d69ae2211702183fee05b22af1a17cedd9504f68d871374e,201712,201712,mensal,,baixado,
SENATRAN,frota_uf_tipo,Frota por UF e Tipo de Veiculo 11/2017,https://www.gov.br/transportes/pt-br/assuntos/transito/arquivos-senatran/estatisticas/renavam/2017/novembro/frota_reg_uf-_tipo_modelo_nov_2017.xls,2026-09-22T14:10:33Z,frota_uf_tipo_201711.xls,39936,5c034e491179902236dff42ccf2a02c82defb46fdab3f50206fcd2781fc82b53,201711,201711,mensal,,baixado,
SENATRAN,frota_uf_tipo,Frota por UF e Tipo de Veiculo 10/2017,https://www.gov.br/transportes/pt-br/assuntos/transito/arquivos-senatran/estatisticas/renavam/2017/outubro/frota_reg_uf-_tipo_modelo_out_2017.xls,2026-09-22T14:10:33Z,frota_uf_tipo_201710.xls,39936,ad8596911d9c9f6e7d4b7cfb187288aefceeb57ee0ef95cd883a6d60415bf009,201710,201710,mensal,,baixado,
SENATRAN,frota_uf_tipo,Frota por UF e Tipo de Veiculo 09/2017,https://www.gov.br/transportes/pt-br/assuntos/transito/arquivos-senatran/estatisticas/renavam/2017/setembro/frota_reg_uf-_tipo_modelo_set_2017.xls,2026-09-22T14:10:34Z,frota_uf_tipo_201709.xls,39936,402261536bfdd61f87a4ab88735a005fef56d71b1cc5ea465bdf6f40dd42ac0f,201709,201709,mensal,,baixado,
SENATRAN,frota_uf_tipo,Frota por UF e Tipo de Veiculo 08/2017,https://www.gov.br/transportes/pt-br/assuntos/transito/arquivos-senatran/estatisticas/renavam/2017/agosto/frota_reg_uf-tipo_modelo_ago_2017.xls,2026-09-22T14:10:34Z,frota_uf_tipo_201708.xls,39936,84ebeddcf75f669c1ffe3f9e13a3fac5bafa4157434f4a5a502745d06a64303b,201708,201708,mensal,,baixado,
SENATRAN,frota_uf_tipo,Frota por UF e Tipo de Veiculo 07/2017,https://www.gov.br/transportes/pt-br/assuntos/transito/arquivos-senatran/estatisticas/renavam/2017/julho/frota_reg_uf-tipo_modelo_jul_2017.xls,2026-09-22T14:10:35Z,frota_uf_tipo_201707.xls,39936,179fba88c2d0011489d725f8d805aaa85f5d5f286a4ec6f4467a93c9b9c4040d,201707,201707,mensal,,baixado,
SENATRAN,frota_uf_tipo,Frota por UF e Tipo de Veiculo 06/2017,https://www.gov.br/transportes/pt-br/assuntos/transito/arquivos-senatran/estatisticas/renavam/2017/junho/frota_reg_uf-tipo_modelo_jun_2017.xls,2026-09-22T14:10:35Z,frota_uf_tipo_201706.xls,39936,9c5dfbcde2120c7eb499938092a54dd5664e61738c572b78d0285bd1c45854d2,201706,201706,mensal,,baixado,
SENATRAN,frota_uf_tipo,Frota por UF e Tipo de Veiculo 05/2017,https://www.gov.br/transportes/pt-br/assuntos/transito/arquivos-senatran/estatisticas/renavam/2017/maio/frota_reg_uf-tipo_modelo_mai_2017.xls,2026-09-22T14:10:36Z,frota_uf_tipo_201705.xls,39936,e44048452718adf0698746e8254cb2d477e300ada957c7a060520e04f7d80a87,201705,201705,mensal,,baixado,
SENATRAN,frota_uf_tipo,Frota por UF e Tipo de Veiculo 04/2017,https://www.gov.br/transportes/pt-br/assuntos/transito/arquivos-senatran/estatisticas/renavam/2017/abril/frota_reg_uf-tipo_modelo_abr_2017.xls,2026-09-22T14:10:36Z,frota_uf_tipo_201704.xls,39936,1d41618aed5571169d1e839e9933b77b5d4d82ba762b682abb22860ecf7786e3,201704,201704,mensal,,baixado,
SENATRAN,frota_uf_tipo,Frota por UF e Tipo de Veiculo 03/2017,https://www.gov.br/transportes/pt-br/assuntos/transito/arquivos-senatran/estatisticas/renavam/2017/marco/frota_reg_uf-tipo_modelo_mar_2017.xls,2026-09-22T14:10:37Z,frota_uf_tipo_201703.xls,39936,9f6ef06f18985ac68c0b9790f98e7c4b9b4596f5bf1cefc51a60d6300a810134,201703,201703,mensal,,baixado,
SENATRAN,frota_uf_tipo,Frota por UF e Tipo de Veiculo 02/2017,https://www.gov.br/transportes/pt-br/assuntos/transito/arquivos-senatran/estatisticas/renavam/2017/fevereiro/frota_reg_uf-tipo_modelo_fev_2017.xls,2026-09-22T14:10:37Z,frota_uf_tipo_201702.xls,39936,74486c4fcc9ffc107f2c92948b94afab2d15572c201ffe9b865ed3f1ea2db475,201702,201702,mensal,,baixado,
SENATRAN,frota_uf_tipo,Frota por UF e Tipo de Veiculo 01/2017,https://www.gov.br/transportes/pt-br/assuntos/transito/arquivos-senatran/estatisticas/renavam/2017/janeiro/frota_reg_uf-tipo_modelo_jan_2017.xls,2026-09-22T14:10:37Z,frota_uf_tipo_201701.xls,39936,f7f5daf47984c5ca132704077b68164d588e6fef68bfd6d74ae3aa76f6ad501f,201701,201701,mensal,,baixado,
SENATRAN,frota_uf_tipo,Frota por UF e Tipo de Veiculo 12/2018,https://www.gov.br/transportes/pt-br/assuntos/transito/arquivos-senatran/estatisticas/renavam/2018/dezembro/frota_por_uf_e_tipo_dez_2018.xls,2026-09-22T14:10:38Z,frota_uf_tipo_201812.xls,39936,8e08a11f7e5ec8a0f4cb3f31e45573002b21a5ddf50fcce7d9b0554d1b5e4c7f,201812,201812,mensal,,baixado,
SENATRAN,frota_uf_tipo,Frota por UF e Tipo de Veiculo 11/2018,https://www.gov.br/transportes/pt-br/assuntos/transito/arquivos-senatran/estatisticas/renavam/2018/novembro/frota_por_uf_e_tipo_nov_2018.xls,2026-09-22T14:10:38Z,frota_uf_tipo_201811.xls,39936,5708163a92f62098e50a29a63d070f7bc6fc4f9c1a77e23301c6ea9ba40f9abd,201811,201811,mensal,,baixado,
SENATRAN,frota_uf_tipo,Frota por UF e Tipo de Veiculo 10/2018,https://www.gov.br/transportes/pt-br/assuntos/transito/arquivos-senatran/estatisticas/renavam/2018/outubro/frota_por_uf_e_tipo_out_2018.xls,2026-09-22T14:10:39Z,frota_uf_tipo_201810.xls,39936,359575802432f60bcf5185f45fdf5bcda52fb5b017c749c30775916104ab9f41,201810,201810,mensal,,baixado,
SENATRAN,frota_uf_tipo,Frota por UF e Tipo de Veiculo 09/2018,https://www.gov.br/transportes/pt-br/assuntos/transito/arquivos-senatran/estatisticas/renavam/2018/setembro/frota_por_uf_e_tipo_set_2018.xls,2026-09-22T14:10:39Z,frota_uf_tipo_201809.xls,39936,27ec7f844b02908db63617fd42c7b19e3d2cad50f0119925850d3f3983465eb6,201809,201809,mensal,,baixado,
SENATRAN,frota_uf_tipo,Frota por UF e Tipo de Veiculo 08/2018,https://www.gov.br/transportes/pt-br/assuntos/transito/arquivos-senatran/estatisticas/renavam/2018/agosto/frota_por_uf_e_tipo-ago_18.xls,2026-09-22T14:10:40Z,frota_uf_tipo_201808.xls,39936,e85c29fade5534f8f86082a1fdafc0064316e78e2ed1bddf6b732eb39090237a,201808,201808,mensal,,baixado,
SENATRAN,frota_uf_tipo,Frota por UF e Tipo de Veiculo 07/2018,https://www.gov.br/transportes/pt-br/assuntos/transito/arquivos-senatran/estatisticas/renavam/2018/julho/frota_por_uf_e_tipo-jul_18.xls,2026-09-22T14:10:40Z,frota_uf_tipo_201807.xls,39936,9344b278724c8fc898bab0ab4d0c5a3eaeb86807c6738941a48862bdb8ac0f82,201807,201807,mensal,,baixado,
SENATRAN,frota_uf_tipo,Frota por UF e Tipo de Veiculo 06/2018,https://www.gov.br/transportes/pt-br/assuntos/transito/arquivos-senatran/estatisticas/renavam/2018/junho/frota_por_uf_e_tipo-jun_18.xls,2026-09-22T14:10:41Z,frota_uf_tipo_201806.xls,39936,64bc120e4e44e7ab5e82ae2996b983e846dac0a0fabf9a6d07530b4f9c4a7ca0,201806,201806,mensal,,baixado,
SENATRAN,frota_uf_tipo,Frota por UF e Tipo de Veiculo 05/2018,https://www.gov.br/transportes/pt-br/assuntos/transito/arquivos-senatran/estatisticas/renavam/2018/maio/frota_por_uf_e_tipo-mai_18.xls,2026-09-22T14:10:41Z,frota_uf_tipo_201805.xls,39936,c98f44e87045bcfea0896b8b609031d5c50261c87f51b1c266994004a1442789,201805,201805,mensal,,baixado,
SENATRAN,frota_uf_tipo,Frota por UF e Tipo de Veiculo 04/2018,https://www.gov.br/transportes/pt-br/assuntos/transito/arquivos-senatran/estatisticas/renavam/2018/abril/frota_por_uf_e_tipo-abr_18.xls,2026-09-22T14:10:42Z,frota_uf_tipo_201804.xls,39936,4c2efe84254302adde42d00128c2e386885ea047c3500752ca8845b34b8dc238,201804,201804,mensal,,baixado,
SENATRAN,frota_uf_tipo,Frota por UF e Tipo de Veiculo 03/2018,https://www.gov.br/transportes/pt-br/assuntos/transito/arquivos-senatran/estatisticas/renavam/2018/marco/frota_por_uf_e_tipo-mar_18.xls,2026-09-22T14:10:42Z,frota_uf_tipo_201803.xls,39936,160fc286cfcc5561f70f9d86726cf7f3afd46e045913edd43b087b4b0dbf6888,201803,201803,mensal,,baixado,
SENATRAN,frota_uf_tipo,Frota por UF e Tipo de Veiculo 02/2018,https://www.gov.br/transportes/pt-br/assuntos/transito/arquivos-senatran/estatisticas/renavam/2018/fevereiro/frota_por_uf_e_tipo-fev_18.xls,2026-09-22T14:10:43Z,frota_uf_tipo_201802.xls,39936,62190fa7284b76dc84084f80bf6cc023369e932810a720df2cbf873e6e0a6825,201802,201802,mensal,,baixado,
SENATRAN,frota_uf_tipo,Frota por UF e Tipo de Veiculo 01/2018,https://www.gov.br/transportes/pt-br/assuntos/transito/arquivos-senatran/estatisticas/renavam/2018/janeiro/frota_por_uf_e_tipo-jan_18.xls,2026-09-22T14:10:43Z,frota_uf_tipo_201801.xls,39936,8d20245a78677b57c2eada2e40513b409e4c6827add5b01489ecd722775b7541,201801,201801,mensal,,baixado,
SENATRAN,frota_uf_tipo,Frota por UF e Tipo de Veiculo 12/2019,https://www.gov.br/transportes/pt-br/assuntos/transito/arquivos-senatran/estatisticas/renavam/2019/dezembro/frota_reg_uf-tipo_modelo_dezembro_2019.xls,2026-09-22T14:10:44Z,frota_uf_tipo_201912.xls,39936,24e22aff3d180baba6449b1e37904ec8530bc67a8cd51855d028be241b56dd0f,201912,201912,mensal,,baixado,
SENATRAN,frota_uf_tipo,Frota por UF e Tipo de Veiculo 11/2019,https://www.gov.br/transportes/pt-br/assuntos/transito/arquivos-senatran/estatisticas/renavam/2019/novembro/frota_reg_uf-tipo_modelo_novembro_2019.xls,2026-09-22T14:10:44Z,frota_uf_tipo_201911.xls,39936,445ada38dc8fa8c83026498345260ee99c14da513fa453053c68824490059bfe,201911,201911,mensal,,baixado,
SENATRAN,frota_uf_tipo,Frota por UF e Tipo de Veiculo 10/2019,https://www.gov.br/transportes/pt-br/assuntos/transito/arquivos-senatran/estatisticas/renavam/2019/outubro/frota_reg_uf-tipo_modelo_outubro_2019.xls,2026-09-22T14:10:45Z,frota_uf_tipo_201910.xls,39936,494597a071e5c8cccbe3444334a56bba08ac8cd22058805415b4061dbe713903,201910,201910,mensal,,baixado,
SENATRAN,frota_uf_tipo,Frota por UF e Tipo de Veiculo 09/2019,https://www.gov.br/transportes/pt-br/assuntos/transito/arquivos-senatran/estatisticas/renavam/2019/setembro/frota_reg_uf-tipo_modelo_setembro_2019.xls,2026-09-22T14:10:45Z,frota_uf_tipo_201909.xls,39936,f78861e59dfaf8bab8ab1bed6618a30d118a94b8840da7ade0e88d7b56d23831,201909,201909,mensal,,baixado,
SENATRAN,frota_uf_tipo,Frota por UF e Tipo de Veiculo 08/2019,https://www.gov.br/transportes/pt-br/assuntos/transito/arquivos-senatran/estatisticas/renavam/2019/agosto/frota_reg_uf-tipo_modelo_agosto_2019.xls,2026-09-22T14:10:46Z,frota_uf_tipo_201908.xls,39936,ff87a1e4832a0ebf9e6c519e6bc51b4cc82a5ea2f0e4618d0db11b31af79a937,201908,201908,mensal,,baixado,
SENATRAN,frota_uf_tipo,Frota por UF e Tipo de Veiculo 07/2019,https://www.gov.br/transportes/pt-br/assuntos/transito/arquivos-senatran/estatisticas/renavam/2019/julho/frota_reg_uf-tipo_modelo_julho_2019.xls,2026-09-22T14:10:46Z,frota_uf_tipo_201907.xls,39936,6e28b21a3c3dd320390f797641ec2cbccf98aae755c175baeec58b5f9752058c,201907,201907,mensal,,baixado,
SENATRAN,frota_uf_tipo,Frota por UF e Tipo de Veiculo 06/2019,https://www.gov.br/transportes/pt-br/assuntos/transito/arquivos-senatran/estatisticas/renavam/2019/junho/frota_reg_uf-tipo_modelo_junho_2019.xls,2026-09-22T14:10:47Z,frota_uf_tipo_201906.xls,39936,5bfcfddc7c354b49f7808fb1df70c70557b9babc647d841d67a320dedd44a0bd,201906,201906,mensal,,baixado,
SENATRAN,frota_uf_tipo,Frota por UF e Tipo de Veiculo 05/2019,https://www.gov.br/transportes/pt-br/assuntos/transito/arquivos-senatran/estatisticas/renavam/2019/maio/frota_reg_uf-tipo_modelo_maio_2019.xls,2026-09-22T14:10:47Z,frota_uf_tipo_201905.xls,39936,28c3851dbc79686524d12d4bf8ea227e984fd23262d985480c0dc52956930017,201905,201905,mensal,,baixado,
SENATRAN,frota_uf_tipo,Frota por UF e Tipo de Veiculo 04/2019,https://www.gov.br/transportes/pt-br/assuntos/transito/arquivos-senatran/estatisticas/renavam/2019/abril/frota_reg_uf-tipo_modelo_abril_2019.xls,2026-09-22T14:10:48Z,frota_uf_tipo_201904.xls,39936,a6d4da64b1bca9e9819b314e1f23f7b0e8e511334aa3279d7a78ec899e6b1d6e,201904,201904,mensal,,baixado,
SENATRAN,frota_uf_tipo,Frota por UF e Tipo de Veiculo 03/2019,https://www.gov.br/transportes/pt-br/assuntos/transito/arquivos-senatran/estatisticas/renavam/2019/marco/frota_reg_uf-tipo_modelo_marco_2019.xls,2026-09-22T14:10:48Z,frota_uf_tipo_201903.xls,39936,e36c152a6fd3632a9f407dabd0289b8908caf4d3cfa739cd5bc7942df5e66337,201903,201903,mensal,,baixado,
SENATRAN,frota_uf_tipo,Frota por UF e Tipo de Veiculo 02/2019,https://www.gov.br/transportes/pt-br/assuntos/transito/arquivos-senatran/estatisticas/renavam/2019/fevereiro/frota_reg_uf-tipo_modelo_fevereiro_2019.xls,2026-09-22T14:10:48Z,frota_uf_tipo_201902.xls,39936,f2812331ca61dd47b14abaa8f6a5ec7435257ae4048310b15062acae1f5f84b6,201902,201902,mensal,,baixado,
SENATRAN,frota_uf_tipo,Frota por UF e Tipo de Veiculo 01/2019,https://www.gov.br/transportes/pt-br/assuntos/transito/arquivos-senatran/estatisticas/renavam/2019/janeiro/frota_reg_uf-tipo_modelo_janeiro_2019_2.xls,2026-09-22T14:10:49Z,frota_uf_tipo_201901.xls,39936,8a95bd0754fe0acc121c31bebb9b0186f19c5df02df56d9b374d80862a82d68b,201901,201901,mensal,,baixado,
SENATRAN,frota_uf_tipo,Frota por UF e Tipo de Veiculo 12/2020,https://www.gov.br/transportes/pt-br/assuntos/transito/arquivos-senatran/estatisticas/renavam/2020/dezembro/frota-reg-uf-tipo-modelo-06-dezembro2020.xls,2026-09-22T14:10:49Z,frota_uf_tipo_202012.xls,33280,d2deb02655af07cd3bf54a71f5e79388c2a5da2c35a2e953ad5377e42acfdcff,202012,202012,mensal,,baixado,
SENATRAN,frota_uf_tipo,Frota por UF e Tipo de Veiculo 11/2020,https://www.gov.br/transportes/pt-br/assuntos/transito/arquivos-senatran/estatisticas/renavam/2020/novembro/frota_reg_uf-tipo_modelo_novembro_2020.xls,2026-09-22T14:10:50Z,frota_uf_tipo_202011.xls,39936,02a683c7cf0902a4d8dd301f7be6f6fca3e0a45cfe78566372fc27db4fb599a7,202011,202011,mensal,,baixado,
SENATRAN,frota_uf_tipo,Frota por UF e Tipo de Veiculo 10/2020,https://www.gov.br/transportes/pt-br/assuntos/transito/arquivos-senatran/estatisticas/renavam/2020/outubro/frota_reg_uf-tipo_modelo_outubro_2020-1.xls,2026-09-22T14:10:50Z,frota_uf_tipo_202010.xls,39936,7189027f6c3ba9737f33770ae1da51d27d4b472ad278af32ea708c46db7d124a,202010,202010,mensal,,baixado,
SENATRAN,frota_uf_tipo,Frota por UF e Tipo de Veiculo 09/2020,https://www.gov.br/transportes/pt-br/assuntos/transito/arquivos-senatran/estatisticas/renavam/2020/setembro/frota_reg_uf-tipo_modelo_setembro_2020.xls,2026-09-22T14:10:51Z,frota_uf_tipo_202009.xls,81408,5203dcf928904ae67f6c413ca47a2d26389c65ab21e621e4632520bcda5e6cfa,202009,202009,mensal,,baixado,
SENATRAN,frota_uf_tipo,Frota por UF e Tipo de Veiculo 08/2020,https://www.gov.br/transportes/pt-br/assuntos/transito/arquivos-senatran/estatisticas/renavam/2020/agosto/frota_reg_uf-tipo_modelo_agosto_2020.xls,2026-09-22T14:10:51Z,frota_uf_tipo_202008.xls,39936,0f11dd320f239bc9b7e89d790b48a5e3e59faf93b7f5926f11853817d7c9daf4,202008,202008,mensal,,baixado,
SENATRAN,frota_uf_tipo,Frota por UF e Tipo de Veiculo 07/2020,https://www.gov.br/transportes/pt-br/assuntos/transito/arquivos-senatran/estatisticas/renavam/2020/julho/frota_reg_uf-tipo_modelo_julho_2020.xls,2026-09-22T14:10:52Z,frota_uf_tipo_202007.xls,39936,94024841a890f412674bd6ba57f2ec7c69fcf06add1359c5c5bc1b98d52102c2,202007,202007,mensal,,baixado,
SENATRAN,frota_uf_tipo,Frota por UF e Tipo de Veiculo 06/2020,https://www.gov.br/transportes/pt-br/assuntos/transito/arquivos-senatran/estatisticas/renavam/2020/junho/frota_reg_uf-tipo_modelo_junho_2020.xls,2026-09-22T14:10:52Z,frota_uf_tipo_202006.xls,39936,35c99b6b57854419c216c5261a49fd286157963d4ec53ee9d528503f0c668a9f,202006,202006,mensal,,baixado,
SENATRAN,frota_uf_tipo,Frota por UF e Tipo de Veiculo 05/2020,https://www.gov.br/transportes/pt-br/assuntos/transito/arquivos-senatran/estatisticas/renavam/2020/maio/frota_reg_uf-tipo_modelo_maio_2020.xls,2026-09-22T14:10:53Z,frota_uf_tipo_202005.xls,39936,212e7001fda99f98c023bf5f4595b81234e273798529177f7d1fd361be72e3c9,202005,202005,mensal,,baixado,
SENATRAN,frota_uf_tipo,Frota por UF e Tipo de Veiculo 04/2020,https://www.gov.br/transportes/pt-br/assuntos/transito/arquivos-senatran/estatisticas/renavam/2020/abril/frota_reg_uf-tipo_modelo_abril_2020.xls,2026-09-22T14:10:53Z,frota_uf_tipo_202004.xls,39936,c34b4699ddfff666895e3224913bd4a7828ffd625cb497fb6b68ffc6909eaedb,202004,202004,mensal,,baixado,
SENATRAN,frota_uf_tipo,Frota por UF e Tipo de Veiculo 03/2020,https://www.gov.br/transportes/pt-br/assuntos/transito/arquivos-senatran/estatisticas/renavam/2020/marco/frota_reg_uf-tipo_modelo_marco_2020.xls,2026-09-22T14:10:54Z,frota_uf_tipo_202003.xls,39936,baa55420f5863089f33070cbfb393162099f651d7c5ed3ad3d9b909f69f6384c,202003,202003,mensal,,baixado,
SENATRAN,frota_uf_tipo,Frota por UF e Tipo de Veiculo 02/2020,https://www.gov.br/transportes/pt-br/assuntos/transito/arquivos-senatran/estatisticas/renavam/2020/fevereiro/frota_reg_uf-tipo_modelo_fevereiro_2020.xls,2026-09-22T14:10:54Z,frota_uf_tipo_202002.xls,39936,e70ab794f97dff570b460883045066ae16900816335e4c3c86012e5552cf0185,202002,202002,mensal,,baixado,
SENATRAN,frota_uf_tipo,Frota por UF e Tipo de Veiculo 01/2020,https://www.gov.br/transportes/pt-br/assuntos/transito/arquivos-senatran/estatisticas/renavam/2020/janeiro/frota_reg_uf-tipo_modelo_janeiro_2020.xls,2026-09-22T14:10:55Z,frota_uf_tipo_202001.xls,40448,b714f068e20b7a330cf1c6b77f69ff09aad03c6cde9c43a295d8efd1b663acef,202001,202001,mensal,,baixado,
SENATRAN,frota_uf_tipo,Frota por UF e Tipo de Veiculo 12/2021,https://www.gov.br/transportes/pt-br/assuntos/transito/arquivos-senatran/estatisticas/renavam/2021/dezembro/frota-reg-uf-tipo-modelo-dezembro-2021.xls,2026-09-22T14:10:55Z,frota_uf_tipo_202112.xls,33792,851d8b3b63ea286e0cbaf797c10228a526c1267cacff58c7cea07ecf78b424e2,202112,202112,mensal,,baixado,
SENATRAN,frota_uf_tipo,Frota por UF e Tipo de Veiculo 11/2021,https://www.gov.br/transportes/pt-br/assuntos/transito/arquivos-senatran/estatisticas/renavam/2021/novembro/frota-reg-uf-tipo-modelo-06-novembro-2021.xls,2026-09-22T14:10:56Z,frota_uf_tipo_202111.xls,33792,f9ca179931313731a3009f17e14660c2c735847e70991978f219a9979c6fa314,202111,202111,mensal,,baixado,
SENATRAN,frota_uf_tipo,Frota por UF e Tipo de Veiculo 10/2021,https://www.gov.br/transportes/pt-br/assuntos/transito/arquivos-senatran/estatisticas/renavam/2021/outubro/frota-reg-uf-tipo-modelo-outubro-2021.xls,2026-09-22T14:10:56Z,frota_uf_tipo_202110.xls,33792,067acaa9718597541a9c80d1aacce8d54074aaf687f4cbdbef9352e57825b328,202110,202110,mensal,,baixado,
SENATRAN,frota_uf_tipo,Frota por UF e Tipo de Veiculo 09/2021,https://www.gov.br/transportes/pt-br/assuntos/transito/arquivos-senatran/estatisticas/renavam/2021/setembro/frota-reg-uf-tipo-modelo-setembro-2021.xls,2026-09-22T14:10:57Z,frota_uf_tipo_202109.xls,31744,75dbc5432439230f9a1c0c634e865b1866afb7493e5833c63c1991cdc9cdf901,202109,202109,mensal,,baixado,
SENATRAN,frota_uf_tipo,Frota por UF e Tipo de Veiculo 08/2021,https://www.gov.br/transportes/pt-br/assuntos/transito/arquivos-senatran/estatisticas/renavam/2021/agosto/Frota_Reg_UF-Tipo_Modelo_Agosto_2021.xlsfrota-reg-uf-tipo-modelo-o6-agosto-2021.xls,2026-09-22T14:10:57Z,frota_uf_tipo_202108.xls,33792,8767c9dde31e2dcee7d9d1fa611d091ee6d332e1587f420fce83cebd0a0cd4c6,202108,202108,mensal,,baixado,
SENATRAN,frota_uf_tipo,Frota por UF e Tipo de Veiculo 07/2021,https://www.gov.br/transportes/pt-br/assuntos/transito/arquivos-senatran/estatisticas/renavam/2021/julho/frota_reg_uf-tipo_modelo_julho_2021.xls,2026-09-22T14:10:58Z,frota_uf_tipo_202107.xls,33792,fe27a6b9c4e3f6592cb8c0b44ae4b1b84464ac6102b1cf8b29cc52ea7865bbab,202107,202107,mensal,,baixado,
SENATRAN,frota_uf_tipo,Frota por UF e Tipo de Veiculo 06/2021,https://www.gov.br/transportes/pt-br/assuntos/transito/arquivos-senatran/estatisticas/renavam/2021/junho/frota_reg_uf-tipo_modelo_junho_2021.xls,2026-09-22T14:10:58Z,frota_uf_tipo_202106.xls,33792,7ab5e80c5f4ac0e1753324891fca4c4ef86e604f26ce5885d039e1ba2b92f451,202106,202106,mensal,,baixado,
SENATRAN,frota_uf_tipo,Frota por UF e Tipo de Veiculo 05/2021,https://www.gov.br/transportes/pt-br/assuntos/transito/arquivos-senatran/estatisticas/renavam/2021/maio/frota-reg-uf-tipo-modelo-o6-maio-2021.xls,2026-09-22T14:10:58Z,frota_uf_tipo_202105.xls,33792,dc4307e71cd13dbe2fee72ae62ff9de05dc7d8ad3323de033fa559a1552b8154,202105,202105,mensal,,baixado,
SENATRAN,frota_uf_tipo,Frota por UF e Tipo de Veiculo 04/2021,https://www.gov.br/transportes/pt-br/assuntos/transito/arquivos-senatran/estatisticas/renavam/2021/abril/frota_reg_uf-tipo_modelo_abril_2021.xls,2026-09-22T14:10:59Z,frota_uf_tipo_202104.xls,33792,b03995d8eb46bfe2906cc4e4f70ea353b6a7e1183e104d51715eabec1c00e629,202104,202104,mensal,,baixado,
SENATRAN,frota_uf_tipo,Frota por UF e Tipo de Veiculo 03/2021,https://www.gov.br/transportes/pt-br/assuntos/transito/arquivos-senatran/estatisticas/renavam/2021/marco/frota-reg-uf-tipo-marco-2021.xls,2026-09-22T14:10:59Z,frota_uf_tipo_202103.xls,33792,bc83dcfc8d5e90b36ee22821aba5a9d618b462b44e3528a11974de42e0018842,202103,202103,mensal,,baixado,
SENATRAN,frota_uf_tipo,Frota por UF e Tipo de Veiculo 02/2021,https://www.gov.br/transportes/pt-br/assuntos/transito/arquivos-senatran/estatisticas/renavam/2021/fevereiro/frota-reg-uf-tipo-modelo-06-fevereiro-2021.xls,2026-09-22T14:11:00Z,frota_uf_tipo_202102.xls,34816,c80c2463ff08c2ce29ba35b8aca881bdd101e7c34edc930eabb4d16c33cd90be,202102,202102,mensal,,baixado,
SENATRAN,frota_uf_tipo,Frota por UF e Tipo de Veiculo 01/2021,https://www.gov.br/transportes/pt-br/assuntos/transito/arquivos-senatran/estatisticas/renavam/2021/janeiro/frota_reg_uf_tipo_modelo_janeiro_2021.xlsx,2026-09-22T14:11:00Z,frota_uf_tipo_202101.xlsx,21444,593106c7960daf33f6a28619130ca8a23f4c92bdb656157786efd36ff9a6416a,202101,202101,mensal,,baixado,
SENATRAN,frota_uf_tipo,Frota por UF e Tipo de Veiculo 12/2022,https://www.gov.br/transportes/pt-br/assuntos/transito/arquivos-senatran/estatisticas/renavam/2022/dezembro/frota_reg_uf-tipo_modelo_dezembro_2022.xls,2026-09-22T14:11:01Z,frota_uf_tipo_202212.xls,39936,157e98a273df54c608009dca9d2dd0a9621a13e5209d4a11e9feba7d4653d753,202212,202212,mensal,,baixado,
SENATRAN,frota_uf_tipo,Frota por UF e Tipo de Veiculo 11/2022,https://www.gov.br/transportes/pt-br/assuntos/transito/arquivos-senatran/estatisticas/renavam/2022/novembro/frota_reg_uf-tipo_modelo_novembro_2022.xls,2026-09-22T14:11:01Z,frota_uf_tipo_202211.xls,41984,618bd0e2287e31b66804fa4fb4ab18a104e6523a72807ab8f99ffbc655a0149d,202211,202211,mensal,,baixado,
SENATRAN,frota_uf_tipo,Frota por UF e Tipo de Veiculo 10/2022,https://www.gov.br/transportes/pt-br/assuntos/transito/arquivos-senatran/estatisticas/renavam/2022/outubro/frota_reg_uf-tipo_modelo_outubro_2022.xls,2026-09-22T14:11:02Z,frota_uf_tipo_202210.xls,39936,fac8189f238dbed038dc382634c0047ed26f36cefe42a6d0419d0fc6031ddb2a,202210,202210,mensal,,baixado,
SENATRAN,frota_uf_tipo,Frota por UF e Tipo de Veiculo 09/2022,https://www.gov.br/transportes/pt-br/assuntos/transito/arquivos-senatran/estatisticas/renavam/2022/setembro/frota_reg_uf-tipo_modelo_setembro_2022.xls,2026-09-22T14:11:02Z,frota_uf_tipo_202209.xls,39936,a4fdd5d98aa8243fe6876928bb8f58edfae9612f29afc737144946f80180cd80,202209,202209,mensal,,baixado,
SENATRAN,frota_uf_tipo,Frota por UF e Tipo de Veiculo 08/2022,https://www.gov.br/transportes/pt-br/assuntos/transito/arquivos-senatran/estatisticas/renavam/2022/agosto/frota_reg_uf-tipo_modelo_agosto_2022.xls,2026-09-22T14:11:03Z,frota_uf_tipo_202208.xls,39936,1413439c77139edec90b0dad694fcb8b66736a6de09f1393804773b13ff92d8d,202208,202208,mensal,,baixado,
SENATRAN,frota_uf_tipo,Frota por UF e Tipo de Veiculo 07/2022,https://www.gov.br/transportes/pt-br/assuntos/transito/arquivos-senatran/estatisticas/renavam/2022/julho/Frota_Reg_UFTipo_Modelo_Julho_2022.xlsx,2026-09-22T14:11:03Z,frota_uf_tipo_202207.xlsx,18034,3608c659cd6fcbd767fd9210d9e5ffb34e1eb6a8d4720bff26bd465697efbabd,202207,202207,mensal,,baixado,
SENATRAN,frota_uf_tipo,Frota por UF e Tipo de Veiculo 06/2022,https://www.gov.br/transportes/pt-br/assuntos/transito/arquivos-senatran/estatisticas/renavam/2022/junho/frota_reg_uf-tipo_modelo_junho_2022.xls,2026-09-22T14:11:04Z,frota_uf_tipo_202206.xls,33792,582ad2eea7c2041c534b88cdc8d4fb2381d8080db903a25c7c160809ef489361,202206,202206,mensal,,baixado,
SENATRAN,frota_uf_tipo,Frota por UF e Tipo de Veiculo 05/2022,https://www.gov.br/transportes/pt-br/assuntos/transito/arquivos-senatran/estatisticas/renavam/2022/maio/frota_reg_uf-tipo_modelo_maio_2022.xls,2026-09-22T14:11:04Z,frota_uf_tipo_202205.xls,33792,3b94a7b46ae0e4075712cc3565d8d5be4278ce909d06b2c861798d32ec15cbfd,202205,202205,mensal,,baixado,
SENATRAN,frota_uf_tipo,Frota por UF e Tipo de Veiculo 04/2022,https://www.gov.br/transportes/pt-br/assuntos/transito/arquivos-senatran/estatisticas/renavam/2022/abril/frota_reg_uf-tipo_modelo_abril_2022.xls,2026-09-22T14:11:05Z,frota_uf_tipo_202204.xls,33792,eec637f227cdf726756774470f648685d1c0361d802f7a6a6c1c864ef6e5d872,202204,202204,mensal,,baixado,
SENATRAN,frota_uf_tipo,Frota por UF e Tipo de Veiculo 03/2022,https://www.gov.br/transportes/pt-br/assuntos/transito/arquivos-senatran/estatisticas/renavam/2022/marco/frota_reg_uf-tipo_modelo_marco_2022.xls,2026-09-22T14:11:05Z,frota_uf_tipo_202203.xls,33792,9f9c25d2218d619e267acbd9d6a2e99231f1f57c59f6683c02824256e6e9150c,202203,202203,mensal,,baixado,
SENATRAN,frota_uf_tipo,Frota por UF e Tipo de Veiculo 02/2022,https://www.gov.br/transportes/pt-br/assuntos/transito/arquivos-senatran/estatisticas/renavam/2022/fevereiro/frota_reg_uf-tipo_modelo_fevereiro_2022.xls,2026-09-22T14:11:06Z,frota_uf_tipo_202202.xls,33792,6492c2405a1b3b35819149bbf991c3811b3f105039d79042dd5cc84795e0366f,202202,202202,mensal,,baixado,
SENATRAN,frota_uf_tipo,Frota por UF e Tipo de Veiculo 01/2022,https://www.gov.br/transportes/pt-br/assuntos/transito/arquivos-senatran/estatisticas/renavam/2022/janeiro/frota_reg_uf-tipo_modelo_janeiro_2022.xlsx,2026-09-22T14:11:06Z,frota_uf_tipo_202201.xlsx,18007,ef4c2d593570cfff439a643c3ae642561163cfabaa08b8d44b81bb9b152a2dbe,202201,202201,mensal,,baixado,
SENATRAN,frota_uf_tipo,Frota por UF e Tipo de Veiculo 12/2023,https://www.gov.br/transportes/pt-br/assuntos/transito/conteudo-Senatran/copy2_of_FrotaporUFeTipodeVeculoDez2023.xlsx,2026-09-22T14:11:06Z,frota_uf_tipo_202312.xlsx,26579,c5756ddd7c44f0e04d949944aef52151e074f65b7d327e8a25b8ab1e7d3f4d1a,202312,202312,mensal,,baixado,
SENATRAN,frota_uf_tipo,Frota por UF e Tipo de Veiculo 11/2023,https://www.gov.br/transportes/pt-br/assuntos/transito/arquivos-senatran/estatisticas/renavam/2023/Novembro/frota_reg_uf-tipo_modelo_novembro_2023.xls,2026-09-22T14:11:07Z,frota_uf_tipo_202311.xls,39936,b7fca00fdcad13e6ea6ebd821b7501f50f863c1cfcf57a974af84551a876ff2e,202311,202311,mensal,,baixado,
SENATRAN,frota_uf_tipo,Frota por UF e Tipo de Veiculo 10/2023,https://www.gov.br/transportes/pt-br/assuntos/transito/arquivos-senatran/estatisticas/renavam/2023/Outubro/frota_reg_uf-tipo_modelo_outubro_2023.xls,2026-09-22T14:11:07Z,frota_uf_tipo_202310.xls,39936,872c6cde47334e88614242725cd01d4c22c6df73eea9b0fc28e1a58a0e70b6d0,202310,202310,mensal,,baixado,
SENATRAN,frota_uf_tipo,Frota por UF e Tipo de Veiculo 09/2023,https://www.gov.br/transportes/pt-br/assuntos/transito/arquivos-senatran/estatisticas/renavam/2023/setembro/frota_reg_uf-tipo_modelo_setembro_2023.xls,2026-09-22T14:11:08Z,frota_uf_tipo_202309.xls,41984,9af65459d5e4e2cfb78b205bc0d11c9ead8ff2ee99ecd481c3768cc484365bb4,202309,202309,mensal,,baixado,
SENATRAN,frota_uf_tipo,Frota por UF e Tipo de Veiculo 08/2023,https://www.gov.br/transportes/pt-br/assuntos/transito/arquivos-senatran/estatisticas/renavam/2023/agosto/frota_reg_uf-tipo_modelo_agosto_2023.xls,2026-09-22T14:11:08Z,frota_uf_tipo_202308.xls,42496,a27f33a13e52ef8f73ed4f10045a8b0ab805dd267fc04bec2e88fb141e8dc442,202308,202308,mensal,,baixado,
SENATRAN,frota_uf_tipo,Frota por UF e Tipo de Veiculo 07/2023,https://www.gov.br/transportes/pt-br/assuntos/transito/arquivos-senatran/estatisticas/renavam/2023/julho/frota_reg_uf-tipo_modelo_julho_2023.xls,2026-09-22T14:11:09Z,frota_uf_tipo_202307.xls,41984,cb559a370df60010a7e5c9a4d3accef55fcc88b3d3c6c898a685f47120e899ff,202307,202307,mensal,,baixado,
SENATRAN,frota_uf_tipo,Frota por UF e Tipo de Veiculo 06/2023,https://www.gov.br/transportes/pt-br/assuntos/transito/arquivos-senatran/estatisticas/renavam/2023/junho/frota_reg_uf-tipo_modelo_junho_2023.xls,2026-09-22T14:11:09Z,frota_uf_tipo_202306.xls,41984,3c27f3cea092af8a459670bc0528171d9a3ca3326c99660b8c4f2ce893118e43,202306,202306,mensal,,baixado,
SENATRAN,frota_uf_tipo,Frota por UF e Tipo de Veiculo 05/2023,https://www.gov.br/transportes/pt-br/assuntos/transito/arquivos-senatran/estatisticas/renavam/2023/maio/frota_reg_uf-tipo_modelo_maio_2023.xls,2026-09-22T14:11:10Z,frota_uf_tipo_202305.xls,41984,47610d090b88ca0495ba36d8ecf6193830e2ecacff3169d81e81aa386704d45c,202305,202305,mensal,,baixado,
SENATRAN,frota_uf_tipo,Frota por UF e Tipo de Veiculo 04/2023,https://www.gov.br/transportes/pt-br/assuntos/transito/arquivos-senatran/estatisticas/renavam/2023/abril/frota_reg_uf-tipo_modelo_abril_2023.xls,2026-09-22T14:11:10Z,frota_uf_tipo_202304.xls,41984,068bb30dee89ee1ac8b9919f920556ee31c332006b00499bff3f5c4e8a816bc5,202304,202304,mensal,,baixado,
SENATRAN,frota_uf_tipo,Frota por UF e Tipo de Veiculo 03/2023,https://www.gov.br/transportes/pt-br/assuntos/transito/arquivos-senatran/estatisticas/renavam/2023/marco/frota_reg_uf-tipo_modelo_marco_2023.xls,2026-09-22T14:11:11Z,frota_uf_tipo_202303.xls,41984,55bf86b9ec46c36f9090827a64b5dc21037472c0f2604b0feaf8ea7b94c45ef2,202303,202303,mensal,,baixado,
SENATRAN,frota_uf_tipo,Frota por UF e Tipo de Veiculo 02/2023,https://www.gov.br/transportes/pt-br/assuntos/transito/arquivos-senatran/estatisticas/renavam/2023/fevereiro/frota_reg_uf-tipo_modelo_fevereiro_2023.xls,2026-09-22T14:11:11Z,frota_uf_tipo_202302.xls,35328,927b8b71e352bb8f3f860bb4d5e2a03692af3c2c87068b74ce71af602a450eb8,202302,202302,mensal,,baixado,
SENATRAN,frota_uf_tipo,Frota por UF e Tipo de Veiculo 01/2023,https://www.gov.br/transportes/pt-br/assuntos/transito/arquivos-senatran/estatisticas/renavam/2023/janeiro/frota_reg_uf-tipo_modelo_janeiro_2023.xls,2026-09-22T14:11:12Z,frota_uf_tipo_202301.xls,41984,8ab7194bcfd87488a1bc8a67fb958fc467fb7c422b55c0e05f7381c3ae1b9eb1,202301,202301,mensal,,baixado,
SENATRAN,frota_uf_tipo,Frota por UF e Tipo de Veiculo 12/2024,https://www.gov.br/transportes/pt-br/assuntos/transito/conteudo-Senatran/FrotaporUFeTipodeveiculoDezembro2024.xlsx,2026-09-22T14:11:12Z,frota_uf_tipo_202412.xlsx,26731,d2a7f8ca7fb118c74a0ce6a3dedc5c08669338c260ff8470c8df107dc13adaba,202412,202412,mensal,,baixado,
SENATRAN,frota_uf_tipo,Frota por UF e Tipo de Veiculo 12/2025,https://www.gov.br/transportes/pt-br/assuntos/transito/conteudo-Senatran/arquivos-renavam-2025/FrotaporUFeTipodeveiculoDEZEMBRO2025.xlsx,2026-09-22T14:11:13Z,frota_uf_tipo_202512.xlsx,30982,99c00388db18c863a0381f4674587007048435cda3fae1791e28e3141bee5f8f,202512,202512,mensal,,baixado,
SENATRAN,frota_uf_tipo,Frota por UF e Tipo de Veiculo 11/2025,https://www.gov.br/transportes/pt-br/assuntos/transito/conteudo-Senatran/arquivos-renavam-2025/FrotaporUFeTipodeveiculoNOVEMBRO2025.xlsx,2026-09-22T14:11:13Z,frota_uf_tipo_202511.xlsx,30963,8086e0e51af5ba3a350c3abe482d09e55736a52f8c19e92271b6180bd06b422a,202511,202511,mensal,,baixado,
SENATRAN,frota_uf_tipo,Frota por UF e Tipo de Veiculo 10/2025,https://www.gov.br/transportes/pt-br/assuntos/transito/conteudo-Senatran/FrotaporUFeTipodeveiculoOUTUBRO2025.xlsx,2026-09-22T14:11:14Z,frota_uf_tipo_202510.xlsx,30937,b28b26e20b05d0047d48ed2d70b0e47f57f89a0d77f5c008552206ab5cd16177,202510,202510,mensal,,baixado,
SENATRAN,frota_uf_tipo,Frota por UF e Tipo de Veiculo 01/2026,https://www.gov.br/transportes/pt-br/assuntos/transito/conteudo-Senatran/frota-de-veiculos-2026-2/frota-por-uf-e-tipo-de-veiculo-janeiro-2026.xlsx,2026-09-22T14:11:14Z,frota_uf_tipo_202601.xlsx,31112,0a35ab1b68638a605fd9a6278fdeffd8272667a30e5939bdc542e15fe8819acb,202601,202601,mensal,,baixado,
SUSEP_AUTOSEG,autoseg_banco_dados,"Banco de dados AUTOSEG 1S/2016",https://www2.susep.gov.br/redarq.asp?arq=Autoseg2016B.zip,2026-09-22T14:18:23Z,Autoseg_2016_1.zip,323550538,666e7bf065479b9a35e9850d9c878f3fa02ed2ddae3162e74d654adf22101d60,1S/2016,1S/2016,semestral,,baixado,
SUSEP_AUTOSEG,autoseg_banco_dados,"Banco de dados AUTOSEG 2S/2016",https://www2.susep.gov.br/redarq.asp?arq=Autoseg2017A.zip,2026-09-22T14:18:23Z,Autoseg_2016_2.zip,338065864,0a320d80743d6a0e288dc1a9cb2d9105b1c2d017ed57c74218543f71808f03b9,2S/2016,2S/2016,semestral,,baixado,
SUSEP_AUTOSEG,autoseg_banco_dados,"Banco de dados AUTOSEG 1S/2017",https://www2.susep.gov.br/redarq.asp?arq=Autoseg2017B.zip,2026-09-22T14:18:23Z,Autoseg_2017_1.zip,327996498,2ce025d50e742acd7b22a89a76ae8e9b520e1dc015de4a5e7388065aa869fe8d,1S/2017,1S/2017,semestral,,baixado,
SUSEP_AUTOSEG,autoseg_banco_dados,"Banco de dados AUTOSEG 2S/2017",https://www2.susep.gov.br/redarq.asp?arq=Autoseg2018A.zip,2026-09-22T14:18:23Z,Autoseg_2017_2.zip,420817921,8f65f02f19f94f6d76ec273dcbee879955124fcea3dbeee1a6884f89ebd67fcf,2S/2017,2S/2017,semestral,,baixado,
SUSEP_AUTOSEG,autoseg_banco_dados,"Banco de dados AUTOSEG 1S/2018",https://www2.susep.gov.br/redarq.asp?arq=Autoseg2018B.zip,2026-09-22T14:18:23Z,Autoseg_2018_1.zip,368884314,89f142d37f6012811159a74c0fdc77c6931e2730e019c595f6a3aedd58bf9544,1S/2018,1S/2018,semestral,,baixado,
SUSEP_AUTOSEG,autoseg_banco_dados,"Banco de dados AUTOSEG 2S/2018",https://www2.susep.gov.br/redarq.asp?arq=Autoseg2019A.zip,2026-09-22T14:18:23Z,Autoseg_2018_2.zip,401620047,beec9bf82c74520bff1403d217fba549d8f4b636855a1e28d94ab8bdc7bad544,2S/2018,2S/2018,semestral,,baixado,
SUSEP_AUTOSEG,autoseg_banco_dados,"Banco de dados AUTOSEG 1S/2019",https://www2.susep.gov.br/redarq.asp?arq=Autoseg2019B.zip,2026-09-22T14:18:23Z,Autoseg_2019_1.zip,519317721,35fb7b0e8b1e9fc4a5db2ec72962eccfdcaa4be9dfa9fc2a67d37e693c1b4a99,1S/2019,1S/2019,semestral,,baixado,
SUSEP_AUTOSEG,autoseg_banco_dados,"Banco de dados AUTOSEG 2S/2019",https://www2.susep.gov.br/redarq.asp?arq=Autoseg2020A.zip,2026-09-22T14:18:23Z,Autoseg_2019_2.zip,541275008,804736f2f2dcd287f3db8bf4ffcd303e70e375db0cf8d12b848e0ca2302f7995,2S/2019,2S/2019,semestral,,baixado,
SUSEP_AUTOSEG,autoseg_banco_dados,"Banco de dados AUTOSEG 1S/2020",https://www2.susep.gov.br/redarq.asp?arq=Autoseg2020B.zip,2026-09-22T14:18:23Z,Autoseg_2020_1.zip,472507923,77c8bd54d91ae9f7244de0ab363ccb17ecedce0d6d994f38771326e75b011243,1S/2020,1S/2020,semestral,,baixado,
SUSEP_AUTOSEG,autoseg_banco_dados,"Banco de dados AUTOSEG 2S/2020",https://www2.susep.gov.br/redarq.asp?arq=Autoseg2021A.zip,2026-09-22T14:18:23Z,Autoseg_2020_2.zip,535398004,48dedc55c0021847e7e34c92c5eebbe59babc4e4f4445c9404a51650b4a2c9d3,2S/2020,2S/2020,semestral,,baixado,
SINESP_MJSP,sinesp_ocorrencias,Dados Nacionais de Seguranca Publica - UF,https://dados.mj.gov.br/dataset/210b9ae2-21fc-4986-89c6-2006eb4db247/resource/feeae05e-faba-406c-8a4a-512aec91a9d1/download/indicadoressegurancapublicauf.xlsx,2026-09-22T14:22:31Z,indicadoressegurancapublicauf.xlsx,1126937,5a6a5656538b9eab11eb883c534e39c995ddacd405dc95223a56796be0729596,201501,202212,mensal,23020,baixado,FALLBACK Internet Archive (dados.mj.gov.br com falha de DNS); snapshot=20251119174505; recurso mais recente Base de Dados VDE (2015-2026) listado no catalogo mas INDISPONIVEL (sem DNS sem snapshot arquivado)
SINESP_MJSP,sinesp_dicionario,Dicionario de Dados - UF,https://dados.mj.gov.br/dataset/210b9ae2-21fc-4986-89c6-2006eb4db247/resource/fca1cb9b-1bfb-4090-bdca-5171ed3b9fa4/download/dicionario-de-dados-convertido.pdf,2026-09-22T14:22:31Z,dicionario-de-dados-uf.pdf,213947,0c200a3bf14fb1f5830b1b13b7d2cf3430bfd7c9a64cb9c974ce19a6be7c6c46,,,,,baixado,FALLBACK Internet Archive; snapshot=20260520104516
RENAEST_transportes,renaest_dados_abertos,RENAEST - Mensal - 04-2026 (cumulativo),https://dados.transportes.gov.br/dataset/42e2320b-ea67-4fdc-896f-71363e043fc6/resource/ff1cfdec-1f90-46c5-a900-fc5943c99792/download/renaest_dabertos_20260813.zip,2026-09-22T14:29:01Z,renaest_2026-04.zip,522352863,95cfdabf37001c31cf8a18297aca67757e04e4831604f1a66c0b5d6ecd1effe0,201801,202604,mensal,,baixado,Arquivo cumulativo (contem historico completo desde 2018-01); demais 54 snapshots mensais redundantes nao baixados por conterem subconjunto do mais recente
PRF,prf_acidentes_ocorrencia,Acidentes 2016 (Agrupados por ocorrencia),https://drive.google.com/file/d/16qooQl_ySoW61CrtsBbreBVNPYlEkoYm/view (link oficial embutido em gov.br/prf),2026-09-22T14:33:30Z,prf_acidentes_ocorrencia_2016.zip,2518479,27438f9a66969b57a797eedad795c8058de3ee0a8e7e235b8c3d36228a23c7bd,201601,201612,ocorrencia/diario,,baixado,"Arquivo hospedado pela PRF no Google Drive, link direto da pagina oficial gov.br"
PRF,prf_acidentes_ocorrencia,Acidentes 2017 (Agrupados por ocorrencia),https://drive.google.com/file/d/1HPLWt5f_l4RIX3tKjI4tUXyZOev52W0N/view (link oficial embutido em gov.br/prf),2026-09-22T14:33:30Z,prf_acidentes_ocorrencia_2017.zip,4248009,b5d40934c644e61fed2d70b332aca55b5f4bb293a90cf1771749cd2e2fc20fba,201701,201712,ocorrencia/diario,,baixado,"Arquivo hospedado pela PRF no Google Drive, link direto da pagina oficial gov.br"
PRF,prf_acidentes_ocorrencia,Acidentes 2018 (Agrupados por ocorrencia),https://drive.google.com/file/d/1cM4IgGMIiR-u4gBIH5IEe3DcvBvUzedi/view (link oficial embutido em gov.br/prf),2026-09-22T14:33:30Z,prf_acidentes_ocorrencia_2018.zip,3294461,a8eab316cc17c1af4d2295a5617c5cce37b57b4737a0d76ce902ed4e7c91084c,201801,201812,ocorrencia/diario,,baixado,"Arquivo hospedado pela PRF no Google Drive, link direto da pagina oficial gov.br"
PRF,prf_acidentes_ocorrencia,Acidentes 2019 (Agrupados por ocorrencia),https://drive.google.com/file/d/1pN3fn2wY34GH6cY-gKfbxRJJBFE0lb_l/view (link oficial embutido em gov.br/prf),2026-09-22T14:33:30Z,prf_acidentes_ocorrencia_2019.zip,3237669,3a7022edf4690334aae309cb1b01a7c98649bd9a0a05ce7d0bd3e7416183155d,201901,201912,ocorrencia/diario,,baixado,"Arquivo hospedado pela PRF no Google Drive, link direto da pagina oficial gov.br"
PRF,prf_acidentes_ocorrencia,Acidentes 2020 (Agrupados por ocorrencia),https://drive.google.com/file/d/1esu6IiH5TVTxFoedv6DBGDd01Gvi8785/view (link oficial embutido em gov.br/prf),2026-09-22T14:33:30Z,prf_acidentes_ocorrencia_2020.zip,3075980,92cb80217a17268c4f6fb8f91f36284ce90f28aac7053f0e857fafa5e838c9d8,202001,202012,ocorrencia/diario,,baixado,"Arquivo hospedado pela PRF no Google Drive, link direto da pagina oficial gov.br"
PRF,prf_acidentes_ocorrencia,Acidentes 2021 (Agrupados por ocorrencia),https://drive.google.com/file/d/12xH8LX9aN2gObR766YN3cMcuycwyCJDz/view (link oficial embutido em gov.br/prf),2026-09-22T14:33:30Z,prf_acidentes_ocorrencia_2021.zip,3217660,a246e0d1205860a475335f8996b532cbe2ca4c1c349bb5a1531bf47a779e3901,202101,202112,ocorrencia/diario,,baixado,"Arquivo hospedado pela PRF no Google Drive, link direto da pagina oficial gov.br"
PRF,prf_acidentes_ocorrencia,Acidentes 2022 (Agrupados por ocorrencia),https://drive.google.com/file/d/1PRQjuV5gOn_nn6UNvaJyVURDIfbSAK4-/view (link oficial embutido em gov.br/prf),2026-09-22T14:33:30Z,prf_acidentes_ocorrencia_2022.zip,3227721,5ace05699b82c720e47e28768323630310ef7fe300db57388da246fb448c8855,202201,202212,ocorrencia/diario,,baixado,"Arquivo hospedado pela PRF no Google Drive, link direto da pagina oficial gov.br"
PRF,prf_acidentes_ocorrencia,Acidentes 2023 (Agrupados por ocorrencia),https://drive.google.com/file/d/1-WO3SfNrwwZ5_l7fRTiwBKRw7mi1-HUq/view (link oficial embutido em gov.br/prf),2026-09-22T14:33:30Z,prf_acidentes_ocorrencia_2023.zip,3397281,b233c47d16b3980a6692472f9fe1bbab57698700fbb918d22628a5c0a382d985,202301,202312,ocorrencia/diario,,baixado,"Arquivo hospedado pela PRF no Google Drive, link direto da pagina oficial gov.br"
PRF,prf_acidentes_ocorrencia,Acidentes 2024 (Agrupados por ocorrencia),https://drive.google.com/file/d/14lB0vqMFkaZj8HZ44b0njYgxs9nAN8KO/view (link oficial embutido em gov.br/prf),2026-09-22T14:33:30Z,prf_acidentes_ocorrencia_2024.zip,3681095,20cec26ae45e794d57c0f4d2c0915d3f6f84a9895b3e1b9c0cd126f075700645,202401,202412,ocorrencia/diario,,baixado,"Arquivo hospedado pela PRF no Google Drive, link direto da pagina oficial gov.br"
PRF,prf_acidentes_ocorrencia,Acidentes 2025 (Agrupados por ocorrencia),https://drive.google.com/file/d/1-G3MdmHBt6CprDwcW99xxC4BZ2DU5ryR/view (link oficial embutido em gov.br/prf),2026-09-22T14:33:30Z,prf_acidentes_ocorrencia_2025.zip,3727148,52c8a631ac9d428bf845e2fa996b8c61f66b219f7014a61d292f9d95d186bb0f,202501,202512,ocorrencia/diario,,baixado,"Arquivo hospedado pela PRF no Google Drive, link direto da pagina oficial gov.br"
Fenabrave,fenabrave_emplacamentos,Informativo Emplacamentos 2016-01,http://www.fenabrave.org.br/portal/files/2016_01_2.pdf,2026-09-22T14:47:47Z,fenabrave_2016-01.pdf,1284605,3fcc8ab8669cb5874626e870953081ffc7257dd1c686cee0b019b85309fb90f3,2016-01,2016-01,mensal,,baixado,
Fenabrave,fenabrave_emplacamentos,Informativo Emplacamentos 2016-02,http://www.fenabrave.org.br/portal/files/2016_02_2.pdf,2026-09-22T14:47:48Z,fenabrave_2016-02.pdf,1255556,f1d4cdd04065bb65bfb49f5460cb82f788eed2474326a99ca50c95c9e00c6236,2016-02,2016-02,mensal,,baixado,
Fenabrave,fenabrave_emplacamentos,Informativo Emplacamentos 2016-03,http://www.fenabrave.org.br/portal/files/2016_03_2.pdf,2026-09-22T14:47:48Z,fenabrave_2016-03.pdf,1347182,713804d04163b48c19c6da2cb494ef2e39460f22f2aaad46465ab9d3a4eedc0b,2016-03,2016-03,mensal,,baixado,
Fenabrave,fenabrave_emplacamentos,Informativo Emplacamentos 2016-04,http://www.fenabrave.org.br/portal/files/2016_04_2.pdf,2026-09-22T14:47:49Z,fenabrave_2016-04.pdf,1343201,c14c9022e8678bb54430d9cfeb806ec0e0f5555c367a28c275ffc0cdbc0f7ed3,2016-04,2016-04,mensal,,baixado,
Fenabrave,fenabrave_emplacamentos,Informativo Emplacamentos 2016-05,http://www.fenabrave.org.br/portal/files/2016_05_2.pdf,2026-09-22T14:47:49Z,fenabrave_2016-05.pdf,1357250,3ed19ca14aa0e9dcdf7c8cb1db96ae25f06e2e4d635a0d4f76e0bf29f4bbb9a4,2016-05,2016-05,mensal,,baixado,
Fenabrave,fenabrave_emplacamentos,Informativo Emplacamentos 2016-06,http://www.fenabrave.org.br/portal/files/2016_06_2.pdf,2026-09-22T14:47:50Z,fenabrave_2016-06.pdf,1348570,8c51405068aee903c88b3833d02b71e77e7e83c557dacfe7f55f82e19a356415,2016-06,2016-06,mensal,,baixado,
Fenabrave,fenabrave_emplacamentos,Informativo Emplacamentos 2016-07,http://www.fenabrave.org.br/portal/files/2016_07_2.pdf,2026-09-22T14:47:51Z,fenabrave_2016-07.pdf,1350380,3b4817db4b1283b3377162dcc2c8232195e5558b543fb7009fc4eb27e1713b2c,2016-07,2016-07,mensal,,baixado,
Fenabrave,fenabrave_emplacamentos,Informativo Emplacamentos 2016-08,http://www.fenabrave.org.br/portal/files/2016_08_2.pdf,2026-09-22T14:47:51Z,fenabrave_2016-08.pdf,1360018,37b3d9d811932725e3567e3b65275b3ab23dc9d14d05a3234aca2d942880ea75,2016-08,2016-08,mensal,,baixado,
Fenabrave,fenabrave_emplacamentos,Informativo Emplacamentos 2016-09,http://www.fenabrave.org.br/portal/files/2_2016_09_2.pdf,2026-09-22T14:47:52Z,fenabrave_2016-09.pdf,1365400,d8e5aa0780a40b12db90e5081484d44eb1ba79ecb7642ca6baeea7baca7ca8b7,2016-09,2016-09,mensal,,baixado,
Fenabrave,fenabrave_emplacamentos,Informativo Emplacamentos 2016-10,http://www.fenabrave.org.br/portal/files/2016_10_2.pdf,2026-09-22T14:47:52Z,fenabrave_2016-10.pdf,1357570,55f9dc499e77868157d2045c69795ac289632b12a18b3fdc7c0afd74f4e8eb64,2016-10,2016-10,mensal,,baixado,
Fenabrave,fenabrave_emplacamentos,Informativo Emplacamentos 2016-11,http://www.fenabrave.org.br/portal/files/2_2016_11_2.pdf,2026-09-22T14:47:53Z,fenabrave_2016-11.pdf,2225751,f140de13a9c82c392c0e5c6e397c93c74ea955ef533e75ba36a9c18bfbf258ce,2016-11,2016-11,mensal,,baixado,
Fenabrave,fenabrave_emplacamentos,Informativo Emplacamentos 2016-12,http://www.fenabrave.org.br/portal/files/2_2016_12_2.pdf,2026-09-22T14:47:54Z,fenabrave_2016-12.pdf,1373266,f400dde8c1c073404e33700f1607bb364c1b65003b701ab6b50ae31f75e73147,2016-12,2016-12,mensal,,baixado,
Fenabrave,fenabrave_emplacamentos,Informativo Emplacamentos 2017-01,http://www.fenabrave.org.br/portal/files/3_2017_01_2.pdf,2026-09-22T14:47:54Z,fenabrave_2017-01.pdf,1326577,0fd942f98ca36fec8860f1a7ba1de192c6a82266939a3fc8649f1e1af9e1681f,2017-01,2017-01,mensal,,baixado,
Fenabrave,fenabrave_emplacamentos,Informativo Emplacamentos 2017-02,http://www.fenabrave.org.br/portal/files/2017_02_2.pdf,2026-09-22T14:47:55Z,fenabrave_2017-02.pdf,1356056,56a03510e4bc39b719f9528b45e33d0189ad6ebe20b58081e57f404960636bd6,2017-02,2017-02,mensal,,baixado,
Fenabrave,fenabrave_emplacamentos,Informativo Emplacamentos 2017-03,http://www.fenabrave.org.br/portal/files/2017_03_2.pdf,2026-09-22T14:47:55Z,fenabrave_2017-03.pdf,1342607,e1a65ddd582d942a3264850476b29b778afcd1a5f2437947868c7ff93218b090,2017-03,2017-03,mensal,,baixado,
Fenabrave,fenabrave_emplacamentos,Informativo Emplacamentos 2017-04,http://www.fenabrave.org.br/portal/files/2017_04_2.pdf,2026-09-22T14:47:56Z,fenabrave_2017-04.pdf,961246,26cf6014227f7629f4d237f45056cbffb793bf78ce7510a244d93c0b23d1c5c0,2017-04,2017-04,mensal,,baixado,
Fenabrave,fenabrave_emplacamentos,Informativo Emplacamentos 2017-05,http://www.fenabrave.org.br/portal/files/2_2017_05_2.pdf,2026-09-22T14:47:57Z,fenabrave_2017-05.pdf,1014935,71dc238427251ca3a5c57aceed63f223680e64cf4e467230e2dd70017c43c368,2017-05,2017-05,mensal,,baixado,
Fenabrave,fenabrave_emplacamentos,Informativo Emplacamentos 2017-06,http://www.fenabrave.org.br/portal/files/2017_06_2.pdf,2026-09-22T14:47:57Z,fenabrave_2017-06.pdf,1054698,836daf8384136651df00a5ad5359da1c5144a1600db7a2337a8c3b81100e6cff,2017-06,2017-06,mensal,,baixado,
Fenabrave,fenabrave_emplacamentos,Informativo Emplacamentos 2017-07,http://www.fenabrave.org.br/portal/files/2017_07_2.pdf,2026-09-22T14:47:58Z,fenabrave_2017-07.pdf,1053522,e84abebf1e00230ae76b0128766dc8bb31b2f9dccf3188dc65ef8f4a86edd3b3,2017-07,2017-07,mensal,,baixado,
Fenabrave,fenabrave_emplacamentos,Informativo Emplacamentos 2017-08,http://www.fenabrave.org.br/portal/files/2017_08_2.pdf,2026-09-22T14:47:59Z,fenabrave_2017-08.pdf,1061641,ffda1a32fb88fe2507a89c924870e56c70a15f2c99f2ecbe5ed90d40d5936d8b,2017-08,2017-08,mensal,,baixado,
Fenabrave,fenabrave_emplacamentos,Informativo Emplacamentos 2017-09,http://www.fenabrave.org.br/portal/files/2017_09_2.pdf,2026-09-22T14:48:00Z,fenabrave_2017-09.pdf,1048318,880c50daf1a317bd5e90ef98572ee979626e1ca8b530d5e4d44bb3fdcb4b32a1,2017-09,2017-09,mensal,,baixado,
Fenabrave,fenabrave_emplacamentos,Informativo Emplacamentos 2017-10,http://www.fenabrave.org.br/portal/files/2017_10_2.pdf,2026-09-22T14:48:00Z,fenabrave_2017-10.pdf,1059971,e232f1f973db98aeb51d10e864fcc6ada7addb6884057cd52fcd52eefb269131,2017-10,2017-10,mensal,,baixado,
Fenabrave,fenabrave_emplacamentos,Informativo Emplacamentos 2017-11,http://www.fenabrave.org.br/portal/files/2017_11_2.pdf,2026-09-22T14:48:01Z,fenabrave_2017-11.pdf,777179,bf62e3efd8cf05c7856092cb79533e3d80e8ac3a4bd2b70edb40460aa02dd98d,2017-11,2017-11,mensal,,baixado,
Fenabrave,fenabrave_emplacamentos,Informativo Emplacamentos 2017-12,http://www.fenabrave.org.br/portal/files/2017_12_2.pdf,2026-09-22T14:48:02Z,fenabrave_2017-12.pdf,777174,fd2b1a23fffe3e58e24c49ca870be4801eba3bc34cbd417a6db480a591957248,2017-12,2017-12,mensal,,baixado,
Fenabrave,fenabrave_emplacamentos,Informativo Emplacamentos 2018-01,http://www.fenabrave.org.br/portal/files/2018_01_2.pdf,2026-09-22T14:48:02Z,fenabrave_2018-01.pdf,759510,0e4d56b8445cbf6a54e710bedffc9a4db242c228f57bce16ea70f045522162a2,2018-01,2018-01,mensal,,baixado,
Fenabrave,fenabrave_emplacamentos,Informativo Emplacamentos 2018-02,http://www.fenabrave.org.br/portal/files/2018_02_2.pdf,2026-09-22T14:48:03Z,fenabrave_2018-02.pdf,766910,b2f72b632f19c1dd681fb1316fb16c9075a03c90cc413f4f97733f2e314dc910,2018-02,2018-02,mensal,,baixado,
Fenabrave,fenabrave_emplacamentos,Informativo Emplacamentos 2018-03,http://www.fenabrave.org.br/portal/files/2018_03_2.pdf,2026-09-22T14:48:03Z,fenabrave_2018-03.pdf,762586,db48bcae6d1890ddcac049a9abd2e91f65a67e293611a0eb3ccf9312e5951e9d,2018-03,2018-03,mensal,,baixado,
Fenabrave,fenabrave_emplacamentos,Informativo Emplacamentos 2018-04,http://www.fenabrave.org.br/portal/files/2018_04_2.pdf,2026-09-22T14:48:04Z,fenabrave_2018-04.pdf,762937,71746ba115d53860ef8225a3bb588da32e7b55b5667ce0b27b36142412f2ca1e,2018-04,2018-04,mensal,,baixado,
Fenabrave,fenabrave_emplacamentos,Informativo Emplacamentos 2018-05,http://www.fenabrave.org.br/portal/files/2018_05_2.pdf,2026-09-22T14:48:06Z,fenabrave_2018-05.pdf,9035776,2b60de0926aa8f5c9fd4adc92c1f26c68a125a5bc7464453e410ff6804275096,2018-05,2018-05,mensal,,baixado,
Fenabrave,fenabrave_emplacamentos,Informativo Emplacamentos 2018-06,http://www.fenabrave.org.br/portal/files/2_2018_06_2.pdf,2026-09-22T14:48:10Z,fenabrave_2018-06.pdf,7274496,7d313c7f984c28bb47ef79b326ed6e8db862b7775efc60f40e110512833a2f21,2018-06,2018-06,mensal,,baixado,
Fenabrave,fenabrave_emplacamentos,Informativo Emplacamentos 2018-07,http://www.fenabrave.org.br/portal/files/2018_07_2.pdf,2026-09-22T14:48:12Z,fenabrave_2018-07.pdf,7270400,a9241e6ec5c3b2c5a76919d2242daf68a325da73c156fa090036b58df7b8a9f2,2018-07,2018-07,mensal,,baixado,
Fenabrave,fenabrave_emplacamentos,Informativo Emplacamentos 2018-08,http://www.fenabrave.org.br/portal/files/2018_08_2.pdf,2026-09-22T14:48:14Z,fenabrave_2018-08.pdf,7292131,b3a411ee1f1f624c88e04b009a28fb28ac95d061880ef41c686ec3f998cd5bbc,2018-08,2018-08,mensal,,baixado,
Fenabrave,fenabrave_emplacamentos,Informativo Emplacamentos 2018-09,http://www.fenabrave.org.br/portal/files/2018_09_2.pdf,2026-09-22T14:48:15Z,fenabrave_2018-09.pdf,1083636,fb9295545e9ff76f9fa312ccdea7a817e1a9da58587db00164f90d4217ae2232,2018-09,2018-09,mensal,,baixado,
Fenabrave,fenabrave_emplacamentos,Informativo Emplacamentos 2018-10,http://www.fenabrave.org.br/portal/files/2018_10_2.pdf,2026-09-22T14:48:17Z,fenabrave_2018-10.pdf,7294237,1c8f6355edc80b72051c2ca7e2cb3be90d393838a368dbee1fde883f2af0113c,2018-10,2018-10,mensal,,baixado,
Fenabrave,fenabrave_emplacamentos,Informativo Emplacamentos 2018-11,http://www.fenabrave.org.br/portal/files/2018_11_2.pdf,2026-09-22T14:48:19Z,fenabrave_2018-11.pdf,7299132,5fa6a65112187d539f08847c55d7577b18fcfe328fe9212b2618cde2ac83d2ab,2018-11,2018-11,mensal,,baixado,
Fenabrave,fenabrave_emplacamentos,Informativo Emplacamentos 2018-12,http://www.fenabrave.org.br/portal/files/2018_12_2.pdf,2026-09-22T14:48:21Z,fenabrave_2018-12.pdf,7288575,9457d34894980f2bd6617e40715d3eea74eed0e1b6307c58df525ab0d278d5b1,2018-12,2018-12,mensal,,baixado,
Fenabrave,fenabrave_emplacamentos,Informativo Emplacamentos 2019-01,http://www.fenabrave.org.br/portal/files/2019_01_2.pdf,2026-09-22T14:48:23Z,fenabrave_2019-01.pdf,7270719,6d2e2fdfb3ca4ec0b753759b9dd833fe222bdd86ef57f5879ea1bbebb59c3d52,2019-01,2019-01,mensal,,baixado,
Fenabrave,fenabrave_emplacamentos,Informativo Emplacamentos 2019-02,http://www.fenabrave.org.br/portal/files/2019_02_2.pdf,2026-09-22T14:48:25Z,fenabrave_2019-02.pdf,7282288,f46918a54b31edc4e13b010a8501aeca3d8790bf78be1641bfdd0eda31ad65d3,2019-02,2019-02,mensal,,baixado,
Fenabrave,fenabrave_emplacamentos,Informativo Emplacamentos 2019-03,http://www.fenabrave.org.br/portal/files/2019_03_2.pdf,2026-09-22T14:48:26Z,fenabrave_2019-03.pdf,7309176,443e85106d40a26f1f51cb572c43c563d5f8364f7d4625e1ebcdd32ad85e8308,2019-03,2019-03,mensal,,baixado,
Fenabrave,fenabrave_emplacamentos,Informativo Emplacamentos 2019-04,http://www.fenabrave.org.br/portal/files/2019_04_2.pdf,2026-09-22T14:48:27Z,fenabrave_2019-04.pdf,7330798,ed22f4e719b38919965af8c26f4c8493f2ba17192c825fd790d426e4282d188f,2019-04,2019-04,mensal,,baixado,
Fenabrave,fenabrave_emplacamentos,Informativo Emplacamentos 2019-05,http://www.fenabrave.org.br/portal/files/2019_05_2.pdf,2026-09-22T14:48:29Z,fenabrave_2019-05.pdf,7331667,86f924457b0aad0d05c030774e3925ce45978f6edc97f2c80ee58a2a0423b9db,2019-05,2019-05,mensal,,baixado,
Fenabrave,fenabrave_emplacamentos,Informativo Emplacamentos 2019-06,http://www.fenabrave.org.br/portal/files/2_2019_06_2.pdf,2026-09-22T14:48:31Z,fenabrave_2019-06.pdf,7332013,d60147ae317d191cb6f87ed239a75f1df8512e3f1ef14a17dfd899c0a438ec73,2019-06,2019-06,mensal,,baixado,
Fenabrave,fenabrave_emplacamentos,Informativo Emplacamentos 2019-07,http://www.fenabrave.org.br/portal/files/2019_07_2.pdf,2026-09-22T14:48:32Z,fenabrave_2019-07.pdf,7329935,6205c3e30c3ec8cf24b599d67072ca44469de084ed0fa76ebe4457f52a8fee28,2019-07,2019-07,mensal,,baixado,
Fenabrave,fenabrave_emplacamentos,Informativo Emplacamentos 2019-08,http://www.fenabrave.org.br/portal/files/2019_08_2.pdf,2026-09-22T14:48:34Z,fenabrave_2019-08.pdf,7331607,7431e9556d96a472b4e4a1e1a54f2ff4065ea18914f085509e06236f60f219f3,2019-08,2019-08,mensal,,baixado,
Fenabrave,fenabrave_emplacamentos,Informativo Emplacamentos 2019-09,http://www.fenabrave.org.br/portal/files/2019_09_2.pdf,2026-09-22T14:48:35Z,fenabrave_2019-09.pdf,7335122,de0af68dd659b39b4d5a39f8213823e745d7e25ffe8355657f65f8ee43ab0406,2019-09,2019-09,mensal,,baixado,
Fenabrave,fenabrave_emplacamentos,Informativo Emplacamentos 2019-10,http://www.fenabrave.org.br/portal/files/2019_10_2.pdf,2026-09-22T14:48:37Z,fenabrave_2019-10.pdf,7333660,f05dedeeeba84bb0f563040c82ecf7549bbbb784740082b66e3852ab28b76991,2019-10,2019-10,mensal,,baixado,
Fenabrave,fenabrave_emplacamentos,Informativo Emplacamentos 2019-11,http://www.fenabrave.org.br/portal/files/2019_11_01.pdf,2026-09-22T14:48:39Z,fenabrave_2019-11.pdf,7337406,7f2d30e5c387a7d30711f87fe7e4bf2e9f2116467953b7aef1a027b5affdd825,2019-11,2019-11,mensal,,baixado,
Fenabrave,fenabrave_emplacamentos,Informativo Emplacamentos 2019-12,http://www.fenabrave.org.br/portal/files/2019_12_2.pdf,2026-09-22T14:48:40Z,fenabrave_2019-12.pdf,631077,6876607a4ce3c130d48a23908057663b59f366100eae431827117996892d697d,2019-12,2019-12,mensal,,baixado,
Fenabrave,fenabrave_emplacamentos,Informativo Emplacamentos 2020-01,http://www.fenabrave.org.br/portal/files/2020_01_2.pdf,2026-09-22T14:48:41Z,fenabrave_2020-01.pdf,578414,2eaa8491d7f9191a30f2014c9dafa97825f53df7f427fbd362de63406f2dd1cf,2020-01,2020-01,mensal,,baixado,
Fenabrave,fenabrave_emplacamentos,Informativo Emplacamentos 2020-02,http://www.fenabrave.org.br/portal/files/2020_02_2.pdf,2026-09-22T14:48:41Z,fenabrave_2020-02.pdf,613484,942ae129a7bc2f66a8944f2bf8ceebe91396048cc4eca590adb0d2ea835f0f0a,2020-02,2020-02,mensal,,baixado,
Fenabrave,fenabrave_emplacamentos,Informativo Emplacamentos 2020-03,http://www.fenabrave.org.br/portal/files/2020_03_2.pdf,2026-09-22T14:48:42Z,fenabrave_2020-03.pdf,7284223,6f30924e996da4eb688e6fcd5c917b1c730aa5bfc8e924aa98e92b5198e6a1bd,2020-03,2020-03,mensal,,baixado,
Fenabrave,fenabrave_emplacamentos,Informativo Emplacamentos 2020-04,http://www.fenabrave.org.br/portal/files/2020_04_2.pdf,2026-09-22T14:48:43Z,fenabrave_2020-04.pdf,1065806,79a2ce9d1c198816bed0be63c0f330b3337ec5677d085115675273b018fbacba,2020-04,2020-04,mensal,,baixado,
Fenabrave,fenabrave_emplacamentos,Informativo Emplacamentos 2020-05,http://www.fenabrave.org.br/portal/files/2020_05_2.pdf,2026-09-22T14:48:44Z,fenabrave_2020-05.pdf,1552116,d0ee07b80f32eda9f49978c7e34bee062120f788ee483ae4ba1209f5971d03a5,2020-05,2020-05,mensal,,baixado,
Fenabrave,fenabrave_emplacamentos,Informativo Emplacamentos 2020-06,http://www.fenabrave.org.br/portal/files/2020_06_2.pdf,2026-09-22T14:48:44Z,fenabrave_2020-06.pdf,1190331,d5f7df81ad93d7d661f0eea875e692078b69a4d0c33cc04d881c9e1bf948b38e,2020-06,2020-06,mensal,,baixado,
Fenabrave,fenabrave_emplacamentos,Informativo Emplacamentos 2020-07,http://www.fenabrave.org.br/portal/files/2020_07_2.pdf,2026-09-22T14:48:45Z,fenabrave_2020-07.pdf,619277,72c97c4e5f7614de62e5bc54743012094aa29ef2168043d5748eafcb0498017c,2020-07,2020-07,mensal,,baixado,
Fenabrave,fenabrave_emplacamentos,Informativo Emplacamentos 2020-08,http://www.fenabrave.org.br/portal/files/2020_08_2.pdf,2026-09-22T14:48:45Z,fenabrave_2020-08.pdf,673617,4f58397217070f9cbefff08cba0a80d73dd9a96a75d3f4e144f6394eee494b28,2020-08,2020-08,mensal,,baixado,
Fenabrave,fenabrave_emplacamentos,Informativo Emplacamentos 2020-09,http://www.fenabrave.org.br/portal/files/2020_09_2.pdf,2026-09-22T14:48:46Z,fenabrave_2020-09.pdf,1110394,1afcb8f4954fe16525a8e6e4f722c73bee74c3d2d5059b49f0acfb45fd7c35ea,2020-09,2020-09,mensal,,baixado,
Fenabrave,fenabrave_emplacamentos,Informativo Emplacamentos 2020-10,http://www.fenabrave.org.br/portal/files/2020_10_2.pdf,2026-09-22T14:48:47Z,fenabrave_2020-10.pdf,742645,7c883ce5b62bc7fd215a6f9be80ac62449fa2f021b287d633e09c2d7e379d219,2020-10,2020-10,mensal,,baixado,
Fenabrave,fenabrave_emplacamentos,Informativo Emplacamentos 2020-11,http://www.fenabrave.org.br/portal/files/2020_11_2.pdf,2026-09-22T14:48:47Z,fenabrave_2020-11.pdf,743141,29ea6a6cfdc37d3f2b934b3db8172a32f9f527d3cd13dead64bbbed17a781e4c,2020-11,2020-11,mensal,,baixado,
Fenabrave,fenabrave_emplacamentos,Informativo Emplacamentos 2020-12,http://www.fenabrave.org.br/portal/files/2020_12_2.pdf,2026-09-22T14:48:48Z,fenabrave_2020-12.pdf,1146697,eab37f9f93481dcbcab10c6f67420a5bc220145cf627e5e6e9beaa2e76a09a6e,2020-12,2020-12,mensal,,baixado,
Fenabrave,fenabrave_emplacamentos,Informativo Emplacamentos 2021-01,http://www.fenabrave.org.br/portal/files/2021_01_2.pdf,2026-09-22T14:48:48Z,fenabrave_2021-01.pdf,559572,d1ab2864517a2fa98d8124ca5baf4c0ddc4e9f62a168f0be00e0af2087336095,2021-01,2021-01,mensal,,baixado,
Fenabrave,fenabrave_emplacamentos,Informativo Emplacamentos 2021-02,http://www.fenabrave.org.br/portal/files/2021_02_2.pdf,2026-09-22T14:48:49Z,fenabrave_2021-02.pdf,589025,732095f9bf8d3139e030a834887d286ed6a3dd8d3ea2dda79f29a67637d7f16c,2021-02,2021-02,mensal,,baixado,
Fenabrave,fenabrave_emplacamentos,Informativo Emplacamentos 2021-03,http://www.fenabrave.org.br/portal/files/2021_03_2.pdf,2026-09-22T14:48:50Z,fenabrave_2021-03.pdf,3564870,15fd22f671f1d806e823adc567c0f4ef67e87bf33a456e46b2225237019ef873,2021-03,2021-03,mensal,,baixado,
Fenabrave,fenabrave_emplacamentos,Informativo Emplacamentos 2021-04,http://www.fenabrave.org.br/portal/files/2021_04_2.pdf,2026-09-22T14:48:50Z,fenabrave_2021-04.pdf,770019,ac731504cc56a9e9dc6836bc92a36ef16c4f52f13ecff5206d83ba923d08cee0,2021-04,2021-04,mensal,,baixado,
Fenabrave,fenabrave_emplacamentos,Informativo Emplacamentos 2021-05,http://www.fenabrave.org.br/portal/files/2021_05_2.pdf,2026-09-22T14:48:51Z,fenabrave_2021-05.pdf,841653,60e8c92053aef9f1e44a357d3ebe41aae26264b341340a7d8f63b3e9f2dac61c,2021-05,2021-05,mensal,,baixado,
Fenabrave,fenabrave_emplacamentos,Informativo Emplacamentos 2021-06,http://www.fenabrave.org.br/portal/files/2021_06_2.pdf,2026-09-22T14:48:53Z,fenabrave_2021-06.pdf,11680850,59c53685aa054982209c0c1ef2a819064a827737cf17aabb75d033d489632b53,2021-06,2021-06,mensal,,baixado,
Fenabrave,fenabrave_emplacamentos,Informativo Emplacamentos 2021-07,http://www.fenabrave.org.br/portal/files/2021_07_2.pdf,2026-09-22T14:48:54Z,fenabrave_2021-07.pdf,700784,47fbf19a14560b66329d508887dc85bb3ee8c8bfb5b45b0416dc9b792d96ae11,2021-07,2021-07,mensal,,baixado,
Fenabrave,fenabrave_emplacamentos,Informativo Emplacamentos 2021-08,http://www.fenabrave.org.br/portal/files/2021_08_2.pdf,2026-09-22T14:48:54Z,fenabrave_2021-08.pdf,827654,5b2442475136a0882a2fba7366cec02410024ce7ec9ff8efb331089c55b2a96b,2021-08,2021-08,mensal,,baixado,
Fenabrave,fenabrave_emplacamentos,Informativo Emplacamentos 2021-09,http://www.fenabrave.org.br/portal/files/2021_09_2.pdf,2026-09-22T14:48:55Z,fenabrave_2021-09.pdf,827795,16c67256ee341309ef09acbfacca67c0caa1da4ff3753fd094092b2d9d63f036,2021-09,2021-09,mensal,,baixado,
Fenabrave,fenabrave_emplacamentos,Informativo Emplacamentos 2021-10,http://www.fenabrave.org.br/portal/files/2021_10_2.pdf,2026-09-22T14:48:55Z,fenabrave_2021-10.pdf,829061,e58ede3704bb23a0a32ff965fecf2d846a260dd100b628af53617d6d0339d8b0,2021-10,2021-10,mensal,,baixado,
Fenabrave,fenabrave_emplacamentos,Informativo Emplacamentos 2021-11,http://www.fenabrave.org.br/portal/files/2021_11_2.pdf,2026-09-22T14:48:56Z,fenabrave_2021-11.pdf,2859290,c76921e8b59a8d0638c66c9a7756c097bb22c6c79d4cad725e538f5222b36b69,2021-11,2021-11,mensal,,baixado,
Fenabrave,fenabrave_emplacamentos,Informativo Emplacamentos 2021-12,http://www.fenabrave.org.br/portal/files/2021_12_2.pdf,2026-09-22T14:48:57Z,fenabrave_2021-12.pdf,2793936,4e4efd3050cc61ab092e2a13d6ec4ac46ef7589a44e75d0603b40e3465334451,2021-12,2021-12,mensal,,baixado,
Fenabrave,fenabrave_emplacamentos,Informativo Emplacamentos 2022-01,http://www.fenabrave.org.br/portal/files/2022_01_2.pdf,2026-09-22T14:48:59Z,fenabrave_2022-01.pdf,4540507,b7234b6fd433e4033649376888c161bf2ef535982e1c483c39efc214db22a081,2022-01,2022-01,mensal,,baixado,
Fenabrave,fenabrave_emplacamentos,Informativo Emplacamentos 2022-02,http://www.fenabrave.org.br/portal/files/2022_02_2.pdf,2026-09-22T14:48:59Z,fenabrave_2022-02.pdf,2827171,a3f3d98ce107ebde1b2ffd6a535fdf4cc19c8b5b04a98bd9157bcba3be368eab,2022-02,2022-02,mensal,,baixado,
Fenabrave,fenabrave_emplacamentos,Informativo Emplacamentos 2022-03,http://www.fenabrave.org.br/portal/files/2022_03_2.pdf,2026-09-22T14:49:00Z,fenabrave_2022-03.pdf,2821560,14e08f9212574fc1156b34dfe186d988304ea705a0ca12a4340b3aaf5ddacf93,2022-03,2022-03,mensal,,baixado,
Fenabrave,fenabrave_emplacamentos,Informativo Emplacamentos 2022-04,http://www.fenabrave.org.br/portal/files/2022_04_2.pdf,2026-09-22T14:49:01Z,fenabrave_2022-04.pdf,2843144,1c231a9ffc0feffd8c84c8c2f907dfe06bda4ca1112aff34a5041b63ed8d5a03,2022-04,2022-04,mensal,,baixado,
Fenabrave,fenabrave_emplacamentos,Informativo Emplacamentos 2022-05,http://www.fenabrave.org.br/portal/files/2022_05_2.pdf,2026-09-22T14:49:02Z,fenabrave_2022-05.pdf,2845374,b2aafc2c884b55589a2e108e2ae4d3deb3e9e0ea6c2bfb182bd78faa7f30edd2,2022-05,2022-05,mensal,,baixado,
Fenabrave,fenabrave_emplacamentos,Informativo Emplacamentos 2022-06,http://www.fenabrave.org.br/portal/files/2022_06_2.pdf,2026-09-22T14:49:03Z,fenabrave_2022-06.pdf,2842663,913c8e3b4c8116b8373110d3409c5718f21baa17b54d5850dfdeeb69f0f0c445,2022-06,2022-06,mensal,,baixado,
Fenabrave,fenabrave_emplacamentos,Informativo Emplacamentos 2022-07,http://www.fenabrave.org.br/portal/files/2022_07_2.pdf,2026-09-22T14:49:04Z,fenabrave_2022-07.pdf,2800987,58f62c55e5bb45216da79e437e92d88f9846da904740e5136d77569ded1ff128,2022-07,2022-07,mensal,,baixado,
Fenabrave,fenabrave_emplacamentos,Informativo Emplacamentos 2022-08,http://www.fenabrave.org.br/portal/files/2022_08_2.pdf,2026-09-22T14:49:05Z,fenabrave_2022-08.pdf,2956209,a2420891faf46651cf813e4e8c165281deceb37bfda95a56b1ba4ebf4e250bdc,2022-08,2022-08,mensal,,baixado,
Fenabrave,fenabrave_emplacamentos,Informativo Emplacamentos 2022-09,http://www.fenabrave.org.br/portal/files/2022_09_2.pdf,2026-09-22T14:49:06Z,fenabrave_2022-09.pdf,2931495,5625926a3b35562866acb19985a6ae304b513dcf74175ba5af46c487b44c4099,2022-09,2022-09,mensal,,baixado,
Fenabrave,fenabrave_emplacamentos,Informativo Emplacamentos 2022-10,http://www.fenabrave.org.br/portal/files/2022_10_2.pdf,2026-09-22T14:49:07Z,fenabrave_2022-10.pdf,2892617,db5aa2546e26ced669ae8f11fc55574a0d66de7a192b1037adc431828722c7eb,2022-10,2022-10,mensal,,baixado,
Fenabrave,fenabrave_emplacamentos,Informativo Emplacamentos 2022-11,http://www.fenabrave.org.br/portal/files/2022_11_2.pdf,2026-09-22T14:49:07Z,fenabrave_2022-11.pdf,2836107,ad889f4e710b55bf9449dce2630f8147eebd96532c2273b7fd31517775d8614a,2022-11,2022-11,mensal,,baixado,
Fenabrave,fenabrave_emplacamentos,Informativo Emplacamentos 2022-12,http://www.fenabrave.org.br/portal/files/2022_12_2.pdf,2026-09-22T14:49:09Z,fenabrave_2022-12.pdf,2807236,45e84563339ca62e1c9b9106542f0f5e7e1a445b931d34effffb1006306946d0,2022-12,2022-12,mensal,,baixado,
Fenabrave,fenabrave_emplacamentos,Informativo Emplacamentos 2023-01,http://www.fenabrave.org.br/portal/files/2023_01_2.pdf,2026-09-22T14:49:10Z,fenabrave_2023-01.pdf,2825183,9344dd3c07f70b833f1b608201eba615f02fa2552a23592e49c60b27898216f4,2023-01,2023-01,mensal,,baixado,
Fenabrave,fenabrave_emplacamentos,Informativo Emplacamentos 2023-02,http://www.fenabrave.org.br/portal/files/2023_02_2.pdf,2026-09-22T14:49:11Z,fenabrave_2023-02.pdf,2811822,374f98f5a40a3e878ec3a8dd32f74e4ba45fbe0664ebc8e86f1645a6f10d2aba,2023-02,2023-02,mensal,,baixado,
Fenabrave,fenabrave_emplacamentos,Informativo Emplacamentos 2023-04,http://www.fenabrave.org.br/portal/files/2023_04_2.pdf,2026-09-22T14:49:12Z,fenabrave_2023-04.pdf,2886279,ac2a244689a52b1b283fa7e38f019e118d9b9836ff74eec277d2dae9ab33e020,2023-04,2023-04,mensal,,baixado,
Fenabrave,fenabrave_emplacamentos,Informativo Emplacamentos 2023-05,http://www.fenabrave.org.br/portal/files/2023_05_2.pdf,2026-09-22T14:49:13Z,fenabrave_2023-05.pdf,2976974,3153b8453bed13d125ac6532fd5528d50ac471af6ee8b7f6e41f08045fa92d44,2023-05,2023-05,mensal,,baixado,
Fenabrave,fenabrave_emplacamentos,Informativo Emplacamentos 2023-06,http://www.fenabrave.org.br/portal/files/2023_06_2.pdf,2026-09-22T14:49:14Z,fenabrave_2023-06.pdf,2873273,ce0a721209400bbc841487cf0a79399b693ab0873ff772d7a797754b7eb23d8e,2023-06,2023-06,mensal,,baixado,
Fenabrave,fenabrave_emplacamentos,Informativo Emplacamentos 2023-07,http://www.fenabrave.org.br/portal/files/2023_07_2.pdf,2026-09-22T14:49:16Z,fenabrave_2023-07.pdf,2838199,fba7d45b72f6f9155a492885403739e84a1cb6a108e9bf5e1507ddd7612210c8,2023-07,2023-07,mensal,,baixado,
Fenabrave,fenabrave_emplacamentos,Informativo Emplacamentos 2023-08,http://www.fenabrave.org.br/portal/files/2023_08_2.pdf,2026-09-22T14:49:18Z,fenabrave_2023-08.pdf,2938894,6c9460d314f6c04e0b391e8e1a2799d84687b4c09b3391303fb9c0d485acdaf9,2023-08,2023-08,mensal,,baixado,
Fenabrave,fenabrave_emplacamentos,Informativo Emplacamentos 2023-09,http://www.fenabrave.org.br/portal/files/2023_09_2.pdf,2026-09-22T14:49:24Z,fenabrave_2023-09.pdf,7184218,b4db3914b3705ee0d95dd3664c92eed2c187600527f6a252a7627559b073ea92,2023-09,2023-09,mensal,,baixado,
Fenabrave,fenabrave_emplacamentos,Informativo Emplacamentos 2023-10,http://www.fenabrave.org.br/portal/files/2023_10_2.pdf,2026-09-22T14:49:25Z,fenabrave_2023-10.pdf,2864567,15776fd7e13f8dd3b0d010805efc3ddb6106ad2ee01ad2e11b456645350cbfdc,2023-10,2023-10,mensal,,baixado,
Fenabrave,fenabrave_emplacamentos,Informativo Emplacamentos 2023-11,http://www.fenabrave.org.br/portal/files/2023_11_2.pdf,2026-09-22T14:49:26Z,fenabrave_2023-11.pdf,2917037,5d8a33baf63bbfc133b8d39699e678427e320c65ec013ba8a06494ce0a8512b4,2023-11,2023-11,mensal,,baixado,
Fenabrave,fenabrave_emplacamentos,Informativo Emplacamentos 2023-12,http://www.fenabrave.org.br/portal/files/2023_12_2.pdf,2026-09-22T14:49:27Z,fenabrave_2023-12.pdf,2913160,88fb03206a78bb13ccc903442273e4aa9b7464e527cd3f86645c5d7d703df0b2,2023-12,2023-12,mensal,,baixado,
Fenabrave,fenabrave_emplacamentos,Informativo Emplacamentos 2024-01,http://www.fenabrave.org.br/portal/files/2024_01_02.pdf,2026-09-22T14:49:28Z,fenabrave_2024-01.pdf,3469588,126d321bdc4a38bf30586a9ab70db396b844bc7244b7d05e5ca69e4eb5742fec,2024-01,2024-01,mensal,,baixado,
Fenabrave,fenabrave_emplacamentos,Informativo Emplacamentos 2024-02,http://www.fenabrave.org.br/portal/files/2024_02_02.pdf,2026-09-22T14:49:32Z,fenabrave_2024-02.pdf,16048250,36fd3d02e3d521c39661b5377c806124a7877802bb3a96d905898f384b525901,2024-02,2024-02,mensal,,baixado,
Fenabrave,fenabrave_emplacamentos,Informativo Emplacamentos 2024-03,http://www.fenabrave.org.br/portal/files/2024_03_02.pdf,2026-09-22T14:49:32Z,fenabrave_2024-03.pdf,3430017,934fa9f7f35fca32a0923636565700b3894c78bf77d3db062a0e0629e497e050,2024-03,2024-03,mensal,,baixado,
Fenabrave,fenabrave_emplacamentos,Informativo Emplacamentos 2024-04,http://www.fenabrave.org.br/portal/files/2024_04_02.pdf,2026-09-22T14:49:33Z,fenabrave_2024-04.pdf,3418214,1b563db066d63e06214fb610c851d0013b84ac73eb2675af7589a28882bab3d8,2024-04,2024-04,mensal,,baixado,
Fenabrave,fenabrave_emplacamentos,Informativo Emplacamentos 2024-05,http://www.fenabrave.org.br/portal/files/2024_05_02.pdf,2026-09-22T14:49:34Z,fenabrave_2024-05.pdf,3452588,d9aa48863d84ec2c23cc9a1efd24115693cc4c78202a262b5cba49a25ff138fa,2024-05,2024-05,mensal,,baixado,
Fenabrave,fenabrave_emplacamentos,Informativo Emplacamentos 2024-06,http://www.fenabrave.org.br/portal/files/2024_06_02.pdf,2026-09-22T14:49:35Z,fenabrave_2024-06.pdf,3617645,183fb18398f3bb0d88adcab334d095d1e64886a16ff19129021a331ba146fed2,2024-06,2024-06,mensal,,baixado,
Fenabrave,fenabrave_emplacamentos,Informativo Emplacamentos 2024-07,http://www.fenabrave.org.br/portal/files/2024_07_02.pdf,2026-09-22T14:49:36Z,fenabrave_2024-07.pdf,3359967,516b5cbba14ef287d24eab3ad943666890da4c9acded91119c6ce36b7183efef,2024-07,2024-07,mensal,,baixado,
Fenabrave,fenabrave_emplacamentos,Informativo Emplacamentos 2024-08,http://www.fenabrave.org.br/portal/files/2024_08_02.pdf,2026-09-22T14:49:37Z,fenabrave_2024-08.pdf,3345184,fe1ff84bd2ab8ba875f7727f7fb564942fbe0d6a4080a3b76ea8bd5855f418fd,2024-08,2024-08,mensal,,baixado,
Fenabrave,fenabrave_emplacamentos,Informativo Emplacamentos 2024-09,http://www.fenabrave.org.br/portal/files/2024_09_02.pdf,2026-09-22T14:49:38Z,fenabrave_2024-09.pdf,3525425,47c9c0caf829d5d73d126716bc9377c616aa51d4fdc30fe185a00009aeee056f,2024-09,2024-09,mensal,,baixado,
Fenabrave,fenabrave_emplacamentos,Informativo Emplacamentos 2024-10,http://www.fenabrave.org.br/portal/files/2024_10_02.pdf,2026-09-22T14:49:39Z,fenabrave_2024-10.pdf,3597787,6c51d968719ce80a459e0f4c6e2c58d6db646c0964b8a617310d2784d6932182,2024-10,2024-10,mensal,,baixado,
Fenabrave,fenabrave_emplacamentos,Informativo Emplacamentos 2024-11,http://www.fenabrave.org.br/portal/files/2024_11_02.pdf,2026-09-22T14:49:40Z,fenabrave_2024-11.pdf,2939209,d9b8004d2380c5cff97898315461375cf16d5ef5eb57853a8bf46dc21c542683,2024-11,2024-11,mensal,,baixado,
Fenabrave,fenabrave_emplacamentos,Informativo Emplacamentos 2024-12,http://www.fenabrave.org.br/portal/files/2024_12_02.pdf,2026-09-22T14:49:41Z,fenabrave_2024-12.pdf,3537890,3598be43151157b002d7b74dc3f7d2d8e6c243ba06261f869236bb43ac20d8e0,2024-12,2024-12,mensal,,baixado,
Fenabrave,fenabrave_emplacamentos,Informativo Emplacamentos 2025-01,http://www.fenabrave.org.br/portal/files/2025_01_02.pdf,2026-09-22T14:49:42Z,fenabrave_2025-01.pdf,2994873,2da3555ec039c1d2968271f9e191404fd3381c5552b16d759391b8041aefe4ae,2025-01,2025-01,mensal,,baixado,
Fenabrave,fenabrave_emplacamentos,Informativo Emplacamentos 2025-02,http://www.fenabrave.org.br/portal/files/2025_02_02.pdf,2026-09-22T14:49:43Z,fenabrave_2025-02.pdf,4830876,d62259f6cf1c8d648b3191e212ff9cc841e71f5311ab10fc1a781821eb408d96,2025-02,2025-02,mensal,,baixado,
Fenabrave,fenabrave_emplacamentos,Informativo Emplacamentos 2025-03,http://www.fenabrave.org.br/portal/files/2025_03_02.pdf,2026-09-22T14:49:44Z,fenabrave_2025-03.pdf,4884840,96e72418cef0319b96aa160346201596c1e4c92d0c0623385fa397d6558e6899,2025-03,2025-03,mensal,,baixado,
Fenabrave,fenabrave_emplacamentos,Informativo Emplacamentos 2025-04,http://www.fenabrave.org.br/portal/files/2025_04_02.pdf,2026-09-22T14:49:46Z,fenabrave_2025-04.pdf,4915362,44c72d0f4ce5bd5f6a5130368739beb35de7581bc9a9853d8eacbc02b9392724,2025-04,2025-04,mensal,,baixado,
Fenabrave,fenabrave_emplacamentos,Informativo Emplacamentos 2025-05,http://www.fenabrave.org.br/portal/files/2025_05_02.pdf,2026-09-22T14:49:48Z,fenabrave_2025-05.pdf,4929187,5fb298f09ae90fa18a83472e720a48cdf9571beeed471403100e510da7e0fbf5,2025-05,2025-05,mensal,,baixado,
Fenabrave,fenabrave_emplacamentos,Informativo Emplacamentos 2025-06,http://www.fenabrave.org.br/portal/files/2025_06_02.pdf,2026-09-22T14:49:50Z,fenabrave_2025-06.pdf,4976188,808e7709ae09ec9bae4450a5990123f440aa1acca54136e920af4597fbae8ce1,2025-06,2025-06,mensal,,baixado,
Fenabrave,fenabrave_emplacamentos,Informativo Emplacamentos 2025-07,http://www.fenabrave.org.br/portal/files/2025_07_02.pdf,2026-09-22T14:49:51Z,fenabrave_2025-07.pdf,2935955,cd938bbba2cc7adf703c2571d1fbc6c9179e5ae437c8709721a480d606bd88a9,2025-07,2025-07,mensal,,baixado,
Fenabrave,fenabrave_emplacamentos,Informativo Emplacamentos 2025-08,http://www.fenabrave.org.br/portal/files/2025_08_02.pdf,2026-09-22T14:49:52Z,fenabrave_2025-08.pdf,3010235,548a50828dc0db8061461f0522ac609028610f64ec21c8f9f5cbde38f4397d30,2025-08,2025-08,mensal,,baixado,
Fenabrave,fenabrave_emplacamentos,Informativo Emplacamentos 2025-09,http://www.fenabrave.org.br/portal/files/2025_09_02.pdf,2026-09-22T14:49:53Z,fenabrave_2025-09.pdf,3084767,f11030baad417c40708a65e50848385791d1e3791dd0b1d83402f5b258b4e9d5,2025-09,2025-09,mensal,,baixado,
Fenabrave,fenabrave_emplacamentos,Informativo Emplacamentos 2025-10,http://www.fenabrave.org.br/portal/files/2025_10_02.pdf,2026-09-22T14:49:54Z,fenabrave_2025-10.pdf,3031357,1b598a9410be4e7131663a6e9ea2bef62a3f330b7e1868f108f2cf7f8190cdcc,2025-10,2025-10,mensal,,baixado,
Fenabrave,fenabrave_emplacamentos,Informativo Emplacamentos 2025-11,http://www.fenabrave.org.br/portal/files/2025_11_02.pdf,2026-09-22T14:49:55Z,fenabrave_2025-11.pdf,2858597,48324055aa809d52ca44eb9435207712e6e72aeb40f9d82f3d1113aee925992f,2025-11,2025-11,mensal,,baixado,
Fenabrave,fenabrave_emplacamentos,Informativo Emplacamentos 2025-12,http://www.fenabrave.org.br/portal/files/2025_12_02.pdf,2026-09-22T14:49:57Z,fenabrave_2025-12.pdf,2924886,a0be3dcbd504f3774d3facba7882eeccac82b683aeedd5ee1531cb1a05d43eab,2025-12,2025-12,mensal,,baixado,
Fenabrave,fenabrave_emplacamentos,Informativo Emplacamentos 2026-01,http://www.fenabrave.org.br/portal/files/2026_01_02.pdf,2026-09-22T14:49:58Z,fenabrave_2026-01.pdf,4831101,0300494d57f731299645439742fda9484d5cc35637ec7902ae5cb59ce696dbe4,2026-01,2026-01,mensal,,baixado,
Fenabrave,fenabrave_emplacamentos,Informativo Emplacamentos 2026-02,http://www.fenabrave.org.br/portal/files/2026_02_02.pdf,2026-09-22T14:49:59Z,fenabrave_2026-02.pdf,2868846,e7d962b956607b7f0005ad0edda8faad5dc2e397381f003bb3b0e257f01808cd,2026-02,2026-02,mensal,,baixado,
Fenabrave,fenabrave_emplacamentos,Informativo Emplacamentos 2026-03,http://www.fenabrave.org.br/portal/files/2026_03_02.pdf,2026-09-22T14:50:00Z,fenabrave_2026-03.pdf,3000787,2127128785ae5266c384b83e0627299d2e37176f01c3d12fe366f40e708a4515,2026-03,2026-03,mensal,,baixado,
Fenabrave,fenabrave_emplacamentos,Informativo Emplacamentos 2026-04,http://www.fenabrave.org.br/portal/files/2026_04_02.pdf,2026-09-22T14:50:01Z,fenabrave_2026-04.pdf,2984525,c0645d4fe2ee5254881a8ba029ef954d345531814278d7a6875f012f89229184,2026-04,2026-04,mensal,,baixado,
Fenabrave,fenabrave_emplacamentos,Informativo Emplacamentos 2026-05,http://www.fenabrave.org.br/portal/files/2026_05_02.pdf,2026-09-22T14:50:02Z,fenabrave_2026-05.pdf,3022390,09bb4774998a7cec362b38d54689c3a9a0e97543d9e396fd832ad5529d485d0c,2026-05,2026-05,mensal,,baixado,
Fenabrave,fenabrave_emplacamentos,Informativo Emplacamentos 2026-06,http://www.fenabrave.org.br/portal/files/2026_06_02.pdf,2026-09-22T14:50:03Z,fenabrave_2026-06.pdf,2992072,8c9f0e6ce9b0ebd43a201f13eb827de8fcd73543d8adffee671e058aa187ffb7,2026-06,2026-06,mensal,,baixado,
Fenabrave,fenabrave_emplacamentos,Informativo Emplacamentos 2026-07,http://www.fenabrave.org.br/portal/files/2026_07_02.pdf,2026-09-22T14:50:04Z,fenabrave_2026-07.pdf,2920113,996d04f814bd176381a50bbc373c5c55a83e56d491eec05ff369e4df297b5a53,2026-07,2026-07,mensal,,baixado,
Fenabrave,fenabrave_emplacamentos,Informativo Emplacamentos 2026-08,http://www.fenabrave.org.br/portal/files/2026_08_02.pdf,2026-09-22T14:50:05Z,fenabrave_2026-08.pdf,3039776,299260bb4bdcf7754fe1d58bd41916368c19e749445d42c3b70e48ac2f1ee630,2026-08,2026-08,mensal,,baixado,
