ano_mes,uf,roubo_veiculos,furto_veiculos,roubo_furto_veiculos
201501,AC,0,0,0
201501,AL,297,67,364
201501,AM,215,110,325
201501,AP,25,71,96
201501,BA,1290,547,1837
201501,CE,906,405,1311
201501,DF,522,602,1124
201501,ES,284,312,596
201501,GO,741,951,1692
201501,MA,303,159,462
201501,MG,923,2324,3247
201501,MS,110,321,431
201501,MT,300,337,637
201501,PA,440,225,665
201501,PB,113,92,205
201501,PE,702,381,1083
201501,PI,360,142,502
201501,PR,723,1307,2030
201501,RJ,2874,1593,4467
201501,RN,377,105,482
201501,RO,130,267,397
201501,RR,18,59,77
201501,RS,1318,1644,2962
201501,SC,297,1344,1641
201501,SE,191,58,249
201501,SP,7490,9563,17053
201501,TO,43,137,180
201502,AC,0,0,0
201502,AL,208,51,259
201502,AM,229,145,374
201502,AP,9,51,60
201502,BA,1235,410,1645
201502,CE,718,380,1098
201502,DF,386,469,855
201502,ES,252,306,558
201502,GO,663,841,1504
201502,MA,236,150,386
201502,MG,773,2064,2837
201502,MS,83,279,362
201502,MT,261,305,566
201502,PA,474,227,701
201502,PB,75,110,185
201502,PE,600,454,1054
201502,PI,248,128,376
201502,PR,731,1277,2008
201502,RJ,2494,1334,3828
201502,RN,327,63,390
201502,RO,138,272,410
201502,RR,20,33,53
201502,RS,1191,1611,2802
201502,SC,357,1297,1654
201502,SE,132,50,182
201502,SP,6499,8966,15465
201502,TO,20,108,128
201503,AC,0,0,0
201503,AL,271,41,312
201503,AM,240,138,378
201503,AP,37,69,106
201503,BA,1418,469,1887
201503,CE,804,380,1184
201503,DF,465,564,1029
201503,ES,306,287,593
201503,GO,811,955,1766
201503,MA,288,168,456
201503,MG,959,2304,3263
201503,MS,98,321,419
201503,MT,340,334,674
201503,PA,472,239,711
201503,PB,144,120,264
201503,PE,717,283,1000
201503,PI,224,113,337
201503,PR,809,1346,2155
201503,RJ,2861,1521,4382
201503,RN,302,78,380
201503,RO,181,266,447
201503,RR,24,44,68
201503,RS,1479,1661,3140
201503,SC,358,1355,1713
201503,SE,100,52,152
201503,SP,6867,10518,17385
201503,TO,22,65,87
201504,AC,0,0,0
201504,AL,269,52,321
201504,AM,258,131,389
201504,AP,27,64,91
201504,BA,1353,468,1821
201504,CE,853,365,1218
201504,DF,431,559,990
201504,ES,292,243,535
201504,GO,810,867,1677
201504,MA,315,162,477
201504,MG,947,2170,3117
201504,MS,65,309,374
201504,MT,351,312,663
201504,PA,457,240,697
201504,PB,102,121,223
201504,PE,757,288,1045
201504,PI,210,107,317
201504,PR,739,1323,2062
201504,RJ,2690,1321,4011
201504,RN,349,65,414
201504,RO,145,279,424
201504,RR,18,42,60
201504,RS,1296,1603,2899
201504,SC,301,1305,1606
201504,SE,114,45,159
201504,SP,6577,9397,15974
201504,TO,50,192,242
201505,AC,0,0,0
201505,AL,233,57,290
201505,AM,224,138,362
201505,AP,34,97,131
201505,BA,1367,511,1878
201505,CE,886,414,1300
201505,DF,406,540,946
201505,ES,254,233,487
201505,GO,802,1021,1823
201505,MA,295,174,469
201505,MG,904,2427,3331
201505,MS,74,307,381
201505,MT,406,277,683
201505,PA,501,256,757
201505,PB,100,155,255
201505,PE,805,1,806
201505,PI,221,128,349
201505,PR,697,1445,2142
201505,RJ,2451,1432,3883
201505,RN,379,86,465
201505,RO,131,290,421
201505,RR,17,36,53
201505,RS,1366,1670,3036
201505,SC,275,1129,1404
201505,SE,144,45,189
201505,SP,6203,9149,15352
201505,TO,62,184,246
201506,AC,0,0,0
201506,AL,234,62,296
201506,AM,248,165,413
201506,AP,28,57,85
201506,BA,1190,489,1679
201506,CE,750,466,1216
201506,DF,313,551,864
201506,ES,195,258,453
201506,GO,687,1013,1700
201506,MA,296,182,478
201506,MG,905,2336,3241
201506,MS,54,373,427
201506,MT,290,252,542
201506,PA,463,200,663
201506,PB,46,89,135
201506,PE,702,2,704
201506,PI,212,102,314
201506,PR,616,1443,2059
201506,RJ,2254,1333,3587
201506,RN,362,102,464
201506,RO,134,272,406
201506,RR,19,50,69
201506,RS,1276,1557,2833
201506,SC,232,1038,1270
201506,SE,104,59,163
201506,SP,5353,8598,13951
201506,TO,54,131,185
201507,AC,0,0,0
201507,AL,328,77,405
201507,AM,168,182,350
201507,AP,17,90,107
201507,BA,1247,478,1725
201507,CE,778,421,1199
201507,DF,325,544,869
201507,ES,191,322,513
201507,GO,753,957,1710
201507,MA,309,171,480
201507,MG,1010,2188,3198
201507,MS,58,309,367
201507,MT,349,296,645
201507,PA,417,176,593
201507,PB,118,182,300
201507,PE,941,0,941
201507,PI,219,138,357
201507,PR,655,1329,1984
201507,RJ,2425,1381,3806
201507,RN,367,82,449
201507,RO,194,218,412
201507,RR,24,48,72
201507,RS,1369,1650,3019
201507,SC,270,1092,1362
201507,SE,140,69,209
201507,SP,5805,9313,15118
201507,TO,53,126,179
201508,AC,0,0,0
201508,AL,237,53,290
201508,AM,207,134,341
201508,AP,25,89,114
201508,BA,1086,411,1497
201508,CE,686,370,1056
201508,DF,334,577,911
201508,ES,215,231,446
201508,GO,815,1042,1857
201508,MA,354,186,540
201508,MG,897,2267,3164
201508,MS,66,283,349
201508,MT,265,324,589
201508,PA,415,239,654
201508,PB,139,216,355
201508,PE,925,0,925
201508,PI,174,140,314
201508,PR,757,1449,2206
201508,RJ,2322,1390,3712
201508,RN,451,85,536
201508,RO,165,255,420
201508,RR,40,78,118
201508,RS,1943,1846,3789
201508,SC,287,1246,1533
201508,SE,138,61,199
201508,SP,5701,9152,14853
201508,TO,25,113,138
201509,AC,0,0,0
201509,AL,218,52,270
201509,AM,238,171,409
201509,AP,20,83,103
201509,BA,1028,438,1466
201509,CE,687,367,1054
201509,DF,342,347,689
201509,ES,241,222,463
201509,GO,832,994,1826
201509,MA,359,233,592
201509,MG,1082,2185,3267
201509,MS,72,278,350
201509,MT,262,316,578
201509,PA,508,234,742
201509,PB,119,204,323
201509,PE,941,49,990
201509,PI,200,179,379
201509,PR,886,1462,2348
201509,RJ,2417,1419,3836
201509,RN,353,76,429
201509,RO,117,255,372
201509,RR,39,61,100
201509,RS,2126,1883,4009
201509,SC,284,1082,1366
201509,SE,152,55,207
201509,SP,6083,9021,15104
201509,TO,64,123,187
201510,AC,0,0,0
201510,AL,237,47,284
201510,AM,261,180,441
201510,AP,49,73,122
201510,BA,1073,424,1497
201510,CE,813,413,1226
201510,DF,433,585,1018
201510,ES,238,219,457
201510,GO,830,1142,1972
201510,MA,451,194,645
201510,MG,1139,2327,3466
201510,MS,89,291,380
201510,MT,259,292,551
201510,PA,536,249,785
201510,PB,111,206,317
201510,PE,1040,45,1085
201510,PI,247,169,416
201510,PR,976,1608,2584
201510,RJ,2500,1388,3888
201510,RN,390,78,468
201510,RO,132,281,413
201510,RR,50,52,102
201510,RS,1708,1940,3648
201510,SC,241,1078,1319
201510,SE,163,42,205
201510,SP,6985,9394,16379
201510,TO,66,124,190
201511,AC,0,0,0
201511,AL,292,75,367
201511,AM,191,191,382
201511,AP,27,60,87
201511,BA,1079,436,1515
201511,CE,754,448,1202
201511,DF,440,590,1030
201511,ES,267,223,490
201511,GO,884,1096,1980
201511,MA,439,232,671
201511,MG,1126,2429,3555
201511,MS,103,347,450
201511,MT,241,262,503
201511,PA,511,277,788
201511,PB,131,163,294
201511,PE,1015,1170,2185
201511,PI,257,118,375
201511,PR,889,1578,2467
201511,RJ,2611,1455,4066
201511,RN,423,67,490
201511,RO,167,332,499
201511,RR,34,69,103
201511,RS,1546,1766,3312
201511,SC,292,962,1254
201511,SE,158,49,207
201511,SP,7126,9576,16702
201511,TO,50,136,186
201512,AC,0,0,0
201512,AL,334,62,396
201512,AM,302,182,484
201512,AP,12,73,85
201512,BA,1085,458,1543
201512,CE,776,410,1186
201512,DF,410,572,982
201512,ES,225,219,444
201512,GO,926,1129,2055
201512,MA,420,229,649
201512,MG,1036,2540,3576
201512,MS,117,281,398
201512,MT,217,307,524
201512,PA,551,264,815
201512,PB,115,183,298
201512,PE,1009,1096,2105
201512,PI,304,177,481
201512,PR,763,1505,2268
201512,RJ,3136,1377,4513
201512,RN,407,85,492
201512,RO,161,317,478
201512,RR,40,69,109
201512,RS,1520,1588,3108
201512,SC,268,1140,1408
201512,SE,192,68,260
201512,SP,7970,8043,16013
201512,TO,55,156,211
201601,AC,0,0,0
201601,AL,321,73,394
201601,AM,276,218,494
201601,AP,14,73,87
201601,BA,1230,537,1767
201601,CE,756,413,1169
201601,DF,492,636,1128
201601,ES,282,234,516
201601,GO,1049,1327,2376
201601,MA,438,252,690
201601,MG,1231,2611,3842
201601,MS,98,316,414
201601,MT,298,349,647
201601,PA,466,260,726
201601,PB,33,27,60
201601,PE,1154,6,1160
201601,PI,307,170,477
201601,PR,938,1617,2555
201601,RJ,3358,1515,4873
201601,RN,586,120,706
201601,RO,191,334,525
201601,RR,31,79,110
201601,RS,1651,1767,3418
201601,SC,280,1298,1578
201601,SE,185,83,268
201601,SP,6479,8955,15434
201601,TO,80,146,226
201602,AC,0,0,0
201602,AL,306,67,373
201602,AM,224,164,388
201602,AP,17,67,84
201602,BA,1379,513,1892
201602,CE,789,415,1204
201602,DF,413,553,966
201602,ES,267,253,520
201602,GO,904,1109,2013
201602,MA,382,319,701
201602,MG,1101,2245,3346
201602,MS,87,287,374
201602,MT,299,363,662
201602,PA,534,297,831
201602,PB,25,26,51
201602,PE,999,7,1006
201602,PI,286,171,457
201602,PR,947,1622,2569
201602,RJ,3056,1456,4512
201602,RN,558,135,693
201602,RO,179,318,497
201602,RR,35,55,90
201602,RS,1577,1567,3144
201602,SC,273,1203,1476
201602,SE,175,85,260
201602,SP,6098,9067,15165
201602,TO,65,130,195
201603,AC,0,0,0
201603,AL,325,76,401
201603,AM,278,208,486
201603,AP,15,68,83
201603,BA,1278,490,1768
201603,CE,918,402,1320
201603,DF,413,553,966
201603,ES,291,222,513
201603,GO,861,1189,2050
201603,MA,423,276,699
201603,MG,1196,2514,3710
201603,MS,87,299,386
201603,MT,373,336,709
201603,PA,500,279,779
201603,PB,27,23,50
201603,PE,1167,259,1426
201603,PI,286,144,430
201603,PR,991,1829,2820
201603,RJ,3392,1409,4801
201603,RN,650,150,800
201603,RO,228,334,562
201603,RR,54,73,127
201603,RS,1642,1748,3390
201603,SC,332,1287,1619
201603,SE,163,76,239
201603,SP,6619,9787,16406
201603,TO,94,139,233
201604,AC,0,0,0
201604,AL,291,62,353
201604,AM,280,194,474
201604,AP,20,59,79
201604,BA,1279,513,1792
201604,CE,832,430,1262
201604,DF,491,642,1133
201604,ES,228,203,431
201604,GO,1485,1090,2575
201604,MA,427,236,663
201604,MG,1197,2280,3477
201604,MS,75,362,437
201604,MT,232,359,591
201604,PA,477,277,754
201604,PB,37,26,63
201604,PE,1111,282,1393
201604,PI,227,173,400
201604,PR,1024,1615,2639
201604,RJ,3259,1438,4697
201604,RN,695,129,824
201604,RO,152,299,451
201604,RR,51,75,126
201604,RS,1490,1641,3131
201604,SC,283,1236,1519
201604,SE,182,68,250
201604,SP,6454,9292,15746
201604,TO,90,117,207
201605,AC,0,0,0
201605,AL,317,65,382
201605,AM,295,204,499
201605,AP,20,60,80
201605,BA,1314,525,1839
201605,CE,1010,415,1425
201605,DF,491,644,1135
201605,ES,241,210,451
201605,GO,1375,990,2365
201605,MA,370,282,652
201605,MG,1142,2360,3502
201605,MS,66,363,429
201605,MT,247,282,529
201605,PA,599,298,897
201605,PB,28,19,47
201605,PE,1223,452,1675
201605,PI,275,205,480
201605,PR,932,1733,2665
201605,RJ,3258,1541,4799
201605,RN,588,147,735
201605,RO,199,309,508
201605,RR,67,97,164
201605,RS,1453,1688,3141
201605,SC,306,1173,1479
201605,SE,245,86,331
201605,SP,6302,9518,15820
201605,TO,76,102,178
201606,AC,0,0,0
201606,AL,321,78,399
201606,AM,351,258,609
201606,AP,16,55,71
201606,BA,1184,587,1771
201606,CE,924,376,1300
201606,DF,371,530,901
201606,ES,240,220,460
201606,GO,1371,903,2274
201606,MA,358,268,626
201606,MG,1103,2366,3469
201606,MS,55,353,408
201606,MT,273,236,509
201606,PA,584,313,897
201606,PB,32,26,58
201606,PE,1117,555,1672
201606,PI,250,210,460
201606,PR,1090,1720,2810
201606,RJ,3310,1454,4764
201606,RN,613,130,743
201606,RO,155,298,453
201606,RR,72,124,196
201606,RS,1423,1624,3047
201606,SC,257,1012,1269
201606,SE,240,80,320
201606,SP,6009,9750,15759
201606,TO,87,112,199
201607,AC,0,0,0
201607,AL,336,64,400
201607,AM,367,272,639
201607,AP,18,73,91
201607,BA,1308,545,1853
201607,CE,754,427,1181
201607,DF,468,525,993
201607,ES,310,257,567
201607,GO,1431,1008,2439
201607,MA,376,234,610
201607,MG,1031,2344,3375
201607,MS,66,345,411
201607,MT,245,228,473
201607,PA,633,325,958
201607,PB,25,54,79
201607,PE,1327,499,1826
201607,PI,288,215,503
201607,PR,1134,1800,2934
201607,RJ,3105,1300,4405
201607,RN,608,148,756
201607,RO,135,254,389
201607,RR,56,95,151
201607,RS,1385,1695,3080
201607,SC,255,1134,1389
201607,SE,226,95,321
201607,SP,6137,9448,15585
201607,TO,90,114,204
201608,AC,0,0,0
201608,AL,328,69,397
201608,AM,133,127,260
201608,AP,18,67,85
201608,BA,1277,473,1750
201608,CE,749,436,1185
201608,DF,470,585,1055
201608,ES,356,264,620
201608,GO,1311,969,2280
201608,MA,398,257,655
201608,MG,1018,2481,3499
201608,MS,82,351,433
201608,MT,273,259,532
201608,PA,652,366,1018
201608,PB,19,22,41
201608,PE,1178,467,1645
201608,PI,256,221,477
201608,PR,1183,1675,2858
201608,RJ,3041,1241,4282
201608,RN,479,171,650
201608,RO,141,293,434
201608,RR,45,101,146
201608,RS,1419,1847,3266
201608,SC,324,1130,1454
201608,SE,226,76,302
201608,SP,6370,9572,15942
201608,TO,69,112,181
201609,AC,0,0,0
201609,AL,299,64,363
201609,AM,402,250,652
201609,AP,19,62,81
201609,BA,1215,483,1698
201609,CE,805,375,1180
201609,DF,506,561,1067
201609,ES,324,302,626
201609,GO,1295,905,2200
201609,MA,400,288,688
201609,MG,1087,2375,3462
201609,MS,53,255,308
201609,MT,239,229,468
201609,PA,626,357,983
201609,PB,16,25,41
201609,PE,1443,551,1994
201609,PI,271,204,475
201609,PR,1162,1599,2761
201609,RJ,3439,1281,4720
201609,RN,595,145,740
201609,RO,130,287,417
201609,RR,30,94,124
201609,RS,1262,1578,2840
201609,SC,331,1166,1497
201609,SE,279,98,377
201609,SP,6292,9448,15740
201609,TO,78,123,201
201610,AC,0,0,0
201610,AL,385,62,447
201610,AM,340,266,606
201610,AP,20,93,113
201610,BA,1166,471,1637
201610,CE,800,455,1255
201610,DF,526,577,1103
201610,ES,307,347,654
201610,GO,1462,945,2407
201610,MA,388,282,670
201610,MG,1218,2535,3753
201610,MS,81,314,395
201610,MT,263,266,529
201610,PA,680,440,1120
201610,PB,27,26,53
201610,PE,1491,590,2081
201610,PI,320,246,566
201610,PR,1088,1786,2874
201610,RJ,4181,1367,5548
201610,RN,562,152,714
201610,RO,150,298,448
201610,RR,28,66,94
201610,RS,1371,1561,2932
201610,SC,311,1247,1558
201610,SE,282,104,386
201610,SP,7119,9083,16202
201610,TO,73,155,228
201611,AC,0,0,0
201611,AL,354,69,423
201611,AM,290,217,507
201611,AP,20,79,99
201611,BA,1116,443,1559
201611,CE,871,380,1251
201611,DF,513,546,1059
201611,ES,297,262,559
201611,GO,1173,778,1951
201611,MA,405,258,663
201611,MG,1434,2398,3832
201611,MS,61,338,399
201611,MT,229,229,458
201611,PA,642,356,998
201611,PB,19,20,39
201611,PE,1491,590,2081
201611,PI,308,225,533
201611,PR,1060,1747,2807
201611,RJ,4111,1394,5505
201611,RN,596,145,741
201611,RO,120,280,400
201611,RR,29,79,108
201611,RS,1331,1477,2808
201611,SC,291,1189,1480
201611,SE,245,90,335
201611,SP,6752,9101,15853
201611,TO,65,131,196
201612,AC,0,0,0
201612,AL,312,70,382
201612,AM,350,316,666
201612,AP,10,49,59
201612,BA,1154,430,1584
201612,CE,876,403,1279
201612,DF,470,572,1042
201612,ES,233,328,561
201612,GO,1134,952,2086
201612,MA,446,297,743
201612,MG,1440,2327,3767
201612,MS,73,311,384
201612,MT,198,267,465
201612,PA,559,320,879
201612,PB,12,22,34
201612,PE,1516,574,2090
201612,PI,248,205,453
201612,PR,1019,1623,2642
201612,RJ,4186,1363,5549
201612,RN,494,131,625
201612,RO,125,253,378
201612,RR,23,57,80
201612,RS,1610,1348,2958
201612,SC,227,1216,1443
201612,SE,229,86,315
201612,SP,7318,7911,15229
201612,TO,63,118,181
201701,AC,0,0,0
201701,AL,301,91,392
201701,AM,312,279,591
201701,AP,23,57,80
201701,BA,1211,544,1755
201701,CE,824,340,1164
201701,DF,444,518,962
201701,ES,327,366,693
201701,GO,1146,956,2102
201701,MA,424,317,741
201701,MG,1425,2461,3886
201701,MS,91,330,421
201701,MT,230,225,455
201701,PA,637,333,970
201701,PB,10,18,28
201701,PE,1775,633,2408
201701,PI,232,200,432
201701,PR,986,1652,2638
201701,RJ,4206,1357,5563
201701,RN,509,120,629
201701,RO,146,242,388
201701,RR,36,56,92
201701,RS,1756,1548,3304
201701,SC,254,1235,1489
201701,SE,264,97,361
201701,SP,5926,8465,14391
201701,TO,76,110,186
201702,AC,0,0,0
201702,AL,329,72,401
201702,AM,353,305,658
201702,AP,11,62,73
201702,BA,1132,427,1559
201702,CE,724,332,1056
201702,DF,431,348,779
201702,ES,623,243,866
201702,GO,1043,841,1884
201702,MA,351,293,644
201702,MG,1107,2070,3177
201702,MS,77,283,360
201702,MT,186,224,410
201702,PA,591,391,982
201702,PB,9,11,20
201702,PE,1602,572,2174
201702,PI,232,208,440
201702,PR,971,1465,2436
201702,RJ,4286,1310,5596
201702,RN,529,94,623
201702,RO,169,273,442
201702,RR,7,34,41
201702,RS,1619,1374,2993
201702,SC,263,1144,1407
201702,SE,214,76,290
201702,SP,5752,8272,14024
201702,TO,35,111,146
201703,AC,13,0,13
201703,AL,287,96,383
201703,AM,510,388,898
201703,AP,14,48,62
201703,BA,1276,443,1719
201703,CE,886,410,1296
201703,DF,502,528,1030
201703,ES,673,445,1118
201703,GO,1251,974,2225
201703,MA,449,336,785
201703,MG,1206,2385,3591
201703,MS,78,335,413
201703,MT,211,253,464
201703,PA,686,387,1073
201703,PB,12,27,39
201703,PE,1908,593,2501
201703,PI,262,206,468
201703,PR,1141,1763,2904
201703,RJ,5002,1428,6430
201703,RN,590,122,712
201703,RO,186,234,420
201703,RR,22,41,63
201703,RS,1757,1522,3279
201703,SC,297,1113,1410
201703,SE,221,67,288
201703,SP,6374,9872,16246
201703,TO,61,141,202
201704,AC,39,2,41
201704,AL,213,67,280
201704,AM,417,329,746
201704,AP,24,70,94
201704,BA,1071,414,1485
201704,CE,841,395,1236
201704,DF,399,443,842
201704,ES,666,457,1123
201704,GO,1129,914,2043
201704,MA,424,257,681
201704,MG,1104,2120,3224
201704,MS,79,345,424
201704,MT,229,253,482
201704,PA,678,366,1044
201704,PB,32,22,54
201704,PE,1735,560,2295
201704,PI,268,234,502
201704,PR,1050,1608,2658
201704,RJ,4891,1289,6180
201704,RN,587,108,695
201704,RO,141,226,367
201704,RR,15,46,61
201704,RS,1517,1457,2974
201704,SC,243,1007,1250
201704,SE,214,66,280
201704,SP,5590,8741,14331
201704,TO,54,115,169
201705,AC,3,5,8
201705,AL,236,67,303
201705,AM,640,385,1025
201705,AP,30,56,86
201705,BA,1227,435,1662
201705,CE,1149,386,1535
201705,DF,430,548,978
201705,ES,558,429,987
201705,GO,1175,976,2151
201705,MA,470,309,779
201705,MG,1133,2232,3365
201705,MS,88,313,401
201705,MT,257,242,499
201705,PA,749,436,1185
201705,PB,21,22,43
201705,PE,1699,556,2255
201705,PI,285,244,529
201705,PR,1024,1766,2790
201705,RJ,4596,1302,5898
201705,RN,674,122,796
201705,RO,139,205,344
201705,RR,12,49,61
201705,RS,1517,1579,3096
201705,SC,240,968,1208
201705,SE,218,89,307
201705,SP,5904,9411,15315
201705,TO,62,153,215
201706,AC,85,39,124
201706,AL,201,89,290
201706,AM,333,274,607
201706,AP,28,52,80
201706,BA,1030,531,1561
201706,CE,1090,398,1488
201706,DF,347,459,806
201706,ES,570,535,1105
201706,GO,1123,873,1996
201706,MA,368,293,661
201706,MG,911,2002,2913
201706,MS,86,334,420
201706,MT,210,264,474
201706,PA,585,436,1021
201706,PB,25,34,59
201706,PE,1612,594,2206
201706,PI,276,209,485
201706,PR,962,1665,2627
201706,RJ,4551,1383,5934
201706,RN,627,134,761
201706,RO,129,219,348
201706,RR,39,67,106
201706,RS,1375,1257,2632
201706,SC,277,1053,1330
201706,SE,209,91,300
201706,SP,5330,8227,13557
201706,TO,46,116,162
201707,AC,124,76,200
201707,AL,240,92,332
201707,AM,493,295,788
201707,AP,20,70,90
201707,BA,1150,521,1671
201707,CE,950,436,1386
201707,DF,369,499,868
201707,ES,503,388,891
201707,GO,1134,903,2037
201707,MA,331,247,578
201707,MG,955,2029,2984
201707,MS,66,251,317
201707,MT,192,255,447
201707,PA,665,468,1133
201707,PB,11,23,34
201707,PE,1594,539,2133
201707,PI,236,199,435
201707,PR,905,1673,2578
201707,RJ,4951,1206,6157
201707,RN,669,131,800
201707,RO,132,205,337
201707,RR,31,75,106
201707,RS,1342,1393,2735
201707,SC,265,1050,1315
201707,SE,223,72,295
201707,SP,5297,8468,13765
201707,TO,43,114,157
201708,AC,112,79,191
201708,AL,230,129,359
201708,AM,350,264,614
201708,AP,21,81,102
201708,BA,1101,465,1566
201708,CE,970,473,1443
201708,DF,374,506,880
201708,ES,514,379,893
201708,GO,1041,915,1956
201708,MA,304,192,496
201708,MG,1093,2081,3174
201708,MS,71,276,347
201708,MT,192,203,395
201708,PA,745,468,1213
201708,PB,28,11,39
201708,PE,1716,490,2206
201708,PI,269,206,475
201708,PR,959,1639,2598
201708,RJ,4613,1318,5931
201708,RN,673,115,788
201708,RO,105,163,268
201708,RR,32,81,113
201708,RS,1355,1343,2698
201708,SC,276,917,1193
201708,SE,221,75,296
201708,SP,5465,9033,14498
201708,TO,86,147,233
201709,AC,127,93,220
201709,AL,251,103,354
201709,AM,321,228,549
201709,AP,34,57,91
201709,BA,1160,439,1599
201709,CE,956,467,1423
201709,DF,320,439,759
201709,ES,422,352,774
201709,GO,963,881,1844
201709,MA,353,194,547
201709,MG,962,1930,2892
201709,MS,55,277,332
201709,MT,231,218,449
201709,PA,778,401,1179
201709,PB,12,13,25
201709,PE,1496,512,2008
201709,PI,264,225,489
201709,PR,864,1604,2468
201709,RJ,4316,1281,5597
201709,RN,564,103,667
201709,RO,119,169,288
201709,RR,33,70,103
201709,RS,1287,1341,2628
201709,SC,222,823,1045
201709,SE,243,65,308
201709,SP,5337,8662,13999
201709,TO,81,113,194
201710,AC,139,113,252
201710,AL,285,134,419
201710,AM,297,289,586
201710,AP,24,58,82
201710,BA,1130,446,1576
201710,CE,933,480,1413
201710,DF,396,467,863
201710,ES,473,356,829
201710,GO,995,920,1915
201710,MA,369,234,603
201710,MG,1036,2129,3165
201710,MS,77,277,354
201710,MT,227,192,419
201710,PA,803,450,1253
201710,PB,26,10,36
201710,PE,1523,517,2040
201710,PI,299,218,517
201710,PR,901,1538,2439
201710,RJ,4266,1321,5587
201710,RN,443,106,549
201710,RO,124,188,312
201710,RR,26,80,106
201710,RS,1489,1426,2915
201710,SC,222,918,1140
201710,SE,277,67,344
201710,SP,5625,9069,14694
201710,TO,103,132,235
201711,AC,100,65,165
201711,AL,274,115,389
201711,AM,246,226,472
201711,AP,19,48,67
201711,BA,1053,422,1475
201711,CE,924,463,1387
201711,DF,430,481,911
201711,ES,386,416,802
201711,GO,987,820,1807
201711,MA,353,228,581
201711,MG,1058,2080,3138
201711,MS,61,314,375
201711,MT,222,251,473
201711,PA,857,415,1272
201711,PB,14,12,26
201711,PE,1401,482,1883
201711,PI,244,194,438
201711,PR,871,1509,2380
201711,RJ,4197,1300,5497
201711,RN,478,90,568
201711,RO,151,221,372
201711,RR,40,90,130
201711,RS,1524,1314,2838
201711,SC,193,876,1069
201711,SE,252,74,326
201711,SP,5634,9099,14733
201711,TO,97,146,243
201712,AC,107,67,174
201712,AL,286,139,425
201712,AM,249,199,448
201712,AP,19,62,81
201712,BA,984,432,1416
201712,CE,886,417,1303
201712,DF,430,481,911
201712,ES,341,347,688
201712,GO,859,851,1710
201712,MA,281,230,511
201712,MG,1052,2086,3138
201712,MS,66,299,365
201712,MT,198,237,435
201712,PA,795,543,1338
201712,PB,28,13,41
201712,PE,1341,564,1905
201712,PI,234,220,454
201712,PR,732,1464,2196
201712,RJ,4491,1213,5704
201712,RN,649,84,733
201712,RO,130,214,344
201712,RR,65,101,166
201712,RS,1321,1339,2660
201712,SC,248,883,1131
201712,SE,259,47,306
201712,SP,5730,7510,13240
201712,TO,71,141,212
201801,AC,110,74,184
201801,AL,290,132,422
201801,AM,299,218,517
201801,AP,18,33,51
201801,BA,1193,473,1666
201801,CE,891,379,1270
201801,DF,316,391,707
201801,ES,459,378,837
201801,GO,1187,937,2124
201801,MA,340,263,603
201801,MG,1115,1977,3092
201801,MS,59,281,340
201801,MT,212,257,469
201801,PA,687,436,1123
201801,PB,307,151,458
201801,PE,1514,533,2047
201801,PI,306,240,546
201801,PR,718,1506,2224
201801,RJ,5286,1264,6550
201801,RN,703,100,803
201801,RO,133,210,343
201801,RR,61,62,123
201801,RS,1579,1340,2919
201801,SC,213,903,1116
201801,SE,224,75,299
201801,SP,4513,8274,12787
201801,TO,93,192,285
201802,AC,59,56,115
201802,AL,277,106,383
201802,AM,259,187,446
201802,AP,31,57,88
201802,BA,1037,404,1441
201802,CE,794,299,1093
201802,DF,352,368,720
201802,ES,405,368,773
201802,GO,1037,881,1918
201802,MA,276,277,553
201802,MG,942,1795,2737
201802,MS,73,229,302
201802,MT,170,167,337
201802,PA,655,406,1061
201802,PB,316,121,437
201802,PE,1289,450,1739
201802,PI,281,235,516
201802,PR,726,1419,2145
201802,RJ,4792,1159,5951
201802,RN,599,69,668
201802,RO,123,219,342
201802,RR,31,58,89
201802,RS,1426,1169,2595
201802,SC,223,857,1080
201802,SE,267,75,342
201802,SP,4508,8057,12565
201802,TO,73,179,252
201803,AC,48,37,85
201803,AL,292,101,393
201803,AM,309,245,554
201803,AP,43,41,84
201803,BA,1203,417,1620
201803,CE,913,372,1285
201803,DF,372,468,840
201803,ES,402,424,826
201803,GO,1091,959,2050
201803,MA,372,221,593
201803,MG,994,1985,2979
201803,MS,87,338,425
201803,MT,225,204,429
201803,PA,727,394,1121
201803,PB,341,118,459
201803,PE,1479,515,1994
201803,PI,333,266,599
201803,PR,764,1600,2364
201803,RJ,5358,1249,6607
201803,RN,689,83,772
201803,RO,146,184,330
201803,RR,33,60,93
201803,RS,1642,1357,2999
201803,SC,217,885,1102
201803,SE,263,69,332
201803,SP,4790,8787,13577
201803,TO,103,182,285
201804,AC,53,44,97
201804,AL,314,119,433
201804,AM,300,184,484
201804,AP,42,59,101
201804,BA,1205,451,1656
201804,CE,816,316,1132
201804,DF,384,490,874
201804,ES,441,379,820
201804,GO,937,956,1893
201804,MA,373,214,587
201804,MG,902,1848,2750
201804,MS,76,310,386
201804,MT,189,209,398
201804,PA,579,342,921
201804,PB,358,126,484
201804,PE,1395,447,1842
201804,PI,266,152,418
201804,PR,700,1520,2220
201804,RJ,4656,1346,6002
201804,RN,633,86,719
201804,RO,139,221,360
201804,RR,37,57,94
201804,RS,1486,1272,2758
201804,SC,205,791,996
201804,SE,285,65,350
201804,SP,4941,8436,13377
201804,TO,95,178,273
201805,AC,87,43,130
201805,AL,317,116,433
201805,AM,272,170,442
201805,AP,45,63,108
201805,BA,1199,411,1610
201805,CE,860,302,1162
201805,DF,333,501,834
201805,ES,411,346,757
201805,GO,910,961,1871
201805,MA,388,205,593
201805,MG,720,1695,2415
201805,MS,68,332,400
201805,MT,203,200,403
201805,PA,521,329,850
201805,PB,380,154,534
201805,PE,1378,432,1810
201805,PI,308,176,484
201805,PR,649,1324,1973
201805,RJ,4382,1361,5743
201805,RN,577,91,668
201805,RO,121,197,318
201805,RR,57,62,119
201805,RS,1275,1153,2428
201805,SC,154,724,878
201805,SE,201,75,276
201805,SP,5173,8140,13313
201805,TO,85,184,269
201806,AC,102,56,158
201806,AL,306,135,441
201806,AM,322,189,511
201806,AP,39,60,99
201806,BA,1213,496,1709
201806,CE,768,326,1094
201806,DF,327,468,795
201806,ES,370,326,696
201806,GO,836,1072,1908
201806,MA,358,231,589
201806,MG,737,1701,2438
201806,MS,76,344,420
201806,MT,179,207,386
201806,PA,552,347,899
201806,PB,304,166,470
201806,PE,1382,542,1924
201806,PI,359,304,663
201806,PR,662,1440,2102
201806,RJ,4014,1278,5292
201806,RN,587,108,695
201806,RO,112,200,312
201806,RR,64,59,123
201806,RS,1366,1212,2578
201806,SC,195,695,890
201806,SE,187,63,250
201806,SP,4898,7965,12863
201806,TO,81,148,229
201807,AC,90,56,146
201807,AL,373,99,472
201807,AM,237,157,394
201807,AP,45,54,99
201807,BA,1172,474,1646
201807,CE,696,349,1045
201807,DF,355,453,808
201807,ES,369,362,731
201807,GO,718,942,1660
201807,MA,349,260,609
201807,MG,709,1756,2465
201807,MS,69,303,372
201807,MT,137,190,327
201807,PA,548,323,871
201807,PB,333,141,474
201807,PE,1328,444,1772
201807,PI,358,284,642
201807,PR,656,1469,2125
201807,RJ,3518,1294,4812
201807,RN,583,101,684
201807,RO,152,186,338
201807,RR,44,57,101
201807,RS,1288,1182,2470
201807,SC,222,740,962
201807,SE,219,70,289
201807,SP,4502,8168,12670
201807,TO,83,146,229
201808,AC,91,58,149
201808,AL,275,102,377
201808,AM,245,196,441
201808,AP,64,72,136
201808,BA,1057,423,1480
201808,CE,637,335,972
201808,DF,350,471,821
201808,ES,393,337,730
201808,GO,718,949,1667
201808,MA,363,244,607
201808,MG,638,1675,2313
201808,MS,49,342,391
201808,MT,187,224,411
201808,PA,471,298,769
201808,PB,324,126,450
201808,PE,1142,390,1532
201808,PI,321,293,614
201808,PR,613,1463,2076
201808,RJ,3910,1398,5308
201808,RN,515,90,605
201808,RO,143,196,339
201808,RR,30,54,84
201808,RS,1280,1184,2464
201808,SC,174,754,928
201808,SE,201,52,253
201808,SP,4687,8275,12962
201808,TO,73,163,236
201809,AC,98,76,174
201809,AL,285,74,359
201809,AM,232,171,403
201809,AP,65,63,128
201809,BA,995,403,1398
201809,CE,699,385,1084
201809,DF,301,411,712
201809,ES,290,346,636
201809,GO,710,932,1642
201809,MA,297,251,548
201809,MG,660,1662,2322
201809,MS,54,290,344
201809,MT,179,187,366
201809,PA,476,329,805
201809,PB,256,112,368
201809,PE,1038,383,1421
201809,PI,358,340,698
201809,PR,590,1390,1980
201809,RJ,4053,1339,5392
201809,RN,503,69,572
201809,RO,162,215,377
201809,RR,35,46,81
201809,RS,1202,1243,2445
201809,SC,147,734,881
201809,SE,186,65,251
201809,SP,4528,7894,12422
201809,TO,82,179,261
201810,AC,120,87,207
201810,AL,268,70,338
201810,AM,175,164,339
201810,AP,36,70,106
201810,BA,1100,422,1522
201810,CE,855,412,1267
201810,DF,294,472,766
201810,ES,316,405,721
201810,GO,673,974,1647
201810,MA,340,283,623
201810,MG,723,1783,2506
201810,MS,54,327,381
201810,MT,214,203,417
201810,PA,508,349,857
201810,PB,327,109,436
201810,PE,1116,416,1532
201810,PI,349,334,683
201810,PR,657,1513,2170
201810,RJ,4242,1428,5670
201810,RN,528,91,619
201810,RO,164,257,421
201810,RR,45,49,94
201810,RS,1367,1236,2603
201810,SC,168,738,906
201810,SE,229,73,302
201810,SP,5226,8558,13784
201810,TO,123,192,315
201811,AC,117,63,180
201811,AL,274,54,328
201811,AM,224,198,422
201811,AP,45,77,122
201811,BA,1007,464,1471
201811,CE,728,360,1088
201811,DF,337,395,732
201811,ES,282,381,663
201811,GO,742,848,1590
201811,MA,318,259,577
201811,MG,679,1742,2421
201811,MS,60,293,353
201811,MT,0,189,189
201811,PA,460,324,784
201811,PB,313,116,429
201811,PE,1170,381,1551
201811,PI,331,324,655
201811,PR,596,1573,2169
201811,RJ,4074,1325,5399
201811,RN,607,77,684
201811,RO,177,230,407
201811,RR,36,32,68
201811,RS,1206,1044,2250
201811,SC,161,640,801
201811,SE,222,58,280
201811,SP,5127,8338,13465
201811,TO,127,180,307
201812,AC,105,54,159
201812,AL,210,50,260
201812,AM,206,173,379
201812,AP,64,73,137
201812,BA,967,494,1461
201812,CE,662,349,1011
201812,DF,241,0,241
201812,ES,295,396,691
201812,GO,604,856,1460
201812,MA,319,272,591
201812,MG,703,1782,2485
201812,MS,57,311,368
201812,MT,0,201,201
201812,PA,407,325,732
201812,PB,275,126,401
201812,PE,1096,454,1550
201812,PI,310,256,566
201812,PR,539,1403,1942
201812,RJ,3812,1353,5165
201812,RN,458,78,536
201812,RO,152,198,350
201812,RR,56,40,96
201812,RS,1004,1015,2019
201812,SC,140,672,812
201812,SE,155,36,191
201812,SP,5462,6761,12223
201812,TO,73,169,242
201901,AC,104,46,150
201901,AL,207,96,303
201901,AM,207,184,391
201901,AP,54,89,143
201901,BA,1113,527,1640
201901,CE,407,267,674
201901,DF,274,388,662
201901,ES,366,529,895
201901,GO,479,707,1186
201901,MA,314,260,574
201901,MG,621,1761,2382
201901,MS,60,256,316
201901,MT,225,235,460
201901,PA,325,286,611
201901,PB,296,125,421
201901,PE,1030,442,1472
201901,PI,343,216,559
201901,PR,532,1327,1859
201901,RJ,3785,1415,5200
201901,RN,99,53,152
201901,RO,183,187,370
201901,RR,29,44,73
201901,RS,1203,1061,2264
201901,SC,122,735,857
201901,SE,223,49,272
201901,SP,3948,7274,11222
201901,TO,68,165,233
201902,AC,94,52,146
201902,AL,187,125,312
201902,AM,149,188,337
201902,AP,33,48,81
201902,BA,992,438,1430
201902,CE,405,314,719
201902,DF,247,369,616
201902,ES,328,411,739
201902,GO,505,644,1149
201902,MA,231,209,440
201902,MG,566,1634,2200
201902,MS,39,233,272
201902,MT,222,213,435
201902,PA,293,287,580
201902,PB,247,92,339
201902,PE,979,515,1494
201902,PI,347,213,560
201902,PR,495,1279,1774
201902,RJ,3554,1344,4898
201902,RN,106,67,173
201902,RO,190,199,389
201902,RR,20,30,50
201902,RS,1104,1076,2180
201902,SC,118,620,738
201902,SE,171,60,231
201902,SP,3562,7232,10794
201902,TO,63,98,161
201903,AC,80,46,126
201903,AL,252,133,385
201903,AM,190,158,348
201903,AP,31,23,54
201903,BA,1032,484,1516
201903,CE,472,312,784
201903,DF,283,458,741
201903,ES,366,532,898
201903,GO,443,690,1133
201903,MA,197,222,419
201903,MG,563,1683,2246
201903,MS,55,246,301
201903,MT,187,243,430
201903,PA,340,319,659
201903,PB,285,102,387
201903,PE,1035,593,1628
201903,PI,350,244,594
201903,PR,465,1372,1837
201903,RJ,3775,1364,5139
201903,RN,114,39,153
201903,RO,227,223,450
201903,RR,32,47,79
201903,RS,957,1171,2128
201903,SC,98,565,663
201903,SE,167,83,250
201903,SP,4045,7669,11714
201903,TO,36,137,173
201904,AC,101,67,168
201904,AL,234,107,341
201904,AM,130,107,237
201904,AP,63,58,121
201904,BA,1027,499,1526
201904,CE,442,359,801
201904,DF,315,485,800
201904,ES,344,485,829
201904,GO,391,705,1096
201904,MA,386,191,577
201904,MG,545,1707,2252
201904,MS,53,265,318
201904,MT,192,230,422
201904,PA,323,255,578
201904,PB,97,32,129
201904,PE,1112,491,1603
201904,PI,391,221,612
201904,PR,509,1266,1775
201904,RJ,3755,1244,4999
201904,RN,477,64,541
201904,RO,213,167,380
201904,RR,41,49,90
201904,RS,1011,1134,2145
201904,SC,126,753,879
201904,SE,163,72,235
201904,SP,4070,7782,11852
201904,TO,62,126,188
201905,AC,104,48,152
201905,AL,220,129,349
201905,AM,177,162,339
201905,AP,45,49,94
201905,BA,1095,395,1490
201905,CE,429,380,809
201905,DF,333,500,833
201905,ES,307,484,791
201905,GO,395,684,1079
201905,MA,351,234,585
201905,MG,520,1764,2284
201905,MS,45,234,279
201905,MT,150,202,352
201905,PA,332,324,656
201905,PB,178,55,233
201905,PE,1248,529,1777
201905,PI,406,252,658
201905,PR,579,1311,1890
201905,RJ,3650,1479,5129
201905,RN,531,80,611
201905,RO,170,213,383
201905,RR,23,34,57
201905,RS,906,1173,2079
201905,SC,157,729,886
201905,SE,155,51,206
201905,SP,4089,8052,12141
201905,TO,45,160,205
201906,AC,90,45,135
201906,AL,166,130,296
201906,AM,202,166,368
201906,AP,41,45,86
201906,BA,852,491,1343
201906,CE,454,405,859
201906,DF,265,403,668
201906,ES,292,447,739
201906,GO,304,630,934
201906,MA,329,254,583
201906,MG,452,1658,2110
201906,MS,35,272,307
201906,MT,98,138,236
201906,PA,356,307,663
201906,PB,86,51,137
201906,PE,1065,548,1613
201906,PI,324,252,576
201906,PR,484,1321,1805
201906,RJ,3115,1251,4366
201906,RN,496,70,566
201906,RO,177,192,369
201906,RR,24,36,60
201906,RS,865,1034,1899
201906,SC,118,754,872
201906,SE,126,70,196
201906,SP,3934,7333,11267
201906,TO,45,163,208
201907,AC,91,60,151
201907,AL,180,123,303
201907,AM,210,166,376
201907,AP,23,43,66
201907,BA,1030,461,1491
201907,CE,401,391,792
201907,DF,270,391,661
201907,ES,340,454,794
201907,GO,848,853,1701
201907,MA,307,291,598
201907,MG,440,1713,2153
201907,MS,45,306,351
201907,MT,130,191,321
201907,PA,344,283,627
201907,PB,191,109,300
201907,PE,1206,504,1710
201907,PI,326,262,588
201907,PR,509,1420,1929
201907,RJ,3198,1353,4551
201907,RN,525,89,614
201907,RO,155,196,351
201907,RR,22,64,86
201907,RS,868,1019,1887
201907,SC,176,948,1124
201907,SE,124,53,177
201907,SP,3697,7868,11565
201907,TO,41,142,183
201908,AC,116,31,147
201908,AL,184,109,293
201908,AM,244,173,417
201908,AP,20,20,40
201908,BA,932,398,1330
201908,CE,417,416,833
201908,DF,303,390,693
201908,ES,399,425,824
201908,GO,304,656,960
201908,MA,313,236,549
201908,MG,435,1697,2132
201908,MS,43,293,336
201908,MT,130,176,306
201908,PA,296,245,541
201908,PB,131,96,227
201908,PE,1140,506,1646
201908,PI,380,299,679
201908,PR,453,1369,1822
201908,RJ,3181,1361,4542
201908,RN,516,63,579
201908,RO,156,204,360
201908,RR,16,53,69
201908,RS,922,1122,2044
201908,SC,173,721,894
201908,SE,126,82,208
201908,SP,3554,1361,4915
201908,TO,48,47,95
201909,AC,123,55,178
201909,AL,196,39,235
201909,AM,249,163,412
201909,AP,14,14,28
201909,BA,811,378,1189
201909,CE,356,423,779
201909,DF,297,433,730
201909,ES,334,398,732
201909,GO,254,616,870
201909,MA,199,183,382
201909,MG,421,1611,2032
201909,MS,37,331,368
201909,MT,130,182,312
201909,PA,324,304,628
201909,PB,140,60,200
201909,PE,1130,532,1662
201909,PI,358,264,622
201909,PR,420,1325,1745
201909,RJ,2613,1194,3807
201909,RN,124,7,131
201909,RO,77,163,240
201909,RR,16,14,30
201909,RS,824,1126,1950
201909,SC,163,717,880
201909,SE,189,194,383
201909,SP,3294,7345,10639
201909,TO,58,58,116
201910,AC,128,51,179
201910,AL,204,129,333
201910,AM,260,166,426
201910,AP,47,35,82
201910,BA,961,386,1347
201910,CE,469,455,924
201910,DF,307,459,766
201910,ES,314,426,740
201910,GO,320,656,976
201910,MA,182,150,332
201910,MG,501,1659,2160
201910,MS,38,370,408
201910,MT,117,153,270
201910,PA,346,326,672
201910,PB,114,56,170
201910,PE,1074,490,1564
201910,PI,349,252,601
201910,PR,488,1359,1847
201910,RJ,3027,1198,4225
201910,RN,481,46,527
201910,RO,93,170,263
201910,RR,44,95,139
201910,RS,806,1053,1859
201910,SC,171,711,882
201910,SE,183,90,273
201910,SP,3821,8083,11904
201910,TO,102,161,263
201911,AC,124,38,162
201911,AL,193,128,321
201911,AM,213,155,368
201911,AP,0,0,0
201911,BA,892,418,1310
201911,CE,444,442,886
201911,DF,263,448,711
201911,ES,289,500,789
201911,GO,290,691,981
201911,MA,230,153,383
201911,MG,524,1730,2254
201911,MS,38,348,386
201911,MT,130,197,327
201911,PA,293,327,620
201911,PE,1126,500,1626
201911,PI,382,242,624
201911,PR,449,1364,1813
201911,RJ,2979,1161,4140
201911,RN,543,62,605
201911,RO,96,177,273
201911,RR,22,81,103
201911,RS,832,1063,1895
201911,SC,141,739,880
201911,SE,238,87,325
201911,SP,3950,7642,11592
201911,TO,82,137,219
201912,AC,91,33,124
201912,AL,190,128,318
201912,AM,215,182,397
201912,AP,76,102,178
201912,BA,786,414,1200
201912,CE,432,438,870
201912,DF,270,401,671
201912,ES,278,509,787
201912,GO,259,745,1004
201912,MA,213,156,369
201912,MG,514,1840,2354
201912,MS,43,310,353
201912,MT,125,207,332
201912,PA,324,325,649
201912,PB,198,104,302
201912,PE,982,487,1469
201912,PI,354,226,580
201912,PR,406,1254,1660
201912,RJ,3118,1230,4348
201912,RN,501,55,556
201912,RO,79,98,177
201912,RR,26,70,96
201912,RS,827,1073,1900
201912,SC,154,872,1026
201912,SE,229,77,306
201912,SP,4549,6458,11007
201912,TO,51,175,226
202001,AC,102,23,125
202001,AL,215,172,387
202001,AM,199,204,403
202001,AP,31,25,56
202001,BA,968,457,1425
202001,CE,539,442,981
202001,DF,287,453,740
202001,ES,370,546,916
202001,GO,322,661,983
202001,MA,229,216,445
202001,MG,528,1825,2353
202001,MS,44,291,335
202001,MT,151,195,346
202001,PA,293,296,589
202001,PB,237,91,328
202001,PE,1113,482,1595
202001,PI,377,241,618
202001,PR,432,1346,1778
202001,RJ,3246,1365,4611
202001,RN,645,72,717
202001,RO,141,190,331
202001,RR,20,72,92
202001,RS,902,1130,2032
202001,SC,156,850,1006
202001,SE,297,124,421
202001,SP,3662,7427,11089
202001,TO,39,177,216
202002,AC,64,40,104
202002,AL,206,172,378
202002,AM,133,204,337
202002,AP,29,56,85
202002,BA,1117,476,1593
202002,CE,1183,481,1664
202002,DF,237,436,673
202002,ES,378,529,907
202002,GO,278,603,881
202002,MA,195,250,445
202002,MG,526,1718,2244
202002,MS,38,299,337
202002,MT,167,205,372
202002,PA,208,282,490
202002,PB,216,97,313
202002,PE,873,511,1384
202002,PI,450,280,730
202002,PR,503,1305,1808
202002,RJ,2925,1182,4107
202002,RN,545,66,611
202002,RO,118,191,309
202002,RR,37,83,120
202002,RS,906,1051,1957
202002,SC,145,758,903
202002,SE,265,81,346
202002,SP,3242,6610,9852
202002,TO,47,188,235
202003,AC,93,18,111
202003,AL,195,126,321
202003,AM,179,178,357
202003,AP,3,16,19
202003,BA,1325,429,1754
202003,CE,1080,407,1487
202003,DF,270,397,667
202003,ES,469,494,963
202003,GO,277,521,798
202003,MA,206,131,337
202003,MG,419,1563,1982
202003,MS,43,286,329
202003,MT,163,181,344
202003,PA,232,199,431
202003,PB,276,75,351
202003,PE,962,462,1424
202003,PI,452,212,664
202003,PR,488,1247,1735
202003,RJ,2449,1114,3563
202003,RN,585,56,641
202003,RO,202,200,402
202003,RR,56,69,125
202003,RS,866,942,1808
202003,SC,130,683,813
202003,SE,292,80,372
202003,SP,3181,5792,8973
202003,TO,60,154,214
202004,AC,48,30,78
202004,AL,182,84,266
202004,AM,138,129,267
202004,AP,16,13,29
202004,BA,1073,331,1404
202004,CE,1008,246,1254
202004,DF,187,336,523
202004,ES,338,439,777
202004,GO,219,414,633
202004,MA,234,83,317
202004,MG,414,1264,1678
202004,MS,35,314,349
202004,MT,133,144,277
202004,PA,173,111,284
202004,PB,266,71,337
202004,PE,903,346,1249
202004,PI,315,151,466
202004,PR,431,1021,1452
202004,RJ,1847,922,2769
202004,RN,613,35,648
202004,RO,135,122,257
202004,RR,34,39,73
202004,RS,803,735,1538
202004,SC,140,663,803
202004,SE,224,42,266
202004,SP,2215,3946,6161
202004,TO,56,113,169
202005,AC,61,18,79
202005,AL,144,135,279
202005,AM,150,149,299
202005,AP,1,13,14
202005,BA,827,274,1101
202005,CE,797,230,1027
202005,DF,155,320,475
202005,ES,274,429,703
202005,GO,160,433,593
202005,MA,192,82,274
202005,MG,369,1229,1598
202005,MS,30,216,246
202005,MT,107,135,242
202005,PA,138,116,254
202005,PB,159,49,208
202005,PE,733,327,1060
202005,PI,264,118,382
202005,PR,342,921,1263
202005,RJ,1586,904,2490
202005,RN,438,28,466
202005,RO,126,120,246
202005,RR,22,27,49
202005,RS,719,794,1513
202005,SC,135,722,857
202005,SE,156,39,195
202005,SP,1992,4525,6517
202005,TO,40,112,152
202006,AC,57,9,66
202006,AL,35,110,145
202006,AM,151,137,288
202006,AP,0,2,2
202006,BA,676,333,1009
202006,CE,594,326,920
202006,DF,140,342,482
202006,ES,235,370,605
202006,GO,166,411,577
202006,MA,174,109,283
202006,MG,327,1083,1410
202006,MS,27,231,258
202006,MT,80,151,231
202006,PA,136,176,312
202006,PB,173,51,224
202006,PE,749,368,1117
202006,PI,270,143,413
202006,PR,327,897,1224
202006,RJ,1743,954,2697
202006,RN,364,33,397
202006,RO,126,139,265
202006,RR,17,33,50
202006,RS,671,695,1366
202006,SC,100,612,712
202006,SE,158,44,202
202006,SP,1930,4801,6731
202006,TO,39,98,137
202007,AC,41,12,53
202007,AL,48,135,183
202007,AM,171,133,304
202007,AP,3,3,6
202007,BA,746,295,1041
202007,CE,586,334,920
202007,DF,153,354,507
202007,ES,230,368,598
202007,GO,158,445,603
202007,MA,164,120,284
202007,MG,331,1203,1534
202007,MS,19,217,236
202007,MT,73,120,193
202007,PA,185,223,408
202007,PB,181,63,244
202007,PE,747,373,1120
202007,PI,210,112,322
202007,PR,309,878,1187
202007,RJ,1819,1061,2880
202007,RN,346,43,389
202007,RO,111,122,233
202007,RR,25,37,62
202007,RS,637,677,1314
202007,SC,116,576,692
202007,SE,220,71,291
202007,SP,2427,5617,8044
202007,TO,46,78,124
202008,AC,61,20,81
202008,AL,53,112,165
202008,AM,158,120,278
202008,AP,2,7,9
202008,BA,687,283,970
202008,CE,512,280,792
202008,DF,137,425,562
202008,ES,208,339,547
202008,GO,120,402,522
202008,MA,147,136,283
202008,MG,279,1113,1392
202008,MS,25,168,193
202008,MT,68,142,210
202008,PA,194,247,441
202008,PB,179,47,226
202008,PE,619,390,1009
202008,PI,244,144,388
202008,PR,322,787,1109
202008,RJ,1793,1106,2899
202008,RN,358,51,409
202008,RO,70,159,229
202008,RR,55,68,123
202008,RS,535,704,1239
202008,SC,83,525,608
202008,SE,182,61,243
202008,SP,2149,5097,7246
202008,TO,31,108,139
202009,AC,59,23,82
202009,AL,34,122,156
202009,AM,149,177,326
202009,AP,3,2,5
202009,BA,701,301,1002
202009,CE,478,320,798
202009,DF,144,309,453
202009,ES,257,379,636
202009,GO,147,374,521
202009,MA,135,193,328
202009,MG,240,1225,1465
202009,MS,30,177,207
202009,MT,88,132,220
202009,PA,185,233,418
202009,PB,161,43,204
202009,PE,588,313,901
202009,PI,265,142,407
202009,PR,328,878,1206
202009,RJ,1742,1065,2807
202009,RN,386,45,431
202009,RO,119,168,287
202009,RR,50,63,113
202009,RS,501,642,1143
202009,SC,97,514,611
202009,SE,179,66,245
202009,SP,2249,5180,7429
202009,TO,37,102,139
202010,AC,81,25,106
202010,AL,129,142,271
202010,AM,131,183,314
202010,AP,0,5,5
202010,BA,777,332,1109
202010,CE,557,347,904
202010,DF,153,337,490
202010,ES,330,477,807
202010,GO,202,405,607
202010,MA,212,183,395
202010,MG,304,1269,1573
202010,MS,31,195,226
202010,MT,99,152,251
202010,PA,239,304,543
202010,PB,171,60,231
202010,PE,732,391,1123
202010,PI,340,203,543
202010,PR,342,914,1256
202010,RJ,1899,1058,2957
202010,RN,447,50,497
202010,RO,132,207,339
202010,RR,54,78,132
202010,RS,480,718,1198
202010,SC,91,562,653
202010,SE,200,50,250
202010,SP,2354,5442,7796
202010,TO,57,102,159
202011,AC,79,15,94
202011,AL,140,121,261
202011,AM,164,138,302
202011,AP,12,15,27
202011,BA,752,377,1129
202011,CE,612,360,972
202011,DF,155,318,473
202011,ES,276,445,721
202011,GO,152,426,578
202011,MA,187,205,392
202011,MG,337,1347,1684
202011,MS,38,263,301
202011,MT,94,150,244
202011,PA,196,310,506
202011,PB,135,59,194
202011,PE,732,391,1123
202011,PI,336,216,552
202011,PR,331,855,1186
202011,RJ,2083,1052,3135
202011,RN,411,74,485
202011,RO,136,227,363
202011,RR,57,62,119
202011,RS,376,688,1064
202011,SC,99,549,648
202011,SE,147,67,214
202011,SP,2870,5914,8784
202011,TO,68,132,200
202012,AC,90,56,146
202012,AL,149,154,303
202012,AM,161,131,292
202012,AP,0,0,0
202012,BA,830,367,1197
202012,CE,663,427,1090
202012,DF,202,319,521
202012,ES,247,393,640
202012,GO,175,473,648
202012,MA,193,128,321
202012,MG,404,1306,1710
202012,MS,50,244,294
202012,MT,99,153,252
202012,PA,249,310,559
202012,PB,165,67,232
202012,PE,803,457,1260
202012,PI,373,227,600
202012,PR,298,910,1208
202012,RJ,2300,1111,3411
202012,RN,398,77,475
202012,RO,183,218,401
202012,RR,60,70,130
202012,RS,488,639,1127
202012,SC,92,530,622
202012,SE,204,63,267
202012,SP,3622,5373,8995
202012,TO,53,123,176
202101,AC,99,55,154
202101,AL,172,138,310
202101,AM,158,142,300
202101,AP,38,35,73
202101,BA,911,420,1331
202101,CE,690,345,1035
202101,DF,198,340,538
202101,ES,279,441,720
202101,GO,168,453,621
202101,MA,384,202,586
202101,MG,328,1235,1563
202101,MS,47,231,278
202101,MT,92,146,238
202101,PA,241,272,513
202101,PB,156,50,206
202101,PE,913,450,1363
202101,PI,398,189,587
202101,PR,340,965,1305
202101,RJ,2332,1183,3515
202101,RN,392,83,475
202101,RO,160,173,333
202101,RR,50,58,108
202101,RS,549,779,1328
202101,SC,113,588,701
202101,SE,206,55,261
202101,SP,2779,5749,8528
202101,TO,55,117,172
202102,AC,89,49,138
202102,AL,141,133,274
202102,AM,153,115,268
202102,AP,24,38,62
202102,BA,794,364,1158
202102,CE,638,267,905
202102,DF,164,294,458
202102,ES,257,346,603
202102,GO,148,351,499
202102,MA,300,174,474
202102,MG,279,1179,1458
202102,MS,41,250,291
202102,MT,85,135,220
202102,PA,173,199,372
202102,PB,127,39,166
202102,PE,665,356,1021
202102,PI,383,145,528
202102,PR,352,912,1264
202102,RJ,2172,1158,3330
202102,RN,370,82,452
202102,RO,140,153,293
202102,RR,63,41,104
202102,RS,474,688,1162
202102,SC,107,474,581
202102,SE,165,47,212
202102,SP,2480,6232,8712
202102,TO,60,74,134
202103,AC,100,48,148
202103,AL,137,113,250
202103,AM,205,132,337
202103,AP,31,15,46
202103,BA,975,314,1289
202103,CE,730,261,991
202103,DF,185,329,514
202103,ES,336,436,772
202103,GO,176,429,605
202103,MA,390,180,570
202103,MG,261,1245,1506
202103,MS,45,235,280
202103,MT,91,153,244
202103,PA,177,196,373
202103,PB,165,33,198
202103,PE,758,325,1083
202103,PI,382,123,505
202103,PR,370,905,1275
202103,RJ,2365,1141,3506
202103,RN,377,58,435
202103,RO,171,196,367
202103,RR,58,42,100
202103,RS,487,707,1194
202103,SC,114,578,692
202103,SE,233,44,277
202103,SP,2560,6301,8861
202103,TO,39,104,143
202104,AC,91,60,151
202104,AL,182,120,302
202104,AM,157,132,289
202104,AP,27,35,62
202104,BA,975,317,1292
202104,CE,696,253,949
202104,DF,178,302,480
202104,ES,307,265,572
202104,GO,163,426,589
202104,MA,372,157,529
202104,MG,270,1136,1406
202104,MS,45,228,273
202104,MT,102,116,218
202104,PA,193,216,409
202104,PB,145,46,191
202104,PE,804,336,1140
202104,PI,341,140,481
202104,PR,332,914,1246
202104,RJ,2107,1141,3248
202104,RN,319,59,378
202104,RO,197,135,332
202104,RR,55,54,109
202104,RS,426,698,1124
202104,SC,114,603,717
202104,SE,206,38,244
202104,SP,2335,5982,8317
202104,TO,30,89,119
202105,AC,91,50,141
202105,AL,115,117,232
202105,AM,143,161,304
202105,AP,29,32,61
202105,BA,1049,386,1435
202105,CE,725,276,1001
202105,DF,169,289,458
202105,ES,366,438,804
202105,GO,145,470,615
202105,MA,438,186,624
202105,MG,275,1256,1531
202105,MS,56,240,296
202105,MT,71,114,185
202105,PA,181,230,411
202105,PB,227,60,287
202105,PE,751,388,1139
202105,PI,343,158,501
202105,PR,371,925,1296
202105,RJ,2003,1186,3189
202105,RN,361,66,427
202105,RO,143,165,308
202105,RR,85,65,150
202105,RS,382,749,1131
202105,SC,132,647,779
202105,SE,209,43,252
202105,SP,2444,6470,8914
202105,TO,29,90,119
202106,AC,94,49,143
202106,AL,106,132,238
202106,AM,137,159,296
202106,AP,35,32,67
202106,BA,920,369,1289
202106,CE,673,321,994
202106,DF,165,275,440
202106,ES,287,422,709
202106,GO,139,436,575
202106,MA,422,190,612
202106,MG,268,1235,1503
202106,MS,42,195,237
202106,MT,73,109,182
202106,PA,186,218,404
202106,PB,203,65,268
202106,PE,760,344,1104
202106,PI,354,165,519
202106,PR,333,911,1244
202106,RJ,1899,1124,3023
202106,RN,362,62,424
202106,RO,172,165,337
202106,RR,25,61,86
202106,RS,388,809,1197
202106,SC,116,691,807
202106,SE,216,51,267
202106,SP,2430,6328,8758
202106,TO,28,78,106
202107,AC,87,66,153
202107,AL,107,113,220
202107,AM,197,187,384
202107,AP,36,36,72
202107,BA,942,332,1274
202107,CE,625,379,1004
202107,DF,147,324,471
202107,ES,289,344,633
202107,GO,157,400,557
202107,MA,429,224,653
202107,MG,211,1199,1410
202107,MS,51,224,275
202107,MT,81,124,205
202107,PA,205,306,511
202107,PB,203,65,268
202107,PE,914,400,1314
202107,PI,383,185,568
202107,PR,342,980,1322
202107,RJ,2125,1219,3344
202107,RN,351,61,412
202107,RO,131,220,351
202107,RR,30,62,92
202107,RS,326,828,1154
202107,SC,119,669,788
202107,SE,219,57,276
202107,SP,2552,6827,9379
202107,TO,31,91,122
202108,AC,82,51,133
202108,AL,134,0,134
202108,AM,217,155,372
202108,AP,33,21,54
202108,BA,830,392,1222
202108,CE,606,400,1006
202108,DF,169,298,467
202108,ES,342,495,837
202108,GO,109,447,556
202108,MA,395,208,603
202108,MG,227,1272,1499
202108,MS,45,204,249
202108,MT,81,171,252
202108,PA,215,278,493
202108,PB,210,62,272
202108,PE,832,402,1234
202108,PI,372,218,590
202108,PR,338,991,1329
202108,RJ,2110,1252,3362
202108,RN,287,75,362
202108,RO,182,215,397
202108,RR,63,54,117
202108,RS,316,768,1084
202108,SC,129,619,748
202108,SE,199,57,256
202108,SP,2693,7078,9771
202108,TO,38,116,154
202109,AC,91,50,141
202109,AL,92,141,233
202109,AM,251,143,394
202109,AP,40,29,69
202109,BA,987,382,1369
202109,CE,607,353,960
202109,DF,175,293,468
202109,ES,273,383,656
202109,GO,131,415,546
202109,MA,441,207,648
202109,MG,194,1205,1399
202109,MS,27,190,217
202109,MT,103,157,260
202109,PA,199,200,399
202109,PB,196,68,264
202109,PE,732,434,1166
202109,PI,363,183,546
202109,PR,359,1074,1433
202109,RJ,1998,1181,3179
202109,RN,317,59,376
202109,RO,157,216,373
202109,RR,85,53,138
202109,RS,372,746,1118
202109,SC,109,620,729
202109,SE,159,64,223
202109,SP,2902,6984,9886
202109,TO,36,125,161
202110,AC,87,49,136
202110,AL,132,125,257
202110,AM,246,175,421
202110,AP,16,19,35
202110,BA,1040,416,1456
202110,CE,603,408,1011
202110,DF,191,336,527
202110,ES,306,356,662
202110,GO,136,406,542
202110,MA,0,0,0
202110,MG,190,1184,1374
202110,MS,35,254,289
202110,MT,103,184,287
202110,PA,220,317,537
202110,PB,186,71,257
202110,PE,761,458,1219
202110,PI,380,165,545
202110,PR,282,960,1242
202110,RJ,1892,1205,3097
202110,RN,370,55,425
202110,RO,120,173,293
202110,RR,92,51,143
202110,RS,409,775,1184
202110,SC,125,616,741
202110,SE,169,62,231
202110,SP,3023,7631,10654
202110,TO,30,117,147
202111,AC,63,50,113
202111,AL,130,162,292
202111,AM,262,169,431
202111,AP,45,41,86
202111,BA,1063,465,1528
202111,CE,586,382,968
202111,DF,144,334,478
202111,ES,324,352,676
202111,GO,134,403,537
202111,MA,319,205,524
202111,MG,220,1225,1445
202111,MS,35,308,343
202111,MT,104,237,341
202111,PA,254,301,555
202111,PB,196,86,282
202111,PE,818,496,1314
202111,PI,385,174,559
202111,PR,300,1035,1335
202111,RJ,1615,1324,2939
202111,RN,375,73,448
202111,RO,142,214,356
202111,RR,35,54,89
202111,RS,408,659,1067
202111,SC,108,625,733
202111,SE,208,42,250
202111,SP,3236,7396,10632
202111,TO,27,106,133
202112,AC,61,38,99
202112,AL,135,165,300
202112,AM,185,164,349
202112,AP,42,58,100
202112,BA,950,468,1418
202112,CE,626,407,1033
202112,DF,147,303,450
202112,ES,303,376,679
202112,GO,133,470,603
202112,MA,310,221,531
202112,MG,222,1305,1527
202112,MS,35,342,377
202112,MT,124,204,328
202112,PA,264,285,549
202112,PB,134,63,197
202112,PE,865,522,1387
202112,PI,394,200,594
202112,PR,311,976,1287
202112,RJ,1711,1302,3013
202112,RN,307,88,395
202112,RO,123,233,356
202112,RR,39,54,93
202112,RS,404,708,1112
202112,SC,126,725,851
202112,SE,223,46,269
202112,SP,3607,6692,10299
202112,TO,48,135,183
202201,AC,72,50,122
202201,AL,130,160,290
202201,AM,144,176,320
202201,AP,39,30,69
202201,BA,903,420,1323
202201,CE,666,345,1011
202201,DF,128,286,414
202201,ES,363,392,755
202201,GO,120,407,527
202201,MG,226,1252,1478
202201,MS,41,276,317
202201,MT,98,191,289
202201,PA,193,247,440
202201,PB,220,47,267
202201,PE,912,496,1408
202201,PI,372,190,562
202201,PR,297,1025,1322
202201,RJ,1859,1314,3173
202201,RN,308,69,377
202201,RO,210,267,477
202201,RR,25,50,75
202201,RS,389,708,1097
202201,SC,104,683,787
202201,SE,230,55,285
202201,SP,2869,7045,9914
202201,TO,35,130,165
202202,AC,48,55,103
202202,AL,138,144,282
202202,AM,174,204,378
202202,AP,25,120,145
202202,BA,954,437,1391
202202,CE,583,396,979
202202,DF,143,251,394
202202,ES,287,361,648
202202,GO,132,386,518
202202,MA,276,189,465
202202,MG,199,1248,1447
202202,MS,46,266,312
202202,MT,85,163,248
202202,PA,166,286,452
202202,PB,149,49,198
202202,PE,812,429,1241
202202,PI,384,160,544
202202,PR,228,991,1219
202202,RJ,1771,1295,3066
202202,RN,227,42,269
202202,RO,188,214,402
202202,RR,33,59,92
202202,RS,366,735,1101
202202,SC,111,728,839
202202,SE,199,53,252
202202,SP,2714,6870,9584
202202,TO,38,101,139
202203,AC,68,44,112
202203,AL,132,162,294
202203,AM,164,211,375
202203,AP,37,28,65
202203,BA,1100,535,1635
202203,CE,629,379,1008
202203,DF,143,296,439
202203,ES,328,447,775
202203,GO,135,547,682
202203,MA,345,210,555
202203,MG,334,1804,2138
202203,MS,49,304,353
202203,MT,96,180,276
202203,PA,188,320,508
202203,PB,275,95,370
202203,PE,955,510,1465
202203,PI,454,200,654
202203,PR,325,1190,1515
202203,RJ,2146,1573,3719
202203,RN,279,65,344
202203,RO,208,229,437
202203,RR,25,50,75
202203,RS,453,811,1264
202203,SC,135,780,915
202203,SE,177,69,246
202203,SP,3482,8296,11778
202203,TO,47,133,180
202204,AC,52,40,92
202204,AL,114,135,249
202204,AM,113,195,308
202204,AP,42,35,77
202204,BA,948,550,1498
202204,CE,660,453,1113
202204,DF,131,381,512
202204,ES,288,409,697
202204,GO,116,464,580
202204,MA,328,192,520
202204,MG,323,1611,1934
202204,MS,36,300,336
202204,MT,70,172,242
202204,PA,182,309,491
202204,PB,212,87,299
202204,PE,893,492,1385
202204,PI,404,196,600
202204,PR,296,1059,1355
202204,RJ,1965,1441,3406
202204,RN,258,63,321
202204,RO,161,179,340
202204,RR,26,39,65
202204,RS,332,765,1097
202204,SC,133,639,772
202204,SE,140,62,202
202204,SP,2920,6831,9751
202204,TO,42,104,146
202205,AC,61,29,90
202205,AL,143,142,285
202205,AM,118,220,338
202205,AP,29,26,55
202205,BA,986,558,1544
202205,CE,626,476,1102
202205,DF,135,373,508
202205,ES,265,427,692
202205,GO,100,461,561
202205,MA,372,216,588
202205,MG,304,1651,1955
202205,MS,43,286,329
202205,MT,85,175,260
202205,PA,163,283,446
202205,PB,216,76,292
202205,PE,903,594,1497
202205,PI,332,210,542
202205,PR,281,1248,1529
202205,RJ,2079,1387,3466
202205,RN,300,79,379
202205,RO,133,221,354
202205,RR,15,40,55
202205,RS,402,761,1163
202205,SC,119,673,792
202205,SE,117,66,183
202205,SP,3326,7580,10906
202205,TO,39,102,141
202206,AC,50,50,100
202206,AL,136,183,319
202206,AM,111,178,289
202206,AP,20,21,41
202206,BA,1032,614,1646
202206,CE,576,513,1089
202206,DF,124,410,534
202206,ES,230,307,537
202206,GO,96,432,528
202206,MA,310,245,555
202206,MG,271,1453,1724
202206,MS,29,265,294
202206,MT,81,176,257
202206,PA,142,286,428
202206,PB,227,131,358
202206,PE,954,555,1509
202206,PI,334,169,503
202206,PR,276,1135,1411
202206,RJ,1876,1371,3247
202206,RN,292,87,379
202206,RO,104,203,307
202206,RR,22,66,88
202206,RS,356,727,1083
202206,SC,89,680,769
202206,SE,124,97,221
202206,SP,3200,7677,10877
202206,TO,40,113,153
202207,AC,49,44,93
202207,AL,150,184,334
202207,AM,116,231,347
202207,AP,25,18,43
202207,BA,1034,653,1687
202207,CE,618,464,1082
202207,DF,123,0,123
202207,ES,245,377,622
202207,GO,96,439,535
202207,MA,280,211,491
202207,MG,264,1592,1856
202207,MS,37,326,363
202207,MT,79,181,260
202207,PA,158,276,434
202207,PB,240,130,370
202207,PE,985,580,1565
202207,PI,369,188,557
202207,PR,291,1125,1416
202207,RJ,2016,1396,3412
202207,RN,245,86,331
202207,RO,95,237,332
202207,RR,32,69,101
202207,RS,319,787,1106
202207,SC,97,680,777
202207,SE,128,59,187
202207,SP,3381,7193,10574
202207,TO,30,117,147
202208,AC,47,34,81
202208,AL,133,158,291
202208,AM,118,157,275
202208,AP,34,26,60
202208,BA,1046,577,1623
202208,CE,626,549,1175
202208,DF,97,276,373
202208,ES,234,343,577
202208,GO,109,413,522
202208,MA,306,205,511
202208,MG,264,1636,1900
202208,MS,45,285,330
202208,MT,84,211,295
202208,PA,157,287,444
202208,PB,166,62,228
202208,PE,947,640,1587
202208,PI,417,209,626
202208,PR,300,1183,1483
202208,RJ,2047,1391,3438
202208,RN,248,184,432
202208,RO,118,235,353
202208,RR,34,80,114
202208,RS,363,731,1094
202208,SC,98,689,787
202208,SE,116,62,178
202208,SP,3086,7545,10631
202208,TO,28,105,133
202209,AC,57,33,90
202209,AL,134,176,310
202209,AM,100,208,308
202209,AP,34,26,60
202209,BA,1050,575,1625
202209,CE,669,482,1151
202209,DF,119,251,370
202209,ES,250,411,661
202209,GO,107,409,516
202209,MA,332,215,547
202209,MG,264,1680,1944
202209,MS,38,319,357
202209,MT,77,191,268
202209,PA,152,273,425
202209,PB,202,91,293
202209,PE,856,721,1577
202209,PI,371,226,597
202209,PR,265,1134,1399
202209,RJ,2206,1396,3602
202209,RN,190,176,366
202209,RO,135,254,389
202209,RR,48,60,108
202209,RS,373,680,1053
202209,SC,78,566,644
202209,SE,112,64,176
202209,SP,3274,8525,11799
202209,TO,26,123,149
202210,AC,52,41,93
202210,AL,158,192,350
202210,AM,123,134,257
202210,AP,34,28,62
202210,BA,1019,607,1626
202210,CE,612,594,1206
202210,DF,143,278,421
202210,ES,208,287,495
202210,GO,117,463,580
202210,MA,328,198,526
202210,MG,286,1663,1949
202210,MS,44,355,399
202210,MT,59,246,305
202210,PA,155,265,420
202210,PB,192,66,258
202210,PE,872,654,1526
202210,PI,412,195,607
202210,PR,262,1155,1417
202210,RJ,2451,1407,3858
202210,RN,302,160,462
202210,RO,156,234,390
202210,RR,32,66,98
202210,RS,387,779,1166
202210,SC,88,617,705
202210,SE,118,110,228
202210,SP,3945,8689,12634
202210,TO,35,118,153
202211,AC,61,41,102
202211,AL,145,155,300
202211,AM,109,148,257
202211,AP,31,44,75
202211,BA,1049,576,1625
202211,CE,705,631,1336
202211,DF,135,275,410
202211,ES,277,376,653
202211,GO,126,490,616
202211,MA,373,219,592
202211,MG,318,1870,2188
202211,MS,24,291,315
202211,MT,61,211,272
202211,PA,159,207,366
202211,PB,172,85,257
202211,PE,993,645,1638
202211,PI,391,197,588
202211,PR,308,1164,1472
202211,RJ,2547,1464,4011
202211,RN,252,186,438
202211,RO,138,261,399
202211,RR,31,70,101
202211,RS,381,748,1129
202211,SC,111,572,683
202211,SE,100,104,204
202211,SP,4107,8806,12913
202211,TO,31,110,141
202212,AC,43,52,95
202212,AL,183,231,414
202212,AM,118,158,276
202212,AP,26,24,50
202212,BA,1103,564,1667
202212,CE,727,622,1349
202212,DF,131,295,426
202212,ES,256,376,632
202212,GO,118,461,579
202212,MA,314,250,564
202212,MG,293,1685,1978
202212,MS,31,306,337
202212,MT,74,204,278
202212,PA,146,231,377
202212,PB,124,57,181
202212,PE,1042,706,1748
202212,PI,397,188,585
202212,PR,295,1260,1555
202212,RJ,2242,1413,3655
202212,RN,231,166,397
202212,RO,137,258,395
202212,RR,40,82,122
202212,RS,349,781,1130
202212,SC,114,721,835
202212,SE,114,85,199
202212,SP,4423,7811,12234
202212,TO,25,115,140
