ano_mes,emplacamentos_novos
201601,253262
201602,235307
201603,285199
201604,258386
201605,256272
201606,255002
201607,262614
201608,266225
201609,231482
201610,225469
201611,252939
201612,289893
201701,216358
201702,197493
201703,274230
201704,223641
201705,277219
201706,268953
201707,257333
201708,295328
201709,267561
201710,273812
201711,272003
201712,292628
201801,260820
201802,222836
201803,290372
201804,303073
201805,286759
201806,279836
201807,297830
201808,342379
201809,291112
201810,342253
201811,312364
201812,322725
201901,294910
201902,287329
201903,298096
201904,330890
201905,349554
201906,308501
201907,339627
201908,337403
201909,327823
201910,357269
201911,335986
201912,361832
202001,289785
202002,285144
202003,243053
202007,266872
202008,285916
202009,313760
202010,317962
202011,320875
202012,350189
202101,263718
202102,231408
202103,259678
202104,277290
202105,307075
202106,297275
202107,296466
202108,283652
202109,270761
202110,266328
202111,286464
202112,327636
202201,222895
202202,209278
202203,263695
202204,261546
202205,327656
202206,305869
202207,296907
202208,334818
202209,324953
202210,307484
202211,333403
202212,356940
202301,259859
202302,236340
202304,287799
202305,345601
202306,337163
202307,355970
202308,358972
202310,364315
202311,350718
202312,389168
202402,308965
202403,347958
202405,365567
202406,387843
202407,406093
202408,408951
202409,400198
202410,439345
202411,407202
202412,416189
202501,329364
202502,347083
202503,367513
202504,397279
202505,424923
202506,397790
202507,442664
202508,416444
202509,455061
202510,476996
202511,424671
202512,477986
202601,353419
202602,361666
202603,497428
202604,464547
202605,477175
202606,472738
202607,486715
202608,486851
