ano_mes,tipo_veiculo,emplacamentos_novos,acumulado_ano,mesmo_mes_ano_anterior
201601,AUTOMOVEIS,131272,131272,206162
201601,CAMINHOES,4348,4348,7677
201601,COMERCIAIS_LEVES,18427,18427,37720
201601,IMPLEMENTOS_RODOVIARIOS,1719,1719,2245
201601,MOTOCICLETAS,96243,96243,108653
201601,ONIBUS,1253,1253,2229
201602,AUTOMOVEIS,122702,253957,149828
201602,CAMINHOES,3823,8169,5171
201602,COMERCIAIS_LEVES,19366,37791,28971
201602,IMPLEMENTOS_RODOVIARIOS,1881,3599,2022
201602,MOTOCICLETAS,86643,182886,93812
201602,ONIBUS,892,2147,1968
201603,AUTOMOVEIS,147655,401644,189859
201603,CAMINHOES,4820,12989,6503
201603,COMERCIAIS_LEVES,25620,63412,36101
201603,IMPLEMENTOS_RODOVIARIOS,2625,6224,2738
201603,MOTOCICLETAS,103280,286172,124521
201603,ONIBUS,1199,3345,2195
201604,AUTOMOVEIS,132032,533665,179214
201604,CAMINHOES,4191,17181,5806
201604,COMERCIAIS_LEVES,25547,88955,32400
201604,IMPLEMENTOS_RODOVIARIOS,1996,8225,2395
201604,MOTOCICLETAS,93475,379648,108176
201604,ONIBUS,1145,4490,1940
201605,AUTOMOVEIS,137448,671137,175618
201605,CAMINHOES,4084,21265,6026
201605,COMERCIAIS_LEVES,24722,113676,29338
201605,IMPLEMENTOS_RODOVIARIOS,2274,10499,2624
201605,MOTOCICLETAS,86489,466136,105506
201605,ONIBUS,1255,5745,1711
201606,AUTOMOVEIS,139559,810681,175255
201606,CAMINHOES,4188,25429,6206
201606,COMERCIAIS_LEVES,26851,140525,29351
201606,IMPLEMENTOS_RODOVIARIOS,2255,12753,2769
201606,MOTOCICLETAS,80955,547086,101132
201606,ONIBUS,1194,6964,1704
201607,AUTOMOVEIS,146590,957180,186995
201607,CAMINHOES,4676,30105,6515
201607,COMERCIAIS_LEVES,28202,168725,32398
201607,IMPLEMENTOS_RODOVIARIOS,2087,14842,3059
201607,MOTOCICLETAS,79111,626192,107754
201607,ONIBUS,1948,8916,1698
201608,AUTOMOVEIS,148888,1106053,172621
201608,CAMINHOES,4385,34496,5823
201608,COMERCIAIS_LEVES,29215,197934,27212
201608,IMPLEMENTOS_RODOVIARIOS,1965,16807,2427
201608,MOTOCICLETAS,80359,706588,99902
201608,ONIBUS,1413,10329,1590
201609,AUTOMOVEIS,130854,1236894,166345
201609,CAMINHOES,4154,38650,5945
201609,COMERCIAIS_LEVES,24122,222055,26246
201609,IMPLEMENTOS_RODOVIARIOS,1872,18706,2548
201609,MOTOCICLETAS,69652,776233,98114
201609,ONIBUS,828,11156,1539
201610,AUTOMOVEIS,132230,1369119,161576
201610,CAMINHOES,3417,42067,5784
201610,COMERCIAIS_LEVES,22645,244699,23682
201610,IMPLEMENTOS_RODOVIARIOS,1669,20378,2485
201610,MOTOCICLETAS,64751,840981,89046
201610,ONIBUS,757,11913,1091
201611,AUTOMOVEIS,148687,1518171,165963
201611,CAMINHOES,3779,45848,4733
201611,COMERCIAIS_LEVES,24874,269191,23376
201611,IMPLEMENTOS_RODOVIARIOS,1455,21833,2228
201611,MOTOCICLETAS,73343,914320,105376
201611,ONIBUS,801,12714,1121
201612,AUTOMOVEIS,169990,1688149,193186
201612,CAMINHOES,4446,50292,5578
201612,COMERCIAIS_LEVES,29023,298213,27404
201612,IMPLEMENTOS_RODOVIARIOS,1846,23680,2476
201612,MOTOCICLETAS,83661,997980,131260
201612,ONIBUS,927,13646,1556
201701,AUTOMOVEIS,121399,121399,131253
201701,CAMINHOES,2940,2940,4346
201701,COMERCIAIS_LEVES,22181,22181,18424
201701,IMPLEMENTOS_RODOVIARIOS,1526,1526,1719
201701,MOTOCICLETAS,67605,67605,96226
201701,ONIBUS,707,707,1254
201702,AUTOMOVEIS,112383,233768,122727
201702,CAMINHOES,2611,5551,3822
201702,COMERCIAIS_LEVES,20022,42198,19364
201702,IMPLEMENTOS_RODOVIARIOS,1333,2859,1882
201702,MOTOCICLETAS,60497,128099,86652
201702,ONIBUS,647,1354,891
201703,AUTOMOVEIS,158084,391846,147641
201703,CAMINHOES,4124,9675,4822
201703,COMERCIAIS_LEVES,25766,67960,25617
201703,IMPLEMENTOS_RODOVIARIOS,2201,5061,2630
201703,MOTOCICLETAS,82886,210985,103274
201703,ONIBUS,1169,2523,1199
201704,AUTOMOVEIS,131516,523342,131961
201704,CAMINHOES,3488,13162,4191
201704,COMERCIAIS_LEVES,20867,88825,25547
201704,IMPLEMENTOS_RODOVIARIOS,1753,6816,1995
201704,MOTOCICLETAS,64955,275942,93491
201704,ONIBUS,1062,3585,1147
201705,AUTOMOVEIS,163294,686619,137429
201705,CAMINHOES,4119,17282,4059
201705,COMERCIAIS_LEVES,26837,115651,24719
201705,IMPLEMENTOS_RODOVIARIOS,2095,8908,2276
201705,MOTOCICLETAS,79556,355508,86500
201705,ONIBUS,1318,4903,1280
201706,AUTOMOVEIS,161199,847798,139567
201706,CAMINHOES,4180,21461,4188
201706,COMERCIAIS_LEVES,28030,143677,26849
201706,IMPLEMENTOS_RODOVIARIOS,2199,11125,2262
201706,MOTOCICLETAS,71783,427283,80964
201706,ONIBUS,1562,6464,1198
201707,AUTOMOVEIS,151703,999489,146578
201707,CAMINHOES,4525,25984,4682
201707,COMERCIAIS_LEVES,27144,170819,28192
201707,IMPLEMENTOS_RODOVIARIOS,2151,13284,2092
201707,MOTOCICLETAS,70344,497624,79127
201707,ONIBUS,1466,7930,1947
201708,AUTOMOVEIS,180888,1180300,148967
201708,CAMINHOES,4819,30800,4385
201708,COMERCIAIS_LEVES,28983,199788,29121
201708,IMPLEMENTOS_RODOVIARIOS,2437,15725,1980
201708,MOTOCICLETAS,76357,573978,80362
201708,ONIBUS,1844,9774,1414
201709,AUTOMOVEIS,168016,1348218,130997
201709,CAMINHOES,4542,35345,4154
201709,COMERCIAIS_LEVES,25564,225344,23974
201709,IMPLEMENTOS_RODOVIARIOS,2097,17822,1873
201709,MOTOCICLETAS,66237,640210,69657
201709,ONIBUS,1105,10879,828
201710,AUTOMOVEIS,166834,1515025,132346
201710,CAMINHOES,5055,40399,3419
201710,COMERCIAIS_LEVES,29801,255142,22510
201710,IMPLEMENTOS_RODOVIARIOS,2717,20539,1670
201710,MOTOCICLETAS,68235,708462,64755
201710,ONIBUS,1170,12050,757
201711,AUTOMOVEIS,168875,1683885,148675
201711,CAMINHOES,5495,45894,3778
201711,COMERCIAIS_LEVES,28372,283507,24872
201711,IMPLEMENTOS_RODOVIARIOS,2521,23060,1456
201711,MOTOCICLETAS,65294,773754,73346
201711,ONIBUS,1446,13496,803
201712,AUTOMOVEIS,171988,1855874,169971
201712,CAMINHOES,6174,52069,4446
201712,COMERCIAIS_LEVES,32864,316361,29002
201712,IMPLEMENTOS_RODOVIARIOS,2541,25602,1846
201712,MOTOCICLETAS,77458,851211,83665
201712,ONIBUS,1603,15099,927
201801,AUTOMOVEIS,148898,148898,121378
201801,CAMINHOES,4594,4594,2940
201801,COMERCIAIS_LEVES,26656,26656,22175
201801,IMPLEMENTOS_RODOVIARIOS,2526,2526,1528
201801,MOTOCICLETAS,77031,77031,67601
201801,ONIBUS,1115,1115,707
201802,AUTOMOVEIS,129739,278636,112374
201802,CAMINHOES,4106,8699,2611
201802,COMERCIAIS_LEVES,21952,48601,20017
201802,IMPLEMENTOS_RODOVIARIOS,2917,5443,1338
201802,MOTOCICLETAS,63013,140040,60504
201802,ONIBUS,1109,2224,647
201803,AUTOMOVEIS,172739,451351,158055
201803,CAMINHOES,5969,14669,4120
201803,COMERCIAIS_LEVES,27362,75961,25761
201803,IMPLEMENTOS_RODOVIARIOS,3630,9073,2209
201803,MOTOCICLETAS,79363,219397,82887
201803,ONIBUS,1309,3534,1169
201804,AUTOMOVEIS,178699,630027,131499
201804,CAMINHOES,6223,20891,3488
201804,COMERCIAIS_LEVES,31296,107255,20858
201804,IMPLEMENTOS_RODOVIARIOS,3562,12635,1759
201804,MOTOCICLETAS,82152,301542,64956
201804,ONIBUS,1141,4676,1062
201805,AUTOMOVEIS,164426,794907,163284
201805,CAMINHOES,5717,26607,4119
201805,COMERCIAIS_LEVES,30496,137266,26831
201805,IMPLEMENTOS_RODOVIARIOS,3608,16243,2100
201805,MOTOCICLETAS,81271,382807,79548
201805,ONIBUS,1241,5917,1317
201806,AUTOMOVEIS,163508,958390,161030
201806,CAMINHOES,5732,32339,4179
201806,COMERCIAIS_LEVES,31546,168805,28025
201806,IMPLEMENTOS_RODOVIARIOS,3776,20019,2200
201806,MOTOCICLETAS,74084,456876,71779
201806,ONIBUS,1190,7108,1562
201807,AUTOMOVEIS,176067,1134457,151677
201807,CAMINHOES,6666,39005,4524
201807,COMERCIAIS_LEVES,32484,201289,27132
201807,IMPLEMENTOS_RODOVIARIOS,4077,24098,2154
201807,MOTOCICLETAS,76247,533123,70341
201807,ONIBUS,2289,9397,1467
201808,AUTOMOVEIS,203926,1338365,180881
201808,CAMINHOES,7439,46444,4821
201808,COMERCIAIS_LEVES,35319,236601,28974
201808,IMPLEMENTOS_RODOVIARIOS,4805,28905,2437
201808,MOTOCICLETAS,88936,622052,76364
201808,ONIBUS,1954,11351,1844
201809,AUTOMOVEIS,173193,1511537,167997
201809,CAMINHOES,6704,53147,4542
201809,COMERCIAIS_LEVES,31540,268138,25560
201809,IMPLEMENTOS_RODOVIARIOS,3694,32599,2097
201809,MOTOCICLETAS,74068,696114,66240
201809,ONIBUS,1913,13264,1105
201810,AUTOMOVEIS,208814,1720327,166842
201810,CAMINHOES,7920,61066,5055
201810,COMERCIAIS_LEVES,35926,304061,29777
201810,IMPLEMENTOS_RODOVIARIOS,4190,35997,2668
201810,MOTOCICLETAS,83331,779448,68232
201810,ONIBUS,2072,15337,1170
201811,AUTOMOVEIS,192146,1912450,169021
201811,CAMINHOES,7758,68824,5495
201811,COMERCIAIS_LEVES,29171,333227,28219
201811,IMPLEMENTOS_RODOVIARIOS,4587,40585,2485
201811,MOTOCICLETAS,76839,856302,65291
201811,ONIBUS,1863,17201,1446
201812,AUTOMOVEIS,189411,2101843,172187
201812,CAMINHOES,7607,76431,6174
201812,COMERCIAIS_LEVES,35590,368811,32636
201812,IMPLEMENTOS_RODOVIARIOS,4102,44689,2493
201812,MOTOCICLETAS,84066,940362,77456
201812,ONIBUS,1949,19150,1603
201901,AUTOMOVEIS,163796,163796,149041
201901,CAMINHOES,6932,6932,4593
201901,COMERCIAIS_LEVES,26956,26956,26496
201901,IMPLEMENTOS_RODOVIARIOS,4391,4391,2391
201901,MOTOCICLETAS,90722,90722,77021
201901,ONIBUS,2113,2113,1115
201902,AUTOMOVEIS,162537,326323,129782
201902,CAMINHOES,6816,13748,4107
201902,COMERCIAIS_LEVES,27313,54179,21857
201902,IMPLEMENTOS_RODOVIARIOS,4494,8885,2781
201902,MOTOCICLETAS,84182,174903,63011
201902,ONIBUS,1987,4191,1134
201903,AUTOMOVEIS,170483,496784,172842
201903,CAMINHOES,7628,21377,5968
201903,COMERCIAIS_LEVES,29067,83256,27204
201903,IMPLEMENTOS_RODOVIARIOS,5085,13971,3500
201903,MOTOCICLETAS,83828,258725,79355
201903,ONIBUS,2005,6195,1339
201904,AUTOMOVEIS,189097,685853,178803
201904,CAMINHOES,8489,29866,6222
201904,COMERCIAIS_LEVES,32224,115477,31137
201904,IMPLEMENTOS_RODOVIARIOS,5551,19522,3480
201904,MOTOCICLETAS,93387,352112,82149
201904,ONIBUS,2142,8336,1160
201905,AUTOMOVEIS,198779,884615,164410
201905,CAMINHOES,9197,39062,5717
201905,COMERCIAIS_LEVES,35394,150866,30479
201905,IMPLEMENTOS_RODOVIARIOS,6070,25592,3541
201905,MOTOCICLETAS,98018,450129,81263
201905,ONIBUS,2096,10432,1258
201906,AUTOMOVEIS,181291,1065888,163497
201906,CAMINHOES,7804,46867,5730
201906,COMERCIAIS_LEVES,32147,183011,31531
201906,IMPLEMENTOS_RODOVIARIOS,5248,30840,3727
201906,MOTOCICLETAS,80040,530161,74086
201906,ONIBUS,1971,12403,1205
201907,AUTOMOVEIS,195854,1261718,176047
201907,CAMINHOES,9001,55867,6666
201907,COMERCIAIS_LEVES,36389,219401,32438
201907,IMPLEMENTOS_RODOVIARIOS,5930,36770,4007
201907,MOTOCICLETAS,90057,620220,76241
201907,ONIBUS,2396,14798,2325
201908,AUTOMOVEIS,195927,1457620,203896
201908,CAMINHOES,9580,65446,7439
201908,COMERCIAIS_LEVES,34791,254177,35273
201908,IMPLEMENTOS_RODOVIARIOS,5742,42512,4723
201908,MOTOCICLETAS,88654,708871,88937
201908,ONIBUS,2709,17507,1990
201909,AUTOMOVEIS,187816,1645415,173174
201909,CAMINHOES,9301,74747,6703
201909,COMERCIAIS_LEVES,35424,289598,31508
201909,IMPLEMENTOS_RODOVIARIOS,5215,47725,3657
201909,MOTOCICLETAS,87744,796615,74074
201909,ONIBUS,2323,19830,1938
201910,AUTOMOVEIS,204523,1849899,208650
201910,CAMINHOES,9497,84242,7919
201910,COMERCIAIS_LEVES,36652,326246,35887
201910,IMPLEMENTOS_RODOVIARIOS,5490,53216,4191
201910,MOTOCICLETAS,98407,895016,83352
201910,ONIBUS,2700,22530,2109
201911,AUTOMOVEIS,196769,2046645,192120
201911,CAMINHOES,9162,93405,7759
201911,COMERCIAIS_LEVES,34154,360339,29119
201911,IMPLEMENTOS_RODOVIARIOS,5246,58460,4589
201911,MOTOCICLETAS,88426,983448,76837
201911,ONIBUS,2229,24759,1911
201912,AUTOMOVEIS,215348,2261964,189373
201912,CAMINHOES,8329,101735,7603
201912,COMERCIAIS_LEVES,36625,396959,35468
201912,IMPLEMENTOS_RODOVIARIOS,4987,63468,4102
201912,MOTOCICLETAS,94109,1077553,84061
201912,ONIBUS,2434,27193,2061
202001,AUTOMOVEIS,154572,154572,163779
202001,CAMINHOES,7186,7186,6932
202001,COMERCIAIS_LEVES,29553,29553,26861
202001,IMPLEMENTOS_RODOVIARIOS,4632,4632,4390
202001,MOTOCICLETAS,91689,91689,90713
202001,ONIBUS,2153,2153,2203
202002,AUTOMOVEIS,165140,319703,162508
202002,CAMINHOES,6508,13693,6816
202002,COMERCIAIS_LEVES,27499,57053,27324
202002,IMPLEMENTOS_RODOVIARIOS,4375,9007,4496
202002,MOTOCICLETAS,79782,171468,84181
202002,ONIBUS,1840,3996,1986
202003,AUTOMOVEIS,131249,450935,170450
202003,CAMINHOES,6483,20175,7628
202003,COMERCIAIS_LEVES,24561,81614,29066
202003,IMPLEMENTOS_RODOVIARIOS,4109,13142,5085
202003,MOTOCICLETAS,75356,246832,83825
202003,ONIBUS,1295,5294,2004
202007,AUTOMOVEIS,134944,771866,195828
202007,CAMINHOES,9522,47148,9000
202007,COMERCIAIS_LEVES,28139,154471,36375
202007,IMPLEMENTOS_RODOVIARIOS,7208,33905,5934
202007,MOTOCICLETAS,85166,435454,90059
202007,ONIBUS,1893,9769,2396
202008,AUTOMOVEIS,142046,913897,195905
202008,CAMINHOES,8072,55213,9579
202008,COMERCIAIS_LEVES,31498,185965,34788
202008,IMPLEMENTOS_RODOVIARIOS,6525,40430,5740
202008,MOTOCICLETAS,95998,531456,88651
202008,ONIBUS,1777,11546,2709
202009,AUTOMOVEIS,161086,1074958,187780
202009,CAMINHOES,7393,62603,9300
202009,COMERCIAIS_LEVES,37699,223657,35371
202009,IMPLEMENTOS_RODOVIARIOS,6425,46869,5219
202009,MOTOCICLETAS,99621,631075,87737
202009,ONIBUS,1536,13082,2323
202010,AUTOMOVEIS,168464,1243411,204500
202010,CAMINHOES,7967,70570,9498
202010,COMERCIAIS_LEVES,36780,260434,36642
202010,IMPLEMENTOS_RODOVIARIOS,6750,53620,5494
202010,MOTOCICLETAS,96159,727232,98416
202010,ONIBUS,1842,14924,2700
202011,AUTOMOVEIS,177565,1420955,196737
202011,CAMINHOES,9021,79572,9163
202011,COMERCIAIS_LEVES,36700,297138,34148
202011,IMPLEMENTOS_RODOVIARIOS,6405,60024,5260
202011,MOTOCICLETAS,89440,816671,88418
202011,ONIBUS,1744,16668,2229
202012,AUTOMOVEIS,194679,1615620,215154
202012,CAMINHOES,9639,89207,8328
202012,COMERCIAIS_LEVES,38135,335269,36621
202012,IMPLEMENTOS_RODOVIARIOS,7354,67377,4992
202012,MOTOCICLETAS,98831,915502,94103
202012,ONIBUS,1551,18219,2434
202101,AUTOMOVEIS,130800,130800,154556
202101,CAMINHOES,7262,7262,7181
202101,COMERCIAIS_LEVES,31767,31767,29556
202101,IMPLEMENTOS_RODOVIARIOS,6726,6726,4645
202101,MOTOCICLETAS,85839,85839,91691
202101,ONIBUS,1324,1324,2158
202102,AUTOMOVEIS,128099,258893,165109
202102,CAMINHOES,7719,14981,6516
202102,COMERCIAIS_LEVES,30138,61900,27501
202102,IMPLEMENTOS_RODOVIARIOS,6596,13322,4404
202102,MOTOCICLETAS,57428,143267,79837
202102,ONIBUS,1428,2752,1841
202103,AUTOMOVEIS,141938,400817,131230
202103,CAMINHOES,10796,25776,6512
202103,COMERCIAIS_LEVES,35171,97068,24554
202103,IMPLEMENTOS_RODOVIARIOS,7983,21306,4120
202103,MOTOCICLETAS,62290,205553,75392
202103,ONIBUS,1500,4252,1295
202104,AUTOMOVEIS,127453,528243,39487
202104,CAMINHOES,9818,35593,3902
202104,COMERCIAIS_LEVES,36449,133514,11857
202104,IMPLEMENTOS_RODOVIARIOS,7474,28781,3176
202104,MOTOCICLETAS,94696,300243,28255
202104,ONIBUS,1400,5652,460
202105,AUTOMOVEIS,142673,670887,44133
202105,CAMINHOES,11358,46948,4724
202105,COMERCIAIS_LEVES,32732,166238,12494
202105,IMPLEMENTOS_RODOVIARIOS,7998,36780,3750
202105,MOTOCICLETAS,110417,410657,29218
202105,ONIBUS,1897,7549,822
202106,AUTOMOVEIS,133318,804182,102379
202106,CAMINHOES,11102,58049,8749
202106,COMERCIAIS_LEVES,36271,202503,20366
202106,IMPLEMENTOS_RODOVIARIOS,8102,44898,6618
202106,MOTOCICLETAS,106717,517362,45887
202106,ONIBUS,1765,9314,1300
202107,AUTOMOVEIS,123579,927735,134927
202107,CAMINHOES,11488,69535,9506
202107,COMERCIAIS_LEVES,38825,241317,28128
202107,IMPLEMENTOS_RODOVIARIOS,8426,53325,7212
202107,MOTOCICLETAS,112586,629937,85165
202107,ONIBUS,1562,10876,1893
202108,AUTOMOVEIS,119813,1047528,142019
202108,CAMINHOES,12658,82189,8073
202108,COMERCIAIS_LEVES,38701,280007,31496
202108,IMPLEMENTOS_RODOVIARIOS,8145,61470,6524
202108,MOTOCICLETAS,102711,732643,96000
202108,ONIBUS,1624,12498,1777
202109,AUTOMOVEIS,109077,1156581,161071
202109,CAMINHOES,11566,93745,7387
202109,COMERCIAIS_LEVES,33277,313281,37694
202109,IMPLEMENTOS_RODOVIARIOS,6830,68301,6427
202109,MOTOCICLETAS,108848,841481,99625
202109,ONIBUS,1163,13660,1536
202110,AUTOMOVEIS,119315,1275878,168441
202110,CAMINHOES,11087,104826,7965
202110,COMERCIAIS_LEVES,30764,344027,36776
202110,IMPLEMENTOS_RODOVIARIOS,6940,75238,6753
202110,MOTOCICLETAS,97023,938489,96154
202110,ONIBUS,1199,14858,1842
202111,AUTOMOVEIS,125974,1401832,177550
202111,CAMINHOES,10559,115376,9020
202111,COMERCIAIS_LEVES,35053,379074,36686
202111,IMPLEMENTOS_RODOVIARIOS,7007,82244,6406
202111,MOTOCICLETAS,106500,1044977,89427
202111,ONIBUS,1371,16229,1744
202112,AUTOMOVEIS,156146,1557957,194626
202112,CAMINHOES,11986,127357,9638
202112,COMERCIAIS_LEVES,37409,416474,38118
202112,IMPLEMENTOS_RODOVIARIOS,8154,90398,7355
202112,MOTOCICLETAS,112403,1157369,98822
202112,ONIBUS,1538,17766,1551
202201,AUTOMOVEIS,92212,92212,130778
202201,CAMINHOES,8517,8517,7259
202201,COMERCIAIS_LEVES,24389,24389,31753
202201,IMPLEMENTOS_RODOVIARIOS,6724,6724,6727
202201,MOTOCICLETAS,89685,89685,85832
202201,ONIBUS,1368,1368,1324
202202,AUTOMOVEIS,97590,189796,128068
202202,CAMINHOES,7961,16476,7712
202202,COMERCIAIS_LEVES,22602,46993,30133
202202,IMPLEMENTOS_RODOVIARIOS,5937,12663,6597
202202,MOTOCICLETAS,74065,163747,57423
202202,ONIBUS,1123,2491,1428
202203,AUTOMOVEIS,108244,300455,141914
202203,CAMINHOES,10133,26760,10792
202203,COMERCIAIS_LEVES,26660,74078,35166
202203,IMPLEMENTOS_RODOVIARIOS,6796,19525,7986
202203,MOTOCICLETAS,110083,274766,62283
202203,ONIBUS,1779,4323,1500
202204,AUTOMOVEIS,109684,410114,127431
202204,CAMINHOES,9375,36134,9811
202204,COMERCIAIS_LEVES,26657,100732,36436
202204,IMPLEMENTOS_RODOVIARIOS,6572,26097,7477
202204,MOTOCICLETAS,107737,382497,94688
202204,ONIBUS,1521,5844,1396
202205,AUTOMOVEIS,139472,549598,142645
202205,CAMINHOES,10319,46450,11348
202205,COMERCIAIS_LEVES,35342,136065,32722
202205,IMPLEMENTOS_RODOVIARIOS,7215,33312,8009
202205,MOTOCICLETAS,133372,515834,110401
202205,ONIBUS,1936,7780,1897
202206,AUTOMOVEIS,133587,683173,133298
202206,CAMINHOES,10862,57310,11095
202206,COMERCIAIS_LEVES,31883,168271,36259
202206,IMPLEMENTOS_RODOVIARIOS,6937,40267,8102
202206,MOTOCICLETAS,120869,636698,106706
202206,ONIBUS,1731,9188,1765
202207,AUTOMOVEIS,135522,818676,123573
202207,CAMINHOES,11328,68635,11479
202207,COMERCIAIS_LEVES,33571,201835,38814
202207,IMPLEMENTOS_RODOVIARIOS,7306,47574,8424
202207,MOTOCICLETAS,107619,744311,112567
202207,ONIBUS,1561,10749,1560
202208,AUTOMOVEIS,155095,973759,119798
202208,CAMINHOES,12301,80933,12650
202208,COMERCIAIS_LEVES,39047,240877,38691
202208,IMPLEMENTOS_RODOVIARIOS,7776,55347,8146
202208,MOTOCICLETAS,118549,862851,102687
202208,ONIBUS,2050,12799,1624
202209,AUTOMOVEIS,143210,1117067,109053
202209,CAMINHOES,11091,92016,11555
202209,COMERCIAIS_LEVES,37214,278091,33277
202209,IMPLEMENTOS_RODOVIARIOS,7357,62704,6829
202209,MOTOCICLETAS,123645,986493,108825
202209,ONIBUS,2436,15235,1151
202210,AUTOMOVEIS,137003,1254058,119294
202210,CAMINHOES,10582,102593,11068
202210,COMERCIAIS_LEVES,31471,309561,30756
202210,IMPLEMENTOS_RODOVIARIOS,6349,69053,6940
202210,MOTOCICLETAS,120251,1106733,97009
202210,ONIBUS,1828,17064,1196
202211,AUTOMOVEIS,158766,1412807,125948
202211,CAMINHOES,9935,112523,10538
202211,COMERCIAIS_LEVES,33178,342736,35059
202211,IMPLEMENTOS_RODOVIARIOS,6203,75256,7007
202211,MOTOCICLETAS,123206,1229987,106487
202211,ONIBUS,2115,19179,1359
202212,AUTOMOVEIS,164169,1576960,156101
202212,CAMINHOES,12064,124584,11974
202212,COMERCIAIS_LEVES,38007,380739,37428
202212,IMPLEMENTOS_RODOVIARIOS,7891,83185,8154
202212,MOTOCICLETAS,132129,1362129,112390
202212,ONIBUS,2680,21860,1512
202301,AUTOMOVEIS,103872,103872,92204
202301,CAMINHOES,10215,10215,8507
202301,COMERCIAIS_LEVES,26588,26588,24422
202301,IMPLEMENTOS_RODOVIARIOS,6539,6539,6725
202301,MOTOCICLETAS,110493,110493,89665
202301,ONIBUS,2152,2152,1334
202302,AUTOMOVEIS,95809,199680,100006
202302,CAMINHOES,7825,18040,8111
202302,COMERCIAIS_LEVES,23946,50534,23050
202302,IMPLEMENTOS_RODOVIARIOS,5923,12462,6003
202302,MOTOCICLETAS,100549,211070,74990
202302,ONIBUS,2288,4440,1154
202304,AUTOMOVEIS,118127,463968,109678
202304,CAMINHOES,7294,34738,9371
202304,COMERCIAIS_LEVES,33594,124541,26738
202304,IMPLEMENTOS_RODOVIARIOS,6207,27095,6572
202304,MOTOCICLETAS,120908,477967,107727
202304,ONIBUS,1669,9047,1435
202305,AUTOMOVEIS,127482,591442,139458
202305,CAMINHOES,7893,42630,10311
202305,COMERCIAIS_LEVES,38879,163409,35484
202305,IMPLEMENTOS_RODOVIARIOS,7677,34772,7233
202305,MOTOCICLETAS,161433,639395,133368
202305,ONIBUS,2237,11284,1792
202306,AUTOMOVEIS,142017,733442,133566
202306,CAMINHOES,7722,50352,10854
202306,COMERCIAIS_LEVES,37674,201077,31876
202306,IMPLEMENTOS_RODOVIARIOS,7323,42096,6939
202306,MOTOCICLETAS,140312,779707,120865
202306,ONIBUS,2115,13399,1731
202307,AUTOMOVEIS,176742,910171,135509
202307,CAMINHOES,8109,58460,11325
202307,COMERCIAIS_LEVES,38969,240042,33567
202307,IMPLEMENTOS_RODOVIARIOS,7316,49412,7303
202307,MOTOCICLETAS,123051,902781,107610
202307,ONIBUS,1783,15182,1561
202308,AUTOMOVEIS,153478,1063625,155191
202308,CAMINHOES,8968,67426,12297
202308,COMERCIAIS_LEVES,43400,283440,39039
202308,IMPLEMENTOS_RODOVIARIOS,8541,57954,7776
202308,MOTOCICLETAS,142714,1045494,118556
202308,ONIBUS,1871,17053,2050
202310,AUTOMOVEIS,163134,1372404,136982
202310,CAMINHOES,9157,85021,10580
202310,COMERCIAIS_LEVES,43535,368724,31470
202310,IMPLEMENTOS_RODOVIARIOS,8964,74749,6349
202310,MOTOCICLETAS,137606,1318227,120290
202310,ONIBUS,1919,20793,1828
202311,AUTOMOVEIS,160693,1533106,158752
202311,CAMINHOES,9050,94086,9935
202311,COMERCIAIS_LEVES,40956,409686,33177
202311,IMPLEMENTOS_RODOVIARIOS,7606,82375,6240
202311,MOTOCICLETAS,130469,1448761,123233
202311,ONIBUS,1944,22745,2116
202312,AUTOMOVEIS,187751,1720834,164145
202312,CAMINHOES,10068,104155,12062
202312,COMERCIAIS_LEVES,48846,458522,38002
202312,IMPLEMENTOS_RODOVIARIOS,7874,90266,7891
202312,MOTOCICLETAS,132752,1581526,132148
202312,ONIBUS,1877,24622,2680
202402,AUTOMOVEIS,120315,238818,95813
202402,CAMINHOES,8200,16193,7842
202402,COMERCIAIS_LEVES,34968,68521,23946
202402,IMPLEMENTOS_RODOVIARIOS,7474,14548,5963
202402,MOTOCICLETAS,136285,279611,100570
202402,ONIBUS,1723,3269,2288
202403,AUTOMOVEIS,137889,376691,146154
202403,CAMINHOES,9701,25897,9386
202403,COMERCIAIS_LEVES,38093,106612,40403
202403,IMPLEMENTOS_RODOVIARIOS,7559,22115,8389
202403,MOTOCICLETAS,152670,432288,145936
202403,ONIBUS,2046,5317,2937
202405,AUTOMOVEIS,144027,685031,127460
202405,CAMINHOES,9360,45796,7888
202405,COMERCIAIS_LEVES,39187,189539,38862
202405,IMPLEMENTOS_RODOVIARIOS,6808,36985,7682
202405,MOTOCICLETAS,164502,767084,161432
202405,ONIBUS,1683,9184,2237
202406,AUTOMOVEIS,163808,848813,141995
202406,CAMINHOES,9663,55457,7711
202406,COMERCIAIS_LEVES,38666,228190,37670
202406,IMPLEMENTOS_RODOVIARIOS,7699,44683,7330
202406,MOTOCICLETAS,165855,932940,140336
202406,ONIBUS,2152,11336,2115
202407,AUTOMOVEIS,178047,1026832,176717
202407,CAMINHOES,11082,66532,8099
202407,COMERCIAIS_LEVES,49253,277431,38969
202407,IMPLEMENTOS_RODOVIARIOS,7858,52541,7324
202407,MOTOCICLETAS,156893,1089830,123051
202407,ONIBUS,2960,14296,1783
202408,AUTOMOVEIS,170995,1197812,153466
202408,CAMINHOES,11303,77828,8944
202408,COMERCIAIS_LEVES,52201,329616,43398
202408,IMPLEMENTOS_RODOVIARIOS,7685,60228,8554
202408,MOTOCICLETAS,163882,1253627,142713
202408,ONIBUS,2885,17181,1870
202409,AUTOMOVEIS,171658,1369446,145668
202409,CAMINHOES,11218,89046,8424
202409,COMERCIAIS_LEVES,51028,380638,41751
202409,IMPLEMENTOS_RODOVIARIOS,7238,67467,7847
202409,MOTOCICLETAS,156607,1410230,135144
202409,ONIBUS,2449,19630,1822
202410,AUTOMOVEIS,195201,1564616,163148
202410,CAMINHOES,11901,100942,9130
202410,COMERCIAIS_LEVES,54695,435326,43541
202410,IMPLEMENTOS_RODOVIARIOS,7687,75156,8999
202410,MOTOCICLETAS,166722,1576954,137672
202410,ONIBUS,3139,22770,1927
202411,AUTOMOVEIS,193730,1758316,160679
202411,CAMINHOES,10002,110940,9011
202411,COMERCIAIS_LEVES,47461,482782,40953
202411,IMPLEMENTOS_RODOVIARIOS,6682,81840,7623
202411,MOTOCICLETAS,147018,1723971,130471
202411,ONIBUS,2309,25079,1943
202412,AUTOMOVEIS,189862,1948136,187724
202412,CAMINHOES,11159,122099,10060
202412,COMERCIAIS_LEVES,53829,536604,48837
202412,IMPLEMENTOS_RODOVIARIOS,6820,88661,7892
202412,MOTOCICLETAS,151925,1875903,132751
202412,ONIBUS,2594,27675,1877
202501,AUTOMOVEIS,123359,123359,118490
202501,CAMINHOES,9170,9170,7991
202501,COMERCIAIS_LEVES,36487,36487,33555
202501,IMPLEMENTOS_RODOVIARIOS,6203,6203,7081
202501,MOTOCICLETAS,151954,151954,143328
202501,ONIBUS,2191,2191,1546
202502,AUTOMOVEIS,134772,258117,120297
202502,CAMINHOES,8751,17921,8195
202502,COMERCIAIS_LEVES,39037,75520,34959
202502,IMPLEMENTOS_RODOVIARIOS,6194,12397,7486
202502,MOTOCICLETAS,155954,307909,136293
202502,ONIBUS,2375,4566,1725
202503,AUTOMOVEIS,141542,399659,137868
202503,CAMINHOES,9201,27122,9685
202503,COMERCIAIS_LEVES,42504,118024,38086
202503,IMPLEMENTOS_RODOVIARIOS,6026,18423,7573
202503,MOTOCICLETAS,166010,473919,152672
202503,ONIBUS,2230,6796,2046
202504,AUTOMOVEIS,152267,551926,164304
202504,CAMINHOES,9037,36159,10537
202504,COMERCIAIS_LEVES,44786,162810,43732
202504,IMPLEMENTOS_RODOVIARIOS,5970,24393,8037
202504,MOTOCICLETAS,182673,656592,170299
202504,ONIBUS,2546,9342,2184
202505,AUTOMOVEIS,167540,719466,143991
202505,CAMINHOES,8887,45046,9356
202505,COMERCIAIS_LEVES,46817,209627,39170
202505,IMPLEMENTOS_RODOVIARIOS,5916,30309,6807
202505,MOTOCICLETAS,193348,849940,164487
202505,ONIBUS,2415,11757,1683
202506,AUTOMOVEIS,159128,878594,163786
202506,CAMINHOES,8374,53420,9661
202506,COMERCIAIS_LEVES,43036,252663,38658
202506,IMPLEMENTOS_RODOVIARIOS,5536,35845,7700
202506,MOTOCICLETAS,179357,1029297,165853
202506,ONIBUS,2359,14116,2152
202507,AUTOMOVEIS,181787,1060362,178022
202507,CAMINHOES,10523,63943,11079
202507,COMERCIAIS_LEVES,48161,300823,49243
202507,IMPLEMENTOS_RODOVIARIOS,6274,42119,7860
202507,MOTOCICLETAS,193165,1222463,156813
202507,ONIBUS,2754,16869,2960
202508,AUTOMOVEIS,172280,1232600,170950
202508,CAMINHOES,8805,72267,11249
202508,COMERCIAIS_LEVES,42210,343506,52253
202508,IMPLEMENTOS_RODOVIARIOS,5642,47761,7687
202508,MOTOCICLETAS,185454,1407911,163884
202508,ONIBUS,2053,18922,2885
202509,AUTOMOVEIS,178548,1411116,171640
202509,CAMINHOES,9579,81843,11150
202509,COMERCIAIS_LEVES,52822,396322,51083
202509,IMPLEMENTOS_RODOVIARIOS,5934,53694,7239
202509,MOTOCICLETAS,205862,1613773,156604
202509,ONIBUS,2316,21238,2450
202510,AUTOMOVEIS,192752,1603828,195170
202510,CAMINHOES,10462,92317,11837
202510,COMERCIAIS_LEVES,55125,451433,54754
202510,IMPLEMENTOS_RODOVIARIOS,6470,60168,7688
202510,MOTOCICLETAS,209768,1823552,166719
202510,ONIBUS,2419,23659,3139
202511,AUTOMOVEIS,182044,1785840,193683
202511,CAMINHOES,8790,101107,9907
202511,COMERCIAIS_LEVES,45130,496559,47550
202511,IMPLEMENTOS_RODOVIARIOS,5464,65632,6682
202511,MOTOCICLETAS,180601,2004150,147019
202511,ONIBUS,2642,26301,2310
202512,AUTOMOVEIS,210732,1996531,189822
202512,CAMINHOES,9765,110873,11076
202512,COMERCIAIS_LEVES,56385,552931,53902
202512,IMPLEMENTOS_RODOVIARIOS,5398,71030,6820
202512,MOTOCICLETAS,193163,2197308,151919
202512,ONIBUS,2543,28844,2594
202601,AUTOMOVEIS,125136,125136,123344
202601,CAMINHOES,6379,6379,9131
202601,COMERCIAIS_LEVES,37348,37348,36518
202601,IMPLEMENTOS_RODOVIARIOS,4344,4344,6203
202601,MOTOCICLETAS,178537,178537,151955
202601,ONIBUS,1675,1675,2191
202602,AUTOMOVEIS,140548,265675,134769
202602,CAMINHOES,6611,12984,8716
202602,COMERCIAIS_LEVES,36249,73596,39071
202602,IMPLEMENTOS_RODOVIARIOS,5008,9352,6194
202602,MOTOCICLETAS,171508,350040,155954
202602,ONIBUS,1742,3425,2375
202603,AUTOMOVEIS,206375,472028,141532
202603,CAMINHOES,8766,21750,9099
202603,COMERCIAIS_LEVES,51848,125437,42609
202603,IMPLEMENTOS_RODOVIARIOS,6392,15744,6026
202603,MOTOCICLETAS,221573,571610,166009
202603,ONIBUS,2474,5899,2229
202604,AUTOMOVEIS,187313,659311,152257
202604,CAMINHOES,8661,30411,8951
202604,COMERCIAIS_LEVES,49943,175377,44872
202604,IMPLEMENTOS_RODOVIARIOS,5545,21290,5970
202604,MOTOCICLETAS,210649,782527,182668
202604,ONIBUS,2436,8336,2546
202605,AUTOMOVEIS,214300,873578,167520
202605,CAMINHOES,8200,38611,8813
202605,COMERCIAIS_LEVES,49743,225113,46888
202605,IMPLEMENTOS_RODOVIARIOS,5173,26463,5914
202605,MOTOCICLETAS,197685,980211,193349
202605,ONIBUS,2074,10410,2415
202606,AUTOMOVEIS,212902,1086444,159096
202606,CAMINHOES,9419,48030,8299
202606,COMERCIAIS_LEVES,47565,272663,43103
202606,IMPLEMENTOS_RODOVIARIOS,6072,32536,5534
202606,MOTOCICLETAS,194200,1174459,179355
202606,ONIBUS,2580,12990,2359
202607,AUTOMOVEIS,212691,1299079,181740
202607,CAMINHOES,11192,59215,10444
202607,COMERCIAIS_LEVES,53004,325661,48227
202607,IMPLEMENTOS_RODOVIARIOS,7956,40492,6271
202607,MOTOCICLETAS,199181,1373687,193166
202607,ONIBUS,2691,15682,2755
202608,AUTOMOVEIS,212876,1511916,172230
202608,CAMINHOES,9603,68819,8806
202608,COMERCIAIS_LEVES,50178,375834,42209
202608,IMPLEMENTOS_RODOVIARIOS,6567,47058,5642
202608,MOTOCICLETAS,205190,1578909,185466
202608,ONIBUS,2437,18119,2053
